{
    "dataset": "feynman_I_18_14",
    "algorithm": "RILSROLSRegressor",
    "params": {
        "complexity_penalty": 0.001,
        "error_tolerance": 1e-16,
        "max_fit_calls": 1000000,
        "max_seconds": 7200,
        "random_state": 5390
    },
    "random_state": 5390,
    "process_time": 48.609375,
    "time_time": 48.61763787269592,
    "target_noise": 0.0,
    "feature_noise": 0.0,
    "true_model": " m*r*v*sin(theta)",
    "model_size": 9,
    "symbolic_model": "x0*x1*x2*sin(x3)",
    "mse_train": 9.400043297970305e-29,
    "mae_train": 5.419911004375666e-15,
    "r2_train": 1.0,
    "mse_test": 9.17363652772283e-29,
    "mae_test": 5.369328016056885e-15,
    "r2_test": 1.0
}