{
    "dataset": "feynman_I_18_14",
    "algorithm": "RILSROLSRegressor",
    "params": {
        "complexity_penalty": 0.001,
        "error_tolerance": 1e-16,
        "max_fit_calls": 1000000,
        "max_seconds": 7200,
        "random_state": 14423
    },
    "random_state": 14423,
    "process_time": 2924.65625,
    "time_time": 2925.958871603012,
    "target_noise": 0.1,
    "feature_noise": 0.0,
    "true_model": " m*r*v*sin(theta)",
    "model_size": 54,
    "symbolic_model": "1.38653097*x0*x1*log(x2)*sin(x3) + 1.58715298*x0*x2*log(x1)*sin(x3) + 2.17058287*x1*log(x0/x3)*sin(x0*x1*log(x2))/x3 - 0.0173598/cos(x2)",
    "mse_train": 15.40100218401684,
    "mae_train": 2.6928431813615292,
    "r2_train": 0.9768295368836966,
    "mse_test": 7.028257412363761,
    "mae_test": 1.5868112727583925,
    "r2_test": 0.988933249382862
}