{
    "dataset": "feynman_I_18_14",
    "algorithm": "RILSROLSRegressor",
    "params": {
        "complexity_penalty": 0.001,
        "error_tolerance": 1e-16,
        "max_fit_calls": 1000000,
        "max_seconds": 7200,
        "random_state": 28020
    },
    "random_state": 28020,
    "process_time": 2007.71875,
    "time_time": 2011.9793677330017,
    "target_noise": 0.01,
    "feature_noise": 0.0,
    "true_model": " m*r*v*sin(theta)",
    "model_size": 9,
    "symbolic_model": "x0*x1*x2*sin(x3)",
    "mse_train": 0.06779533512045616,
    "mae_train": 0.20660319312672715,
    "r2_train": 0.9998983499756495,
    "mse_test": 9.163315418339975e-29,
    "mae_test": 5.4206505820456056e-15,
    "r2_test": 1.0
}