{
    "dataset": "feynman_I_18_14",
    "algorithm": "RILSROLSRegressor",
    "params": {
        "complexity_penalty": 0.001,
        "error_tolerance": 1e-16,
        "max_fit_calls": 1000000,
        "max_seconds": 7200,
        "random_state": 21962
    },
    "random_state": 21962,
    "process_time": 1866.703125,
    "time_time": 1867.1510553359985,
    "target_noise": 0.01,
    "feature_noise": 0.0,
    "true_model": " m*r*v*sin(theta)",
    "model_size": 9,
    "symbolic_model": "x0*x1*x2*sin(x3)",
    "mse_train": 0.06480089715288447,
    "mae_train": 0.20354975120571156,
    "r2_train": 0.999899417142477,
    "mse_test": 9.255719735598887e-29,
    "mae_test": 5.400972186847542e-15,
    "r2_test": 1.0
}