{
    "dataset": "feynman_I_18_14",
    "algorithm": "RILSROLSRegressor",
    "params": {
        "complexity_penalty": 0.001,
        "error_tolerance": 1e-16,
        "max_fit_calls": 1000000,
        "max_seconds": 7200,
        "random_state": 16850
    },
    "random_state": 16850,
    "process_time": 2335.5625,
    "time_time": 2335.9183781147003,
    "target_noise": 0.001,
    "feature_noise": 0.0,
    "true_model": " m*r*v*sin(theta)",
    "model_size": 11,
    "symbolic_model": "1.00009705*x0*x1*x2*sin(x3)",
    "mse_train": 0.0006974615715785511,
    "mae_train": 0.02111938236097102,
    "r2_train": 0.9999989580660489,
    "mse_test": 6.170716111823527e-06,
    "mae_test": 0.0018621590850406273,
    "r2_test": 0.9999999905516858
}