{
    "dataset": "feynman_I_18_14",
    "algorithm": "RILSROLSRegressor",
    "params": {
        "complexity_penalty": 0.001,
        "error_tolerance": 1e-16,
        "max_fit_calls": 1000000,
        "max_seconds": 7200,
        "random_state": 23654
    },
    "random_state": 23654,
    "process_time": 2064.53125,
    "time_time": 2079.7959954738617,
    "target_noise": 0.01,
    "feature_noise": 0.0,
    "true_model": " m*r*v*sin(theta)",
    "model_size": 11,
    "symbolic_model": "0.99846006*x0*x1*x2*sin(x3)",
    "mse_train": 0.0673759527728512,
    "mae_train": 0.20765356604115986,
    "r2_train": 0.9998964319503416,
    "mse_test": 0.0015918772067192262,
    "mae_test": 0.029792812493696662,
    "r2_test": 0.9999976200910695
}