{
    "dataset": "feynman_I_18_14",
    "algorithm": "RILSROLSRegressor",
    "params": {
        "complexity_penalty": 0.001,
        "error_tolerance": 1e-16,
        "max_fit_calls": 1000000,
        "max_seconds": 7200,
        "random_state": 4426
    },
    "random_state": 4426,
    "process_time": 2001.328125,
    "time_time": 2001.9866592884064,
    "target_noise": 0.01,
    "feature_noise": 0.0,
    "true_model": " m*r*v*sin(theta)",
    "model_size": 9,
    "symbolic_model": "x0*x1*x2*sin(x3)",
    "mse_train": 0.06581665869382317,
    "mae_train": 0.20518043924046286,
    "r2_train": 0.9998984919522976,
    "mse_test": 8.987395704941282e-29,
    "mae_test": 5.3229124797118945e-15,
    "r2_test": 1.0
}