{
    "dataset": "feynman_I_18_14",
    "algorithm": "RILSROLSRegressor",
    "params": {
        "complexity_penalty": 0.001,
        "error_tolerance": 1e-16,
        "max_fit_calls": 1000000,
        "max_seconds": 7200,
        "random_state": 28020
    },
    "random_state": 28020,
    "process_time": 6.015625,
    "time_time": 6.003002166748047,
    "target_noise": 0.0,
    "feature_noise": 0.0,
    "true_model": " m*r*v*sin(theta)",
    "model_size": 9,
    "symbolic_model": "x0*x1*x2*sin(x3)",
    "mse_train": 9.318183671905367e-29,
    "mae_train": 5.4735043320680575e-15,
    "r2_train": 1.0,
    "mse_test": 9.163315418339975e-29,
    "mae_test": 5.4206505820456056e-15,
    "r2_test": 1.0
}