{
    "dataset": "feynman_I_14_4",
    "algorithm": "RILSROLSRegressor",
    "params": {
        "complexity_penalty": 0.001,
        "error_tolerance": 1e-16,
        "max_fit_calls": 1000000,
        "max_seconds": 7200,
        "random_state": 860
    },
    "random_state": 860,
    "process_time": 2020.046875,
    "time_time": 2020.4242722988129,
    "target_noise": 0.001,
    "feature_noise": 0.0,
    "true_model": " 1/2*k_spring*x**2",
    "model_size": 8,
    "symbolic_model": "0.49999071*x0*x1**2",
    "mse_train": 0.0004090289126727928,
    "mae_train": 0.01618761039797213,
    "r2_train": 0.9999974821420319,
    "mse_test": 1.392613853536173e-07,
    "mae_test": 0.0002874786731356705,
    "r2_test": 0.9999999991508738
}