{
    "dataset": "feynman_I_14_4",
    "algorithm": "RILSROLSRegressor",
    "params": {
        "complexity_penalty": 0.001,
        "error_tolerance": 1e-16,
        "max_fit_calls": 1000000,
        "max_seconds": 7200,
        "random_state": 5390
    },
    "random_state": 5390,
    "process_time": 2049.453125,
    "time_time": 2053.907555103302,
    "target_noise": 0.01,
    "feature_noise": 0.0,
    "true_model": " 1/2*k_spring*x**2",
    "model_size": 8,
    "symbolic_model": "0.500122*x0*x1**2",
    "mse_train": 0.04023140335373928,
    "mae_train": 0.16018709583982044,
    "r2_train": 0.999753290661939,
    "mse_test": 2.3702029033323666e-05,
    "mae_test": 0.003750846709328946,
    "r2_test": 0.9999998535141776
}