{
    "dataset": "feynman_I_6_2b",
    "algorithm": "RILSROLSRegressor",
    "params": {
        "complexity_penalty": 0.001,
        "error_tolerance": 1e-16,
        "fitness_type": "FitnessType.BIC",
        "initial_sample_size": 0.01,
        "max_fit_calls": 1000000,
        "max_seconds": 7200,
        "random_perturbations_order": false,
        "random_state": 15795,
        "verbose": false
    },
    "random_state": 15795,
    "process_time": 2355.171875,
    "time_time": 2355.4231567382812,
    "target_noise": 0.001,
    "feature_noise": 0.0,
    "true_model": " exp(-((theta-theta1)/sigma)**2/2)/(sqrt(2*3.1415926535)*sigma)",
    "model_size": 34,
    "symbolic_model": "(0.2354496*cos((x1 - x2)/x0) + 0.02733941*cos(2.4674011*(x1 - x2)/x0) + 0.13621217)/x0",
    "mse_train": 5.53334062554654e-08,
    "mae_train": 0.00017971456256111372,
    "r2_train": 0.9999844273968314,
    "mse_test": 1.7382774941580517e-08,
    "mae_test": 6.449159779123495e-05,
    "r2_test": 0.9999952289551225
}