{
    "dataset": "feynman_I_6_2b",
    "algorithm": "RILSROLSRegressor",
    "params": {
        "complexity_penalty": 0.001,
        "error_tolerance": 1e-16,
        "fitness_type": "FitnessType.BIC",
        "initial_sample_size": 0.01,
        "max_fit_calls": 1000000,
        "max_seconds": 7200,
        "random_perturbations_order": false,
        "random_state": 23654,
        "verbose": false
    },
    "random_state": 23654,
    "process_time": 2521.34375,
    "time_time": 2521.49529671669,
    "target_noise": 0.001,
    "feature_noise": 0.0,
    "true_model": " exp(-((theta-theta1)/sigma)**2/2)/(sqrt(2*3.1415926535)*sigma)",
    "model_size": 21,
    "symbolic_model": "(0.287089*2**cos((x1 - x2)/x0) - 0.17540982)/x0",
    "mse_train": 1.595067950629212e-07,
    "mae_train": 0.00020744821907649072,
    "r2_train": 0.9999543663595993,
    "mse_test": 1.4155550440075868e-07,
    "mae_test": 0.00010747064723194278,
    "r2_test": 0.9999609150258262
}