{
    "dataset": "feynman_test_16",
    "algorithm": "RILSROLSRegressor",
    "params": {
        "complexity_penalty": 0.001,
        "error_tolerance": 1e-16,
        "fitness_type": "FitnessType.BIC",
        "initial_sample_size": 0.01,
        "max_fit_calls": 1000000,
        "max_seconds": 7200,
        "random_perturbations_order": false,
        "random_state": 15795,
        "verbose": false
    },
    "random_state": 15795,
    "process_time": 3024.328125,
    "time_time": 3024.598985671997,
    "target_noise": 0.001,
    "feature_noise": 0.0,
    "true_model": " sqrt((p-q*A_vec)**2*c**2+m**2*c**4)+q*Volt",
    "model_size": 68,
    "symbolic_model": "(x0*x1**3*x3**2*x4**2 + x1*x2*x3**3*x4**2 + x1*x3**3*x4**3 + x1*x3**3*x4**2*x5 + x1*x3**2*x4**3)/(x0 + x2/x3)",
    "mse_train": 172909960.5738344,
    "mae_train": 6858.958172726373,
    "r2_train": -212162.65371194872,
    "mse_test": 184154062.81280875,
    "mae_test": 6974.162121309633,
    "r2_test": -225957.52607683514
}