{
    "dataset": "feynman_test_16",
    "algorithm": "RILSROLSRegressor",
    "params": {
        "complexity_penalty": 0.001,
        "error_tolerance": 1e-16,
        "fitness_type": "FitnessType.BIC",
        "initial_sample_size": 0.01,
        "max_fit_calls": 1000000,
        "max_seconds": 7200,
        "random_perturbations_order": false,
        "random_state": 14423,
        "verbose": false
    },
    "random_state": 14423,
    "process_time": 3106.46875,
    "time_time": 3108.598291873932,
    "target_noise": 0.0,
    "feature_noise": 0.0,
    "true_model": " sqrt((p-q*A_vec)**2*c**2+m**2*c**4)+q*Volt",
    "model_size": 40,
    "symbolic_model": "0.98502171*x0*x1**2 + 0.18795617*x3**2*x4**2/(x0/x1 + x2/(x2 + 1)**0.5) + 0.97210215*x3*x5",
    "mse_train": 4.875297663691652,
    "mae_train": 1.18497251317105,
    "r2_train": 0.9939463203570569,
    "mse_test": 4.380932555626178,
    "mae_test": 1.159329024790525,
    "r2_test": 0.9946319776367046
}