{
    "dataset": "feynman_test_16",
    "algorithm": "RILSROLSRegressor",
    "params": {
        "complexity_penalty": 0.001,
        "error_tolerance": 1e-16,
        "fitness_type": "FitnessType.BIC",
        "initial_sample_size": 0.01,
        "max_fit_calls": 1000000,
        "max_seconds": 7200,
        "random_perturbations_order": false,
        "random_state": 29910,
        "verbose": false
    },
    "random_state": 29910,
    "process_time": 3104.671875,
    "time_time": 3105.0716292858124,
    "target_noise": 0.0,
    "feature_noise": 0.0,
    "true_model": " sqrt((p-q*A_vec)**2*c**2+m**2*c**4)+q*Volt",
    "model_size": 44,
    "symbolic_model": "0.98214371*x0*x1**2 - 0.78346618*x2 + 0.19231762*x3**2*x4**2*(x1/(x0*(x2 + 3.14159265)))**0.5 + 0.99786817*x3*x5 + 2.15981852",
    "mse_train": 2.4974209228142175,
    "mae_train": 0.8516837384253871,
    "r2_train": 0.9970041894733421,
    "mse_test": 2.2027499913726403,
    "mae_test": 0.8308399058947499,
    "r2_test": 0.9973202297618006
}