{
    "dataset": "feynman_test_16",
    "algorithm": "RILSROLSRegressor",
    "params": {
        "complexity_penalty": 0.001,
        "error_tolerance": 1e-16,
        "fitness_type": "FitnessType.BIC",
        "initial_sample_size": 0.01,
        "max_fit_calls": 1000000,
        "max_seconds": 7200,
        "random_perturbations_order": false,
        "random_state": 23654,
        "verbose": false
    },
    "random_state": 23654,
    "process_time": 3028.734375,
    "time_time": 3029.3093135356903,
    "target_noise": 0.001,
    "feature_noise": 0.0,
    "true_model": " sqrt((p-q*A_vec)**2*c**2+m**2*c**4)+q*Volt",
    "model_size": 44,
    "symbolic_model": "0.98471626*x0*x1**2 + 0.94574485*x3*x5 + 0.1468651*(x1/(x0*x3))**0.5*(-x2 + x3*x4 + x3 - 0.5)**2 + 0.35579328",
    "mse_train": 1.435984798254144,
    "mae_train": 0.6673841305366419,
    "r2_train": 0.998268712913362,
    "mse_test": 1.4990719188313786,
    "mae_test": 0.6687470388694616,
    "r2_test": 0.9981492770668944
}