{
    "dataset": "feynman_test_16",
    "algorithm": "RILSROLSRegressor",
    "params": {
        "complexity_penalty": 0.001,
        "error_tolerance": 1e-16,
        "fitness_type": "FitnessType.BIC",
        "initial_sample_size": 0.01,
        "max_fit_calls": 1000000,
        "max_seconds": 7200,
        "random_perturbations_order": false,
        "random_state": 23654,
        "verbose": false
    },
    "random_state": 23654,
    "process_time": 3009.359375,
    "time_time": 3009.596369743347,
    "target_noise": 0.0,
    "feature_noise": 0.0,
    "true_model": " sqrt((p-q*A_vec)**2*c**2+m**2*c**4)+q*Volt",
    "model_size": 44,
    "symbolic_model": "0.98496951*x0*x1**2 + 0.94197594*x3*x5 + 0.1546105*(x1/(x0*x3))**0.5*(-x2 + x3*x4 + x3 - 1)**2 + 0.67715183",
    "mse_train": 1.5322062543069297,
    "mae_train": 0.6577433782818547,
    "r2_train": 0.9981525761295793,
    "mse_test": 1.6114188782663679,
    "mae_test": 0.6626178771872742,
    "r2_test": 0.9980105758533775
}