{
    "dataset": "feynman_III_4_33",
    "algorithm": "RILSROLSRegressor",
    "params": {
        "complexity_penalty": 0.001,
        "error_tolerance": 1e-16,
        "fitness_type": "FitnessType.BIC",
        "initial_sample_size": 0.01,
        "max_fit_calls": 1000000,
        "max_seconds": 7200,
        "random_perturbations_order": false,
        "random_state": 28020,
        "verbose": false
    },
    "random_state": 28020,
    "process_time": 2744.984375,
    "time_time": 2746.1476771831512,
    "target_noise": 0.0,
    "feature_noise": 0.0,
    "true_model": " (h/(2*3.1415926535))*omega/(exp((h/(2*3.1415926535))*omega/(kb*T))-1)",
    "model_size": 47,
    "symbolic_model": "0.00796533*x0**2*x1**2/(x2 + x3)**2 - 0.07892765*x0*x1 + 0.0004582*x1**2*x2/x3 - 0.00293607*x1*log(x2) + 1.00016428*x2*x3",
    "mse_train": 2.9858542592265258e-05,
    "mae_train": 0.0026147684707082896,
    "r2_train": 0.999998855083428,
    "mse_test": 3.6011529790442654e-05,
    "mae_test": 0.0027461758688010337,
    "r2_test": 0.9999986096363414
}