{
    "dataset": "feynman_I_48_2",
    "algorithm": "RILSROLSRegressor",
    "params": {
        "complexity_penalty": 0.001,
        "error_tolerance": 1e-16,
        "max_fit_calls": 1000000,
        "max_seconds": 7200,
        "random_state": 4426
    },
    "random_state": 4426,
    "process_time": 2530.015625,
    "time_time": 2530.0657227039337,
    "target_noise": 0.0,
    "feature_noise": 0.0,
    "true_model": " m*c**2/sqrt(1-v**2/c**2)",
    "model_size": 32,
    "symbolic_model": "-0.10620994*x0*x1**3/(x1 - 0.9*x2) + 0.48285016*x0*x1**2 + 1.00009275*x0*x2**2",
    "mse_train": 9.056573421329446e-05,
    "mae_train": 0.0041135732476286465,
    "r2_train": 0.9999999911435224,
    "mse_test": 7.687550967954501e-05,
    "mae_test": 0.004033313271811061,
    "r2_test": 0.9999999924271514
}