{
    "dataset": "feynman_I_48_2",
    "algorithm": "RILSROLSRegressor",
    "params": {
        "complexity_penalty": 0.001,
        "error_tolerance": 1e-16,
        "max_fit_calls": 1000000,
        "max_seconds": 7200,
        "random_state": 4426
    },
    "random_state": 4426,
    "process_time": 2579.1875,
    "time_time": 2580.2414786815643,
    "target_noise": 0.01,
    "feature_noise": 0.0,
    "true_model": " m*c**2/sqrt(1-v**2/c**2)",
    "model_size": 43,
    "symbolic_model": "0.71901777*x0*x1**2 + 0.99272492*x0*x2**2 + 0.28276513*x1**3*sin(3.14159265*x0/x1 - x1*x2 + 0.09983342*x2 + 1)",
    "mse_train": 4.252101386190764,
    "mae_train": 1.645793526099129,
    "r2_train": 0.9995841143005832,
    "mse_test": 1.2034174842670946,
    "mae_test": 0.8454713893197331,
    "r2_test": 0.9998814538151949
}