{
    "dataset": "feynman_I_48_2",
    "algorithm": "RILSROLSRegressor",
    "params": {
        "complexity_penalty": 0.001,
        "error_tolerance": 1e-16,
        "max_fit_calls": 1000000,
        "max_seconds": 7200,
        "random_state": 23654
    },
    "random_state": 23654,
    "process_time": 2542.96875,
    "time_time": 2543.0919218063354,
    "target_noise": 0.0,
    "feature_noise": 0.0,
    "true_model": " m*c**2/sqrt(1-v**2/c**2)",
    "model_size": 32,
    "symbolic_model": "-0.10846927*x0*x1**3/(x1 - 0.9*x2) + 0.48127538*x0*x1**2 + 1.00012248*x0*x2**2",
    "mse_train": 8.111289757880283e-05,
    "mae_train": 0.0029962044387864266,
    "r2_train": 0.9999999920246094,
    "mse_test": 8.842013530607523e-05,
    "mae_test": 0.0030989070734252005,
    "r2_test": 0.9999999913746318
}