{
    "dataset": "feynman_I_48_2",
    "algorithm": "RILSROLSRegressor",
    "params": {
        "complexity_penalty": 0.001,
        "error_tolerance": 1e-16,
        "max_fit_calls": 1000000,
        "max_seconds": 7200,
        "random_state": 860
    },
    "random_state": 860,
    "process_time": 2515.078125,
    "time_time": 2517.9453642368317,
    "target_noise": 0.01,
    "feature_noise": 0.0,
    "true_model": " m*c**2/sqrt(1-v**2/c**2)",
    "model_size": 62,
    "symbolic_model": "1.00280637*x0*x2**2 + 0.40903102*x1*exp(x1)*log(x0) - 0.3243602*x2 + 1.03088072*log(x0)*cos(0.08333333*(x1 + 1)**12*(x2 + 1)**2 + 0.08333333*(x1 + 1)**12 + (x2 + 1)**(x2 + 2) + 0.08333333) + 2.61750971",
    "mse_train": 3.995704104476382,
    "mae_train": 1.5953163912003774,
    "r2_train": 0.9996131056173766,
    "mse_test": 0.9112698821356252,
    "mae_test": 0.7922279364247079,
    "r2_test": 0.9999122598780482
}