{
    "dataset": "feynman_I_48_2",
    "algorithm": "RILSROLSRegressor",
    "params": {
        "complexity_penalty": 0.001,
        "error_tolerance": 1e-16,
        "max_fit_calls": 1000000,
        "max_seconds": 7200,
        "random_state": 16850
    },
    "random_state": 16850,
    "process_time": 2442.46875,
    "time_time": 2442.8736696243286,
    "target_noise": 0.001,
    "feature_noise": 0.0,
    "true_model": " m*c**2/sqrt(1-v**2/c**2)",
    "model_size": 37,
    "symbolic_model": "0.53208359*x0*x1**2 + 0.99970158*x0*x2**2 - 0.12135309*log(x0 - 1)*sin(x2) + 144.64965765*log(x1)**3/x2**3",
    "mse_train": 0.05955472165341227,
    "mae_train": 0.179304746854486,
    "r2_train": 0.999994322359087,
    "mse_test": 0.02671599592476115,
    "mae_test": 0.0953829876025449,
    "r2_test": 0.9999974024072972
}