{
    "dataset": "feynman_II_24_17",
    "algorithm": "RILSROLSRegressor",
    "params": {
        "complexity_penalty": 0.001,
        "error_tolerance": 1e-16,
        "fitness_type": "FitnessType.BIC",
        "initial_sample_size": 0.01,
        "max_fit_calls": 1000000,
        "max_seconds": 7200,
        "random_perturbations_order": false,
        "random_state": 23654,
        "verbose": false
    },
    "random_state": 23654,
    "process_time": 2838.453125,
    "time_time": 2851.4878046512604,
    "target_noise": 0.0,
    "feature_noise": 0.0,
    "true_model": " sqrt(omega**2/c**2-3.1415926535**2/d**2)",
    "model_size": 28,
    "symbolic_model": "1.00536969*x0/x1 + 1.37618155/(-0.64*x2 + x1/x0) + 1.98732614/x2",
    "mse_train": 3.9246921310369136e-07,
    "mae_train": 0.0004607514919056606,
    "r2_train": 0.9999994812708755,
    "mse_test": 3.762742602519289e-07,
    "mae_test": 0.0004529399489703538,
    "r2_test": 0.9999994941949115
}