{
    "dataset": "feynman_II_24_17",
    "algorithm": "RILSROLSRegressor",
    "params": {
        "complexity_penalty": 0.001,
        "error_tolerance": 1e-16,
        "fitness_type": "FitnessType.BIC",
        "initial_sample_size": 0.01,
        "max_fit_calls": 1000000,
        "max_seconds": 7200,
        "random_perturbations_order": false,
        "random_state": 23654,
        "verbose": false
    },
    "random_state": 23654,
    "process_time": 2682.671875,
    "time_time": 2682.9138062000275,
    "target_noise": 0.001,
    "feature_noise": 0.0,
    "true_model": " sqrt(omega**2/c**2-3.1415926535**2/d**2)",
    "model_size": 41,
    "symbolic_model": "0.99851677*x0/x1 + 0.01085929 + 5.85338199/((x1 + x2)*(0.5*x0 - x0/(x1*sin(1/x2)) + 0.25))",
    "mse_train": 2.248338091862665e-05,
    "mae_train": 0.003435373795878261,
    "r2_train": 0.9999702827456413,
    "mse_test": 1.0455195567011037e-05,
    "mae_test": 0.0016245949790254727,
    "r2_test": 0.9999859456474252
}