{
    "dataset": "feynman_II_24_17",
    "algorithm": "RILSROLSRegressor",
    "params": {
        "complexity_penalty": 0.001,
        "error_tolerance": 1e-16,
        "fitness_type": "FitnessType.BIC",
        "initial_sample_size": 0.01,
        "max_fit_calls": 1000000,
        "max_seconds": 7200,
        "random_perturbations_order": false,
        "random_state": 21962,
        "verbose": false
    },
    "random_state": 21962,
    "process_time": 2780.3125,
    "time_time": 2780.5290575027466,
    "target_noise": 0.0,
    "feature_noise": 0.0,
    "true_model": " sqrt(omega**2/c**2-3.1415926535**2/d**2)",
    "model_size": 44,
    "symbolic_model": "4.10653727*x0/(x0*x2 + x1) + 1.00028061*x0/x1 - 4.03292858/x2 - 0.08073136*(x0*x2 + x1)**10/(x0**10*x2**11)",
    "mse_train": 4.0203468826096665e-08,
    "mae_train": 4.52629400345004e-05,
    "r2_train": 0.999999945667972,
    "mse_test": 4.35744127888012e-08,
    "mae_test": 4.75978540176612e-05,
    "r2_test": 0.9999999408433651
}