{
    "dataset": "feynman_II_27_16",
    "algorithm": "RILSROLSRegressor",
    "params": {
        "complexity_penalty": 0.001,
        "error_tolerance": 1e-16,
        "max_fit_calls": 1000000,
        "max_seconds": 7200,
        "random_state": 860
    },
    "random_state": 860,
    "process_time": 2128.15625,
    "time_time": 2128.450754404068,
    "target_noise": 0.001,
    "feature_noise": 0.0,
    "true_model": " epsilon*c*Ef**2",
    "model_size": 8,
    "symbolic_model": "x0*x1*x2**2",
    "mse_train": 0.01640404351445423,
    "mae_train": 0.10252083594412784,
    "r2_train": 0.9999978623416642,
    "mse_test": 1.6499262767070347e-27,
    "mae_test": 2.080019712025205e-14,
    "r2_test": 1.0
}