{
    "dataset": "feynman_II_27_16",
    "algorithm": "RILSROLSRegressor",
    "params": {
        "complexity_penalty": 0.001,
        "error_tolerance": 1e-16,
        "max_fit_calls": 1000000,
        "max_seconds": 7200,
        "random_state": 14423
    },
    "random_state": 14423,
    "process_time": 2433.671875,
    "time_time": 2434.943608522415,
    "target_noise": 0.01,
    "feature_noise": 0.0,
    "true_model": " epsilon*c*Ef**2",
    "model_size": 37,
    "symbolic_model": "1.00417308*x0*x1*x2**2 - 0.22707157*x2 - 0.01475739*sin(x0)/cos(x1) - 0.29222703*x2**2*cos(x1)/x0**2",
    "mse_train": 4.453313654548848,
    "mae_train": 1.2120831966014065,
    "r2_train": 0.9994746845559837,
    "mse_test": 6.792786346179507,
    "mae_test": 0.4571298780888109,
    "r2_test": 0.9991399053513017
}