{
    "dataset": "feynman_II_27_16",
    "algorithm": "RILSROLSRegressor",
    "params": {
        "complexity_penalty": 0.001,
        "error_tolerance": 1e-16,
        "max_fit_calls": 1000000,
        "max_seconds": 7200,
        "random_state": 29910
    },
    "random_state": 29910,
    "process_time": 2260.828125,
    "time_time": 2287.8289732933044,
    "target_noise": 0.01,
    "feature_noise": 0.0,
    "true_model": " epsilon*c*Ef**2",
    "model_size": 32,
    "symbolic_model": "1.00070059*x0*x1*x2**2 - 0.16898995*x1*(cos(x2**3 + 100) + 1)**0.5*log(x0*x2) + 0.90798354",
    "mse_train": 2.096445122581219,
    "mae_train": 1.1515250589341046,
    "r2_train": 0.9997392796122291,
    "mse_test": 0.4191248069705889,
    "mae_test": 0.5318390923716443,
    "r2_test": 0.9999465654731303
}