{
    "dataset": "feynman_II_27_16",
    "algorithm": "RILSROLSRegressor",
    "params": {
        "complexity_penalty": 0.001,
        "error_tolerance": 1e-16,
        "max_fit_calls": 1000000,
        "max_seconds": 7200,
        "random_state": 21962
    },
    "random_state": 21962,
    "process_time": 4.359375,
    "time_time": 4.359040260314941,
    "target_noise": 0.0,
    "feature_noise": 0.0,
    "true_model": " epsilon*c*Ef**2",
    "model_size": 8,
    "symbolic_model": "x0*x1*x2**2",
    "mse_train": 1.6490175799417015e-27,
    "mae_train": 2.090057016346236e-14,
    "r2_train": 1.0,
    "mse_test": 1.63652531669728e-27,
    "mae_test": 2.068164306479048e-14,
    "r2_test": 1.0
}