{
    "dataset": "feynman_II_21_32",
    "algorithm": "RILSROLSRegressor",
    "params": {
        "complexity_penalty": 0.001,
        "error_tolerance": 1e-16,
        "fitness_type": "FitnessType.BIC",
        "initial_sample_size": 0.01,
        "max_fit_calls": 1000000,
        "max_seconds": 7200,
        "random_perturbations_order": false,
        "random_state": 23654,
        "verbose": false
    },
    "random_state": 23654,
    "process_time": 2695.15625,
    "time_time": 2695.3180463314056,
    "target_noise": 0.001,
    "feature_noise": 0.0,
    "true_model": " q/(4*3.1415926535*epsilon*r*(1-v/c))",
    "model_size": 26,
    "symbolic_model": "x0*(1.93683099000003e-5*x3 - 0.07957874*x4)/(x1*x2*(x3 - x4))",
    "mse_train": 5.34072828507589e-09,
    "mae_train": 5.8464083708777595e-05,
    "r2_train": 0.9999977442952368,
    "mse_test": 2.1366483228553227e-11,
    "mae_test": 2.7428532095928397e-06,
    "r2_test": 0.9999999907489729
}