{
    "dataset": "feynman_II_21_32",
    "algorithm": "RILSROLSRegressor",
    "params": {
        "complexity_penalty": 0.001,
        "error_tolerance": 1e-16,
        "fitness_type": "FitnessType.BIC",
        "initial_sample_size": 0.01,
        "max_fit_calls": 1000000,
        "max_seconds": 7200,
        "random_perturbations_order": false,
        "random_state": 15795,
        "verbose": false
    },
    "random_state": 15795,
    "process_time": 2603.359375,
    "time_time": 2603.5633261203766,
    "target_noise": 0.001,
    "feature_noise": 0.0,
    "true_model": " q/(4*3.1415926535*epsilon*r*(1-v/c))",
    "model_size": 26,
    "symbolic_model": "x0*(7.33052106999948e-5*x3 - 0.07959314*x4)/(x1*x2*(x3 - x4))",
    "mse_train": 5.429550475453779e-09,
    "mae_train": 5.888578447167092e-05,
    "r2_train": 0.9999977697852104,
    "mse_test": 1.0626562983563068e-10,
    "mae_test": 4.753844982516663e-06,
    "r2_test": 0.9999999553801064
}