{
    "dataset": "feynman_I_13_4",
    "algorithm": "RILSROLSRegressor",
    "params": {
        "complexity_penalty": 0.001,
        "error_tolerance": 1e-16,
        "max_fit_calls": 1000000,
        "max_seconds": 7200,
        "random_state": 5390
    },
    "random_state": 5390,
    "process_time": 3219.578125,
    "time_time": 3221.279874563217,
    "target_noise": 0.1,
    "feature_noise": 0.0,
    "true_model": " 1/2*m*(v**2+u**2+w**2)",
    "model_size": 74,
    "symbolic_model": "0.35435142*x0*x1**2 + 5.90094365*x0*log(x3)**2 + 0.61032057*x1**2 - 0.0313703*x1**2/cos(x0*x1) + 1.43700753*x2**2*log(x0) - 20.06499435 + 6.72586136*cos(x0*x3)/x3 + 24.2550144/x3 + 23.69643267/(x0*x1)",
    "mse_train": 2970.731843643588,
    "mae_train": 6.651112090173955,
    "r2_train": -3.096170148467575,
    "mse_test": 156.98274666969854,
    "mae_test": 3.335848806728422,
    "r2_test": 0.7726290871496764
}