{
    "dataset": "feynman_I_13_4",
    "algorithm": "RILSROLSRegressor",
    "params": {
        "complexity_penalty": 0.001,
        "error_tolerance": 1e-16,
        "max_fit_calls": 1000000,
        "max_seconds": 7200,
        "random_state": 21962
    },
    "random_state": 21962,
    "process_time": 26.28125,
    "time_time": 26.270253896713257,
    "target_noise": 0.0,
    "feature_noise": 0.0,
    "true_model": " 1/2*m*(v**2+u**2+w**2)",
    "model_size": 16,
    "symbolic_model": "0.5*x0*(x1**2 + x2**2 + x3**2)",
    "mse_train": 1.6534633041806875e-28,
    "mae_train": 8.008571583673074e-15,
    "r2_train": 1.0,
    "mse_test": 1.5481414986484987e-28,
    "mae_test": 7.816023384066284e-15,
    "r2_test": 1.0
}