{
    "dataset": "feynman_I_39_11",
    "algorithm": "RILSROLSRegressor",
    "params": {
        "complexity_penalty": 0.001,
        "error_tolerance": 1e-16,
        "max_fit_calls": 1000000,
        "max_seconds": 7200,
        "random_state": 23654
    },
    "random_state": 23654,
    "process_time": 6.65625,
    "time_time": 6.6560328006744385,
    "target_noise": 0.0,
    "feature_noise": 0.0,
    "true_model": " 1/(gamma-1)*pr*V",
    "model_size": 14,
    "symbolic_model": "-x1*x2/(1 - x0)",
    "mse_train": 2.2313824335670515e-30,
    "mae_train": 8.657519146026971e-16,
    "r2_train": 1.0,
    "mse_test": 2.1799044523802393e-30,
    "mae_test": 8.505862680863175e-16,
    "r2_test": 1.0
}