{
    "dataset": "feynman_I_39_11",
    "algorithm": "RILSROLSRegressor",
    "params": {
        "complexity_penalty": 0.001,
        "error_tolerance": 1e-16,
        "max_fit_calls": 1000000,
        "max_seconds": 7200,
        "random_state": 15795
    },
    "random_state": 15795,
    "process_time": 2106.375,
    "time_time": 2107.0339772701263,
    "target_noise": 0.01,
    "feature_noise": 0.0,
    "true_model": " 1/(gamma-1)*pr*V",
    "model_size": 10,
    "symbolic_model": "x1*x2/(x0 - 1)",
    "mse_train": 0.002650141711215885,
    "mae_train": 0.04110346079062449,
    "r2_train": 0.9997178298633485,
    "mse_test": 2.09645738997128e-30,
    "mae_test": 8.408407303761578e-16,
    "r2_test": 1.0
}