{
    "dataset": "feynman_I_39_11",
    "algorithm": "RILSROLSRegressor",
    "params": {
        "complexity_penalty": 0.001,
        "error_tolerance": 1e-16,
        "max_fit_calls": 1000000,
        "max_seconds": 7200,
        "random_state": 21962
    },
    "random_state": 21962,
    "process_time": 4.21875,
    "time_time": 4.221175670623779,
    "target_noise": 0.0,
    "feature_noise": 0.0,
    "true_model": " 1/(gamma-1)*pr*V",
    "model_size": 14,
    "symbolic_model": "-x1*x2/(1 - x0)",
    "mse_train": 2.2897550590654953e-30,
    "mae_train": 8.533951323386191e-16,
    "r2_train": 1.0,
    "mse_test": 2.147161917692426e-30,
    "mae_test": 8.506817472664352e-16,
    "r2_test": 1.0
}