{
    "dataset": "feynman_I_39_11",
    "algorithm": "RILSROLSRegressor",
    "params": {
        "complexity_penalty": 0.001,
        "error_tolerance": 1e-16,
        "max_fit_calls": 1000000,
        "max_seconds": 7200,
        "random_state": 4426
    },
    "random_state": 4426,
    "process_time": 2676.078125,
    "time_time": 2711.849263906479,
    "target_noise": 0.1,
    "feature_noise": 0.0,
    "true_model": " 1/(gamma-1)*pr*V",
    "model_size": 12,
    "symbolic_model": "1.05369536*x1*x2/(x0 - 0.9)",
    "mse_train": 0.2904819112457432,
    "mae_train": 0.43098047374548143,
    "r2_train": 0.970735642554063,
    "mse_test": 0.012065019651192352,
    "mae_test": 0.07094257258667291,
    "r2_test": 0.998669267273112
}