{
    "dataset": "feynman_test_6",
    "algorithm": "RILSROLSRegressor",
    "params": {
        "complexity_penalty": 0.001,
        "error_tolerance": 1e-16,
        "fitness_type": "FitnessType.BIC",
        "initial_sample_size": 0.01,
        "max_fit_calls": 1000000,
        "max_seconds": 7200,
        "random_perturbations_order": false,
        "random_state": 16850,
        "verbose": false
    },
    "random_state": 16850,
    "process_time": 3117.859375,
    "time_time": 3118.167956352234,
    "target_noise": 0.0,
    "feature_noise": 0.0,
    "true_model": " sqrt(1+2*epsilon**2*E_n*L**2/(m*(Z_1*Z_2*q**2)**2))",
    "model_size": 47,
    "symbolic_model": "17.98788411*x1*log(x0)*sin(x5**(-3))/(x4*(x2/x6 + x3)**2) + 0.9812097 - 5.90129238*log(x0)/(x5**3*(x2/x6 + x3)**2)",
    "mse_train": 0.007245426488937091,
    "mae_train": 0.03788251851783454,
    "r2_train": 0.962858459817261,
    "mse_test": 0.0066433559264243,
    "mae_test": 0.03838911057574295,
    "r2_test": 0.9687606596025381
}