{
    "dataset": "feynman_test_6",
    "algorithm": "RILSROLSRegressor",
    "params": {
        "complexity_penalty": 0.001,
        "error_tolerance": 1e-16,
        "fitness_type": "FitnessType.BIC",
        "initial_sample_size": 0.01,
        "max_fit_calls": 1000000,
        "max_seconds": 7200,
        "random_perturbations_order": false,
        "random_state": 15795,
        "verbose": false
    },
    "random_state": 15795,
    "process_time": 3226.03125,
    "time_time": 3226.4541716575623,
    "target_noise": 0.0,
    "feature_noise": 0.0,
    "true_model": " sqrt(1+2*epsilon**2*E_n*L**2/(m*(Z_1*Z_2*q**2)**2))",
    "model_size": 54,
    "symbolic_model": "4.77536865*x1*exp(x0)**0.5*sin((x2*sin(1/x6) + x3*x4)**(-2))/x5**3 - 313.3187182*x2**2*sin(1/(x5*(x2*x5 + x2 + x3*x4)**2))**2 + 0.97248685",
    "mse_train": 0.004113266380513547,
    "mae_train": 0.031710629369187816,
    "r2_train": 0.9804062067054873,
    "mse_test": 0.00418338844594593,
    "mae_test": 0.03201185894655319,
    "r2_test": 0.9797076275908316
}