{
    "dataset": "feynman_test_6",
    "algorithm": "RILSROLSRegressor",
    "params": {
        "complexity_penalty": 0.001,
        "error_tolerance": 1e-16,
        "fitness_type": "FitnessType.BIC",
        "initial_sample_size": 0.01,
        "max_fit_calls": 1000000,
        "max_seconds": 7200,
        "random_perturbations_order": false,
        "random_state": 21962,
        "verbose": false
    },
    "random_state": 21962,
    "process_time": 4980.90625,
    "time_time": 4981.782470703125,
    "target_noise": 0.0,
    "feature_noise": 0.0,
    "true_model": " sqrt(1+2*epsilon**2*E_n*L**2/(m*(Z_1*Z_2*q**2)**2))",
    "model_size": 110,
    "symbolic_model": "x0**3*x1**2*x6/(x2*x3*x4**3*x5**6*(x3 + x3/x1)**2) + x0**3*x1*x4**x4*x6/(x2*x4**3*x5**6) + x0**2*x1**2*x6/(x2*x3*x4*x5**2) + x0*x1**3*x6/(x3*x4*x5**2) + x5 + 1",
    "mse_train": 213.98235605272987,
    "mae_train": 9.313858986560689,
    "r2_train": -1068.8591312705466,
    "mse_test": 215.94950316566567,
    "mae_test": 9.312288304303689,
    "r2_test": -1095.1803014639627
}