{
    "dataset": "feynman_test_6",
    "algorithm": "RILSROLSRegressor",
    "params": {
        "complexity_penalty": 0.001,
        "error_tolerance": 1e-16,
        "fitness_type": "FitnessType.BIC",
        "initial_sample_size": 0.01,
        "max_fit_calls": 1000000,
        "max_seconds": 7200,
        "random_perturbations_order": false,
        "random_state": 14423,
        "verbose": false
    },
    "random_state": 14423,
    "process_time": 3101.0625,
    "time_time": 3103.193639755249,
    "target_noise": 0.0,
    "feature_noise": 0.0,
    "true_model": " sqrt(1+2*epsilon**2*E_n*L**2/(m*(Z_1*Z_2*q**2)**2))",
    "model_size": 44,
    "symbolic_model": "8.26587962*x0*x1*sin(x5**(-3))/(x3*(x2/x6**0.5 + x4)**2) + 0.96525043 - 3.94756718/(x5**3*(x2 + 0.2*x3 + log(x4))**2)",
    "mse_train": 0.004811615517368848,
    "mae_train": 0.03697125904011187,
    "r2_train": 0.9788094185478671,
    "mse_test": 0.004528395529925847,
    "mae_test": 0.036858137229599935,
    "r2_test": 0.9780321860819418
}