{
    "dataset": "strogatz_lv2",
    "algorithm": "RILSROLSRegressor",
    "params": {
        "complexity_penalty": 0.001,
        "error_tolerance": 1e-16,
        "max_fit_calls": 1000000,
        "max_seconds": 7200,
        "random_state": 16850
    },
    "random_state": 16850,
    "process_time": 93.734375,
    "time_time": 93.76049399375916,
    "target_noise": 0.0,
    "feature_noise": 0.0,
    "true_model": " 2 * y - x * y - y**2",
    "model_size": 16,
    "symbolic_model": "-x0*x1 - x1**2 + 2*x1",
    "mse_train": 2.1290999270769674e-29,
    "mae_train": 3.413263279149782e-15,
    "r2_train": 1.0,
    "mse_test": 1.7586833850507392e-29,
    "mae_test": 3.0314162638434007e-15,
    "r2_test": 1.0
}