{
    "dataset": "strogatz_lv2",
    "algorithm": "RILSROLSRegressor",
    "params": {
        "complexity_penalty": 0.001,
        "error_tolerance": 1e-16,
        "max_fit_calls": 1000000,
        "max_seconds": 7200,
        "random_state": 15795
    },
    "random_state": 15795,
    "process_time": 5.296875,
    "time_time": 5.430475950241089,
    "target_noise": 0.0,
    "feature_noise": 0.0,
    "true_model": " 2 * y - x * y - y**2",
    "model_size": 16,
    "symbolic_model": "-x0*x1 - x1**2 + 2*x1",
    "mse_train": 1.9559801922267497e-29,
    "mae_train": 3.2613766062422035e-15,
    "r2_train": 1.0,
    "mse_test": 2.2780425896013919e-29,
    "mae_test": 3.487076282566136e-15,
    "r2_test": 1.0
}