{
    "dataset": "strogatz_lv2",
    "algorithm": "RILSROLSRegressor",
    "params": {
        "complexity_penalty": 0.001,
        "error_tolerance": 1e-16,
        "max_fit_calls": 1000000,
        "max_seconds": 7200,
        "random_state": 16850
    },
    "random_state": 16850,
    "process_time": 1900.328125,
    "time_time": 1900.574380159378,
    "target_noise": 0.01,
    "feature_noise": 0.0,
    "true_model": " 2 * y - x * y - y**2",
    "model_size": 11,
    "symbolic_model": "-1.06985543*x1*sin(x0 + x1 - 2)",
    "mse_train": 0.7297559021984817,
    "mae_train": 0.0719429072129908,
    "r2_train": -0.07442268539800367,
    "mse_test": 2.010752048967604,
    "mae_test": 0.17455359551865754,
    "r2_test": 0.2560652653867914
}