{
    "dataset": "strogatz_lv2",
    "algorithm": "RILSROLSRegressor",
    "params": {
        "complexity_penalty": 0.001,
        "error_tolerance": 1e-16,
        "max_fit_calls": 1000000,
        "max_seconds": 7200,
        "random_state": 28020
    },
    "random_state": 28020,
    "process_time": 1945.90625,
    "time_time": 1946.3551988601685,
    "target_noise": 0.1,
    "feature_noise": 0.0,
    "true_model": " 2 * y - x * y - y**2",
    "model_size": 15,
    "symbolic_model": "-1.0703458*x0*x1 - 2.3796315*sin(x1 + 10) - 1.28283117",
    "mse_train": 0.007654659356764692,
    "mae_train": 0.06889411911211119,
    "r2_train": 0.988503459343846,
    "mse_test": 0.013303516765192125,
    "mae_test": 0.023020344436069547,
    "r2_test": 0.9951342674068132
}