{
    "dataset": "feynman_I_10_7",
    "algorithm": "RILSROLSRegressor",
    "params": {
        "complexity_penalty": 0.001,
        "error_tolerance": 1e-16,
        "fitness_type": "FitnessType.BIC",
        "initial_sample_size": 0.01,
        "max_fit_calls": 1000000,
        "max_seconds": 7200,
        "random_perturbations_order": false,
        "random_state": 23654,
        "verbose": false
    },
    "random_state": 23654,
    "process_time": 2417.578125,
    "time_time": 2418.4875497817993,
    "target_noise": 0.001,
    "feature_noise": 0.0,
    "true_model": " m_0/sqrt(1-v**2/c**2)",
    "model_size": 24,
    "symbolic_model": "0.49351349*x0*x1**2/(-0.8*x1**2 + x2**2) + 1.00016752*x0",
    "mse_train": 1.1796160783093652e-05,
    "mae_train": 0.0027446265435302486,
    "r2_train": 0.9999920618957677,
    "mse_test": 4.1684373766263554e-07,
    "mae_test": 0.00047559196572469204,
    "r2_test": 0.9999997171348107
}