{
    "dataset": "feynman_I_10_7",
    "algorithm": "RILSROLSRegressor",
    "params": {
        "complexity_penalty": 0.001,
        "error_tolerance": 1e-16,
        "fitness_type": "FitnessType.BIC",
        "initial_sample_size": 0.01,
        "max_fit_calls": 1000000,
        "max_seconds": 7200,
        "random_perturbations_order": false,
        "random_state": 15795,
        "verbose": false
    },
    "random_state": 15795,
    "process_time": 2792.921875,
    "time_time": 2793.5531721115112,
    "target_noise": 0.0,
    "feature_noise": 0.0,
    "true_model": " m_0/sqrt(1-v**2/c**2)",
    "model_size": 28,
    "symbolic_model": "x0*(0.49514101*x1**2*sin(1/(-0.84147098*x1**(2*cos(1/x2)) + x2**2)) + 1.00012005)",
    "mse_train": 4.3933479183800254e-07,
    "mae_train": 0.0001752300757647051,
    "r2_train": 0.9999997043051673,
    "mse_test": 4.7055461210670264e-07,
    "mae_test": 0.00017865932528593234,
    "r2_test": 0.9999996817880833
}