{
    "dataset": "feynman_I_10_7",
    "algorithm": "RILSROLSRegressor",
    "params": {
        "complexity_penalty": 0.001,
        "error_tolerance": 1e-16,
        "fitness_type": "FitnessType.BIC",
        "initial_sample_size": 0.01,
        "max_fit_calls": 1000000,
        "max_seconds": 7200,
        "random_perturbations_order": false,
        "random_state": 28020,
        "verbose": false
    },
    "random_state": 28020,
    "process_time": 3149.8125,
    "time_time": 3150.0284476280212,
    "target_noise": 0.0,
    "feature_noise": 0.0,
    "true_model": " m_0/sqrt(1-v**2/c**2)",
    "model_size": 54,
    "symbolic_model": "-0.21585466*x0*x1/(x1 + x2) + 0.027818*x0*x2/(2*x1 + x2) + 0.83556458*x0 - 0.15086903*x0/(x1/(x1 + x2) - 1.1*x2/(x1 + x2))",
    "mse_train": 1.1255452951074166e-09,
    "mae_train": 2.4996654470569023e-05,
    "r2_train": 0.9999999992328856,
    "mse_test": 1.2050456945960979e-09,
    "mae_test": 2.5315577764521454e-05,
    "r2_test": 0.9999999991852556
}