{
    "dataset": "feynman_I_10_7",
    "algorithm": "RILSROLSRegressor",
    "params": {
        "complexity_penalty": 0.001,
        "error_tolerance": 1e-16,
        "fitness_type": "FitnessType.BIC",
        "initial_sample_size": 0.01,
        "max_fit_calls": 1000000,
        "max_seconds": 7200,
        "random_perturbations_order": false,
        "random_state": 15795,
        "verbose": false
    },
    "random_state": 15795,
    "process_time": 2479.3125,
    "time_time": 2479.5814712047577,
    "target_noise": 0.001,
    "feature_noise": 0.0,
    "true_model": " m_0/sqrt(1-v**2/c**2)",
    "model_size": 24,
    "symbolic_model": "0.50185233*x0*x1**2/(-0.7568025*x1**2 + x2**2) + 0.9998013*x0",
    "mse_train": 1.1872595619994368e-05,
    "mae_train": 0.002727358533132359,
    "r2_train": 0.9999920095738953,
    "mse_test": 6.615342558538896e-07,
    "mae_test": 0.0003661623645755912,
    "r2_test": 0.9999995526383588
}