{
    "dataset": "feynman_II_6_11",
    "algorithm": "RILSROLSRegressor",
    "params": {
        "complexity_penalty": 0.001,
        "error_tolerance": 1e-16,
        "fitness_type": "FitnessType.BIC",
        "initial_sample_size": 0.01,
        "max_fit_calls": 1000000,
        "max_seconds": 7200,
        "random_perturbations_order": false,
        "random_state": 15795,
        "verbose": false
    },
    "random_state": 15795,
    "process_time": 292.921875,
    "time_time": 292.9372470378876,
    "target_noise": 0.0,
    "feature_noise": 0.0,
    "true_model": " 1/(4*3.1415926535*epsilon)*p_d*cos(theta)/r**2",
    "model_size": 15,
    "symbolic_model": "0.07957747*x1*cos(x2)/(x0*x3**2)",
    "mse_train": 1.9183755270956534e-19,
    "mae_train": 2.865976803059566e-10,
    "r2_train": 0.9999999999999996,
    "mse_test": 1.8842498045614787e-19,
    "mae_test": 2.859274301304442e-10,
    "r2_test": 0.9999999999999996
}