{
    "dataset": "feynman_II_6_11",
    "algorithm": "RILSROLSRegressor",
    "params": {
        "complexity_penalty": 0.001,
        "error_tolerance": 1e-16,
        "fitness_type": "FitnessType.BIC",
        "initial_sample_size": 0.01,
        "max_fit_calls": 1000000,
        "max_seconds": 7200,
        "random_perturbations_order": false,
        "random_state": 860,
        "verbose": false
    },
    "random_state": 860,
    "process_time": 13.203125,
    "time_time": 13.216065406799316,
    "target_noise": 0.0,
    "feature_noise": 0.0,
    "true_model": " 1/(4*3.1415926535*epsilon)*p_d*cos(theta)/r**2",
    "model_size": 15,
    "symbolic_model": "0.07957747*x1*cos(x2)/(x0*x3**2)",
    "mse_train": 1.9018768761974462e-19,
    "mae_train": 2.8360858196623995e-10,
    "r2_train": 0.9999999999999996,
    "mse_test": 1.930226530809386e-19,
    "mae_test": 2.8719545857041796e-10,
    "r2_test": 0.9999999999999996
}