{
    "dataset": "feynman_I_9_18",
    "algorithm": "RILSROLSRegressor",
    "params": {
        "complexity_penalty": 0.001,
        "error_tolerance": 1e-16,
        "fitness_type": "FitnessType.BIC",
        "initial_sample_size": 0.01,
        "max_fit_calls": 1000000,
        "max_seconds": 7200,
        "random_perturbations_order": false,
        "random_state": 15795,
        "verbose": false
    },
    "random_state": 15795,
    "process_time": 3196.265625,
    "time_time": 3196.6827807426453,
    "target_noise": 0.001,
    "feature_noise": 0.0,
    "true_model": " G*m1*m2/((x2-x1)**2+(y2-y1)**2+(z2-z1)**2)",
    "model_size": 34,
    "symbolic_model": "1.58154617*x0*x1*x2*(x4*x6*x8)**0.5/(x0*(x6 - 0.5*x8) + x3*x5*x7 - 9)",
    "mse_train": 0.0001797690105601613,
    "mae_train": 0.00916492925945744,
    "r2_train": 0.9882444187538064,
    "mse_test": 0.00018562071475850935,
    "mae_test": 0.009011065971038672,
    "r2_test": 0.9877758931967849
}