{
    "dataset": "feynman_I_9_18",
    "algorithm": "RILSROLSRegressor",
    "params": {
        "complexity_penalty": 0.001,
        "error_tolerance": 1e-16,
        "fitness_type": "FitnessType.BIC",
        "initial_sample_size": 0.01,
        "max_fit_calls": 1000000,
        "max_seconds": 7200,
        "random_perturbations_order": false,
        "random_state": 5390,
        "verbose": false
    },
    "random_state": 5390,
    "process_time": 2623.125,
    "time_time": 2623.3584535121918,
    "target_noise": 0.0,
    "feature_noise": 0.0,
    "true_model": " G*m1*m2/((x2-x1)**2+(y2-y1)**2+(z2-z1)**2)",
    "model_size": 30,
    "symbolic_model": "0.08253552*x0*x1*x2 - 0.1333776 + 70.97401845*x4*x6*x8/(x3**2*x5**2*x7**2)",
    "mse_train": 0.0007540478126529677,
    "mae_train": 0.017397303764811717,
    "r2_train": 0.9499925026821645,
    "mse_test": 0.0007445007175089242,
    "mae_test": 0.017363219520569583,
    "r2_test": 0.950498599314092
}