{
    "dataset": "feynman_III_7_38",
    "algorithm": "RILSROLSRegressor",
    "params": {
        "complexity_penalty": 0.001,
        "error_tolerance": 1e-16,
        "fitness_type": "FitnessType.BIC",
        "initial_sample_size": 0.01,
        "max_fit_calls": 1000000,
        "max_seconds": 7200,
        "random_perturbations_order": false,
        "random_state": 15795,
        "verbose": false
    },
    "random_state": 15795,
    "process_time": 1944.609375,
    "time_time": 1944.8584516048431,
    "target_noise": 0.001,
    "feature_noise": 0.0,
    "true_model": " 2*mom*B/(h/(2*3.1415926535))",
    "model_size": 10,
    "symbolic_model": "12.56590705*x0*x1/x2",
    "mse_train": 0.0032192468344202554,
    "mae_train": 0.0453017430904381,
    "r2_train": 0.9999973922569155,
    "mse_test": 4.596065697925314e-06,
    "mae_test": 0.001678893417203931,
    "r2_test": 0.9999999964811103
}