{
    "dataset": "feynman_test_18",
    "algorithm": "RILSROLSRegressor",
    "params": {
        "complexity_penalty": 0.001,
        "error_tolerance": 1e-16,
        "max_fit_calls": 1000000,
        "max_seconds": 7200,
        "random_state": 14423
    },
    "random_state": 14423,
    "process_time": 3488.421875,
    "time_time": 5142.250027656555,
    "target_noise": 0.01,
    "feature_noise": 0.0,
    "true_model": " 3/(8*3.1415926535*G)*(c**2*k_f/r**2+H_G**2)",
    "model_size": 26,
    "symbolic_model": "(0.11941601*x1*x4**2 + 0.11943506*x2**2*x3**2)/(x0*x2**2)",
    "mse_train": 0.00011778371373561092,
    "mae_train": 0.008618942958817839,
    "r2_train": 0.9997863808358717,
    "mse_test": 3.0716187075158966e-07,
    "mae_test": 0.00041142331830095217,
    "r2_test": 0.9999994723648058
}