{
    "dataset": "feynman_test_18",
    "algorithm": "RILSROLSRegressor",
    "params": {
        "complexity_penalty": 0.001,
        "error_tolerance": 1e-16,
        "max_fit_calls": 1000000,
        "max_seconds": 7200,
        "random_state": 4426
    },
    "random_state": 4426,
    "process_time": 2496.109375,
    "time_time": 2496.3270144462585,
    "target_noise": 0.001,
    "feature_noise": 0.0,
    "true_model": " 3/(8*3.1415926535*G)*(c**2*k_f/r**2+H_G**2)",
    "model_size": 26,
    "symbolic_model": "(0.11937946*x1*x4**2 + 0.11935072*x2**2*x3**2)/(x0*x2**2)",
    "mse_train": 1.1824353217178534e-06,
    "mae_train": 0.0008692468301841723,
    "r2_train": 0.9999977990217804,
    "mse_test": 6.8447524520439045e-09,
    "mae_test": 5.6578194962474705e-05,
    "r2_test": 0.9999999874733422
}