{
    "dataset": "feynman_test_18",
    "algorithm": "RILSROLSRegressor",
    "params": {
        "complexity_penalty": 0.001,
        "error_tolerance": 1e-16,
        "max_fit_calls": 1000000,
        "max_seconds": 7200,
        "random_state": 28020
    },
    "random_state": 28020,
    "process_time": 41.515625,
    "time_time": 41.52699899673462,
    "target_noise": 0.0,
    "feature_noise": 0.0,
    "true_model": " 3/(8*3.1415926535*G)*(c**2*k_f/r**2+H_G**2)",
    "model_size": 30,
    "symbolic_model": "0.11936621*x4**2*(x1**2/x0**2)**0.5/x2**2 + 0.11936621*x3**2/x0",
    "mse_train": 6.091372175802708e-16,
    "mae_train": 1.790300548556653e-08,
    "r2_train": 0.9999999999999989,
    "mse_test": 5.989375112209443e-16,
    "mae_test": 1.784996972687039e-08,
    "r2_test": 0.9999999999999989
}