{
    "dataset": "feynman_test_18",
    "algorithm": "RILSROLSRegressor",
    "params": {
        "complexity_penalty": 0.001,
        "error_tolerance": 1e-16,
        "max_fit_calls": 1000000,
        "max_seconds": 7200,
        "random_state": 5390
    },
    "random_state": 5390,
    "process_time": 2614.578125,
    "time_time": 2621.6680433750153,
    "target_noise": 0.1,
    "feature_noise": 0.0,
    "true_model": " 3/(8*3.1415926535*G)*(c**2*k_f/r**2+H_G**2)",
    "model_size": 26,
    "symbolic_model": "(0.12187573*x1*x4**2 + 0.11794181*x2**2*x3**2)/(x0*x2**2)",
    "mse_train": 0.011785628145495365,
    "mae_train": 0.08667475415008123,
    "r2_train": 0.9788758128264614,
    "mse_test": 0.0001393221444182708,
    "mae_test": 0.0065185733842892685,
    "r2_test": 0.9997510006972552
}