{
    "dataset": "feynman_test_18",
    "algorithm": "RILSROLSRegressor",
    "params": {
        "complexity_penalty": 0.001,
        "error_tolerance": 1e-16,
        "max_fit_calls": 1000000,
        "max_seconds": 7200,
        "random_state": 860
    },
    "random_state": 860,
    "process_time": 3096.125,
    "time_time": 3097.3166332244873,
    "target_noise": 0.001,
    "feature_noise": 0.0,
    "true_model": " 3/(8*3.1415926535*G)*(c**2*k_f/r**2+H_G**2)",
    "model_size": 26,
    "symbolic_model": "(0.11942161*x1*x4**2 + 0.11935245*x2**2*x3**2)/(x0*x2**2)",
    "mse_train": 1.2541771287427014e-06,
    "mae_train": 0.0008946328983612876,
    "r2_train": 0.9999977345233375,
    "mse_test": 7.015440378075745e-08,
    "mae_test": 0.00011935229148591397,
    "r2_test": 0.9999998777751136
}