{
    "dataset": "feynman_test_18",
    "algorithm": "RILSROLSRegressor",
    "params": {
        "complexity_penalty": 0.001,
        "error_tolerance": 1e-16,
        "max_fit_calls": 1000000,
        "max_seconds": 7200,
        "random_state": 28020
    },
    "random_state": 28020,
    "process_time": 3825.859375,
    "time_time": 5608.922516822815,
    "target_noise": 0.001,
    "feature_noise": 0.0,
    "true_model": " 3/(8*3.1415926535*G)*(c**2*k_f/r**2+H_G**2)",
    "model_size": 26,
    "symbolic_model": "(0.11937578*x1*x4**2 + 0.11934411*x2**2*x3**2)/(x0*x2**2)",
    "mse_train": 1.2328129602265905e-06,
    "mae_train": 0.0008813622862097393,
    "r2_train": 0.9999978451371464,
    "mse_test": 1.222543413375754e-08,
    "mae_test": 7.896263246569705e-05,
    "r2_test": 0.9999999779974746
}