{
    "dataset": "feynman_test_18",
    "algorithm": "RILSROLSRegressor",
    "params": {
        "complexity_penalty": 0.001,
        "error_tolerance": 1e-16,
        "max_fit_calls": 1000000,
        "max_seconds": 7200,
        "random_state": 5390
    },
    "random_state": 5390,
    "process_time": 2717.5,
    "time_time": 2718.893103122711,
    "target_noise": 0.001,
    "feature_noise": 0.0,
    "true_model": " 3/(8*3.1415926535*G)*(c**2*k_f/r**2+H_G**2)",
    "model_size": 26,
    "symbolic_model": "(0.11938231*x1*x4**2 + 0.11933807*x2**2*x3**2)/(x0*x2**2)",
    "mse_train": 1.181501017833867e-06,
    "mae_train": 0.0008671677097660581,
    "r2_train": 0.9999978382696665,
    "mse_test": 1.9526587355436347e-08,
    "mae_test": 9.842107757102173e-05,
    "r2_test": 0.9999999651016954
}