{
    "dataset": "feynman_test_18",
    "algorithm": "RILSROLSRegressor",
    "params": {
        "complexity_penalty": 0.001,
        "error_tolerance": 1e-16,
        "max_fit_calls": 1000000,
        "max_seconds": 7200,
        "random_state": 28020
    },
    "random_state": 28020,
    "process_time": 2637.46875,
    "time_time": 2638.8544974327087,
    "target_noise": 0.01,
    "feature_noise": 0.0,
    "true_model": " 3/(8*3.1415926535*G)*(c**2*k_f/r**2+H_G**2)",
    "model_size": 26,
    "symbolic_model": "(0.11938771*x1*x4**2 + 0.11916452*x2**2*x3**2)/(x0*x2**2)",
    "mse_train": 0.00012334183638560317,
    "mae_train": 0.008815371219489741,
    "r2_train": 0.9997844849862308,
    "mse_test": 1.1694544687881834e-06,
    "mae_test": 0.0007921467855728432,
    "r2_test": 0.9999978952934265
}