{
    "dataset": "feynman_test_18",
    "algorithm": "RILSROLSRegressor",
    "params": {
        "complexity_penalty": 0.001,
        "error_tolerance": 1e-16,
        "max_fit_calls": 1000000,
        "max_seconds": 7200,
        "random_state": 860
    },
    "random_state": 860,
    "process_time": 2634.59375,
    "time_time": 2640.087446451187,
    "target_noise": 0.01,
    "feature_noise": 0.0,
    "true_model": " 3/(8*3.1415926535*G)*(c**2*k_f/r**2+H_G**2)",
    "model_size": 26,
    "symbolic_model": "(0.11992194*x1*x4**2 + 0.11922222*x2**2*x3**2)/(x0*x2**2)",
    "mse_train": 0.0001254172759023665,
    "mae_train": 0.008946157547480958,
    "r2_train": 0.9997735207498173,
    "mse_test": 7.024541167374629e-06,
    "mae_test": 0.0012001480406013763,
    "r2_test": 0.9999877616557138
}