{
    "dataset": "feynman_test_18",
    "algorithm": "RILSROLSRegressor",
    "params": {
        "complexity_penalty": 0.001,
        "error_tolerance": 1e-16,
        "max_fit_calls": 1000000,
        "max_seconds": 7200,
        "random_state": 21962
    },
    "random_state": 21962,
    "process_time": 2496.9375,
    "time_time": 2497.0702879428864,
    "target_noise": 0.0,
    "feature_noise": 0.0,
    "true_model": " 3/(8*3.1415926535*G)*(c**2*k_f/r**2+H_G**2)",
    "model_size": 26,
    "symbolic_model": "(0.11936621*x1*x4**2 + 0.11936621*x2**2*x3**2)/(x0*x2**2)",
    "mse_train": 6.37100222529154e-16,
    "mae_train": 1.806258913626263e-08,
    "r2_train": 0.999999999999999,
    "mse_test": 5.959480601712029e-16,
    "mae_test": 1.7754540069693793e-08,
    "r2_test": 0.9999999999999989
}