{
    "dataset": "feynman_test_18",
    "algorithm": "RILSROLSRegressor",
    "params": {
        "complexity_penalty": 0.001,
        "error_tolerance": 1e-16,
        "max_fit_calls": 1000000,
        "max_seconds": 7200,
        "random_state": 23654
    },
    "random_state": 23654,
    "process_time": 2561.71875,
    "time_time": 2565.4362897872925,
    "target_noise": 0.01,
    "feature_noise": 0.0,
    "true_model": " 3/(8*3.1415926535*G)*(c**2*k_f/r**2+H_G**2)",
    "model_size": 26,
    "symbolic_model": "(0.11947868*x1*x4**2 + 0.1190896*x2**2*x3**2)/(x0*x2**2)",
    "mse_train": 0.00011938082231844198,
    "mae_train": 0.008731382531422206,
    "r2_train": 0.9997743510967515,
    "mse_test": 1.8531573050839491e-06,
    "mae_test": 0.000970349723521464,
    "r2_test": 0.9999966376856795
}