{
    "dataset": "feynman_test_18",
    "algorithm": "RILSROLSRegressor",
    "params": {
        "complexity_penalty": 0.001,
        "error_tolerance": 1e-16,
        "max_fit_calls": 1000000,
        "max_seconds": 7200,
        "random_state": 14423
    },
    "random_state": 14423,
    "process_time": 2290.96875,
    "time_time": 2291.8642427921295,
    "target_noise": 0.1,
    "feature_noise": 0.0,
    "true_model": " 3/(8*3.1415926535*G)*(c**2*k_f/r**2+H_G**2)",
    "model_size": 26,
    "symbolic_model": "(0.11986419*x1*x4**2 + 0.12005471*x2**2*x3**2)/(x0*x2**2)",
    "mse_train": 0.01177836698090785,
    "mae_train": 0.08618941351573224,
    "r2_train": 0.9790427271846543,
    "mse_test": 3.0712805265336915e-05,
    "mae_test": 0.004114021220861307,
    "r2_test": 0.9999472422897651
}