{
    "dataset": "feynman_test_18",
    "algorithm": "RILSROLSRegressor",
    "params": {
        "complexity_penalty": 0.001,
        "error_tolerance": 1e-16,
        "max_fit_calls": 1000000,
        "max_seconds": 7200,
        "random_state": 15795
    },
    "random_state": 15795,
    "process_time": 2597.953125,
    "time_time": 2598.1809294223785,
    "target_noise": 0.001,
    "feature_noise": 0.0,
    "true_model": " 3/(8*3.1415926535*G)*(c**2*k_f/r**2+H_G**2)",
    "model_size": 26,
    "symbolic_model": "(0.11933355*x1*x4**2 + 0.11938351*x2**2*x3**2)/(x0*x2**2)",
    "mse_train": 1.1768276988879938e-06,
    "mae_train": 0.0008668669584327466,
    "r2_train": 0.9999978249056171,
    "mse_test": 2.3101455987989436e-08,
    "mae_test": 8.274193163054039e-05,
    "r2_test": 0.9999999585393631
}