{
    "dataset": "feynman_test_18",
    "algorithm": "RILSROLSRegressor",
    "params": {
        "complexity_penalty": 0.001,
        "error_tolerance": 1e-16,
        "max_fit_calls": 1000000,
        "max_seconds": 7200,
        "random_state": 21962
    },
    "random_state": 21962,
    "process_time": 2777.453125,
    "time_time": 2784.9790732860565,
    "target_noise": 0.1,
    "feature_noise": 0.0,
    "true_model": " 3/(8*3.1415926535*G)*(c**2*k_f/r**2+H_G**2)",
    "model_size": 26,
    "symbolic_model": "(0.11948599*x1*x4**2 + 0.11840419*x2**2*x3**2)/(x0*x2**2)",
    "mse_train": 0.01269603616838763,
    "mae_train": 0.0900457442449484,
    "r2_train": 0.979918111775745,
    "mse_test": 2.6300455479679424e-05,
    "mae_test": 0.0037232820736350153,
    "r2_test": 0.999952735025565
}