{
    "dataset": "feynman_test_18",
    "algorithm": "RILSROLSRegressor",
    "params": {
        "complexity_penalty": 0.001,
        "error_tolerance": 1e-16,
        "max_fit_calls": 1000000,
        "max_seconds": 7200,
        "random_state": 860
    },
    "random_state": 860,
    "process_time": 261.796875,
    "time_time": 261.7940344810486,
    "target_noise": 0.0,
    "feature_noise": 0.0,
    "true_model": " 3/(8*3.1415926535*G)*(c**2*k_f/r**2+H_G**2)",
    "model_size": 24,
    "symbolic_model": "0.11936621*(x1*x4**2 + x2**2*x3**2)/(x0*x2**2)",
    "mse_train": 5.909007956877047e-16,
    "mae_train": 1.7652590131457536e-08,
    "r2_train": 0.9999999999999989,
    "mse_test": 6.078602068849424e-16,
    "mae_test": 1.7840727050671135e-08,
    "r2_test": 0.9999999999999989
}