{
    "dataset": "feynman_test_10",
    "algorithm": "RILSROLSRegressor",
    "params": {
        "complexity_penalty": 0.001,
        "error_tolerance": 1e-16,
        "fitness_type": "FitnessType.BIC",
        "initial_sample_size": 0.01,
        "max_fit_calls": 1000000,
        "max_seconds": 7200,
        "random_perturbations_order": false,
        "random_state": 29910,
        "verbose": false
    },
    "random_state": 29910,
    "process_time": 3039.359375,
    "time_time": 3039.724005460739,
    "target_noise": 0.0,
    "feature_noise": 0.0,
    "true_model": " arccos((cos(theta2)-v/c)/(1-v/c*cos(theta2)))",
    "model_size": 59,
    "symbolic_model": "(x0 + x1*x2 + x1*(x2 + 1)**0.5 + x1 + x2*(x0 + x1*x2 + x1) + (x0 + x1*x2 + x1)*cos(x2)**2/x2 + (x0 + x1*x2 + x1)/x2)/x0",
    "mse_train": 49.894718815718896,
    "mae_train": 6.679918425237478,
    "r2_train": -216.21623040508146,
    "mse_test": 50.505299896498016,
    "mae_test": 6.7187202723605735,
    "r2_test": -219.0633284262243
}