{
    "dataset": "feynman_test_10",
    "algorithm": "RILSROLSRegressor",
    "params": {
        "complexity_penalty": 0.001,
        "error_tolerance": 1e-16,
        "fitness_type": "FitnessType.BIC",
        "initial_sample_size": 0.01,
        "max_fit_calls": 1000000,
        "max_seconds": 7200,
        "random_perturbations_order": false,
        "random_state": 16850,
        "verbose": false
    },
    "random_state": 16850,
    "process_time": 2978.015625,
    "time_time": 2978.2017686367035,
    "target_noise": 0.0,
    "feature_noise": 0.0,
    "true_model": " arccos((cos(theta2)-v/c)/(1-v/c*cos(theta2)))",
    "model_size": 44,
    "symbolic_model": "2.50507425*x2**0.5 + 0.82187613*sin(x2)*sin(x1/x0) - 0.2442347*sin(x2) - 1.30208889 + 1.06913143*x1**2*sin(x2)**2/(x0**2*x2**2)",
    "mse_train": 4.244619034754324e-06,
    "mae_train": 0.0012438067496142176,
    "r2_train": 0.9999814879720542,
    "mse_test": 4.9492198868849905e-06,
    "mae_test": 0.0012715810712698873,
    "r2_test": 0.9999784586855692
}