{
    "dataset": "feynman_test_10",
    "algorithm": "RILSROLSRegressor",
    "params": {
        "complexity_penalty": 0.001,
        "error_tolerance": 1e-16,
        "fitness_type": "FitnessType.BIC",
        "initial_sample_size": 0.01,
        "max_fit_calls": 1000000,
        "max_seconds": 7200,
        "random_perturbations_order": false,
        "random_state": 21962,
        "verbose": false
    },
    "random_state": 21962,
    "process_time": 2847.328125,
    "time_time": 2847.5645537376404,
    "target_noise": 0.0,
    "feature_noise": 0.0,
    "true_model": " arccos((cos(theta2)-v/c)/(1-v/c*cos(theta2)))",
    "model_size": 45,
    "symbolic_model": "0.01900804*x0/(x1**2*x2**2) + 2.6410899*x2**0.5 + 0.01534649*exp(x2) - 1.87234877 - 0.16280254*x1*x2**2/x0 + 1.55817114*x1/x0",
    "mse_train": 1.770808428413612e-05,
    "mae_train": 0.0027295113529270474,
    "r2_train": 0.9999222748447785,
    "mse_test": 1.8547077768961288e-05,
    "mae_test": 0.0027779929512177916,
    "r2_test": 0.9999188733362171
}