{
    "dataset": "feynman_test_10",
    "algorithm": "RILSROLSRegressor",
    "params": {
        "complexity_penalty": 0.001,
        "error_tolerance": 1e-16,
        "fitness_type": "FitnessType.BIC",
        "initial_sample_size": 0.01,
        "max_fit_calls": 1000000,
        "max_seconds": 7200,
        "random_perturbations_order": false,
        "random_state": 28020,
        "verbose": false
    },
    "random_state": 28020,
    "process_time": 3060.671875,
    "time_time": 3060.9194796085358,
    "target_noise": 0.0,
    "feature_noise": 0.0,
    "true_model": " arccos((cos(theta2)-v/c)/(1-v/c*cos(theta2)))",
    "model_size": 47,
    "symbolic_model": "0.97416884*x2 + 1.06485361*sin(x2)*sin(0.74720895*x1/x0) + 0.08336562 - 1.46205773/(x2 + 1)**5 + 1.03100564*x1**2*sin(x2)**2/(x0**2*x2**2)",
    "mse_train": 3.232041898135111e-06,
    "mae_train": 0.0010117147107736855,
    "r2_train": 0.9999860386011169,
    "mse_test": 2.94525367034931e-06,
    "mae_test": 0.0010006477694034903,
    "r2_test": 0.9999870445248569
}