{
    "dataset": "feynman_test_10",
    "algorithm": "RILSROLSRegressor",
    "params": {
        "complexity_penalty": 0.001,
        "error_tolerance": 1e-16,
        "fitness_type": "FitnessType.BIC",
        "initial_sample_size": 0.01,
        "max_fit_calls": 1000000,
        "max_seconds": 7200,
        "random_perturbations_order": false,
        "random_state": 4426,
        "verbose": false
    },
    "random_state": 4426,
    "process_time": 3023.140625,
    "time_time": 3023.5708680152893,
    "target_noise": 0.0,
    "feature_noise": 0.0,
    "true_model": " arccos((cos(theta2)-v/c)/(1-v/c*cos(theta2)))",
    "model_size": 46,
    "symbolic_model": "0.0082862*x2*sin(x2) + 0.99286723*x2 + 1.04566051*sin(x2)*sin(0.77685671*x1/x0) + 0.02132408 + 1.06055116*x1**2*sin(x2)**3/(x0**2*x2**2)",
    "mse_train": 6.403488323410191e-06,
    "mae_train": 0.0012552620596417287,
    "r2_train": 0.9999722227643868,
    "mse_test": 6.639990371542282e-06,
    "mae_test": 0.0012691515670630493,
    "r2_test": 0.9999709224189323
}