{
    "dataset": "feynman_test_10",
    "algorithm": "RILSROLSRegressor",
    "params": {
        "complexity_penalty": 0.001,
        "error_tolerance": 1e-16,
        "fitness_type": "FitnessType.BIC",
        "initial_sample_size": 0.01,
        "max_fit_calls": 1000000,
        "max_seconds": 7200,
        "random_perturbations_order": false,
        "random_state": 14423,
        "verbose": false
    },
    "random_state": 14423,
    "process_time": 2998.46875,
    "time_time": 3000.091867685318,
    "target_noise": 0.0,
    "feature_noise": 0.0,
    "true_model": " arccos((cos(theta2)-v/c)/(1-v/c*cos(theta2)))",
    "model_size": 35,
    "symbolic_model": "0.87177803*x2 + 0.4776753 + 2.073897*sin(x2)/(x0**2/x1**2 + x2 - 0.5/x2) - 0.22387888/x2",
    "mse_train": 1.7920883261773225e-05,
    "mae_train": 0.003022210832355048,
    "r2_train": 0.9999215785585076,
    "mse_test": 1.759773433994433e-05,
    "mae_test": 0.003032202969171715,
    "r2_test": 0.9999224292036326
}