{
    "dataset": "feynman_I_25_13",
    "algorithm": "RILSROLSRegressor",
    "params": {
        "complexity_penalty": 0.001,
        "error_tolerance": 1e-16,
        "max_fit_calls": 1000000,
        "max_seconds": 7200,
        "random_state": 860
    },
    "random_state": 860,
    "process_time": 2404.4375,
    "time_time": 2410.8210639953613,
    "target_noise": 0.1,
    "feature_noise": 0.0,
    "true_model": " q/C",
    "model_size": 6,
    "symbolic_model": "x0/x1",
    "mse_train": 0.021244294041847554,
    "mae_train": 0.11666963369252394,
    "r2_train": 0.9669986032587007,
    "mse_test": 8.022268590350593e-32,
    "mae_test": 1.6807111258287931e-16,
    "r2_test": 1.0
}