{
    "dataset": "feynman_I_25_13",
    "algorithm": "RILSROLSRegressor",
    "params": {
        "complexity_penalty": 0.001,
        "error_tolerance": 1e-16,
        "max_fit_calls": 1000000,
        "max_seconds": 7200,
        "random_state": 21962
    },
    "random_state": 21962,
    "process_time": 1876.96875,
    "time_time": 1877.8182454109192,
    "target_noise": 0.1,
    "feature_noise": 0.0,
    "true_model": " q/C",
    "model_size": 6,
    "symbolic_model": "x0/x1",
    "mse_train": 0.020943800155431614,
    "mae_train": 0.11571983591976089,
    "r2_train": 0.9667250207855869,
    "mse_test": 8.097996155763898e-32,
    "mae_test": 1.6934231794607514e-16,
    "r2_test": 1.0
}