{
    "dataset": "feynman_I_25_13",
    "algorithm": "RILSROLSRegressor",
    "params": {
        "complexity_penalty": 0.001,
        "error_tolerance": 1e-16,
        "max_fit_calls": 1000000,
        "max_seconds": 7200,
        "random_state": 21962
    },
    "random_state": 21962,
    "process_time": 2960.75,
    "time_time": 3458.7997691631317,
    "target_noise": 0.001,
    "feature_noise": 0.0,
    "true_model": " q/C",
    "model_size": 6,
    "symbolic_model": "x0/x1",
    "mse_train": 2.094380015543161e-06,
    "mae_train": 0.0011571983591976112,
    "r2_train": 0.9999965723158645,
    "mse_test": 8.097996155763898e-32,
    "mae_test": 1.6934231794607514e-16,
    "r2_test": 1.0
}