{
    "dataset": "feynman_I_25_13",
    "algorithm": "RILSROLSRegressor",
    "params": {
        "complexity_penalty": 0.001,
        "error_tolerance": 1e-16,
        "max_fit_calls": 1000000,
        "max_seconds": 7200,
        "random_state": 21962
    },
    "random_state": 21962,
    "process_time": 1.421875,
    "time_time": 1.4240007400512695,
    "target_noise": 0.0,
    "feature_noise": 0.0,
    "true_model": " q/C",
    "model_size": 6,
    "symbolic_model": "x0/x1",
    "mse_train": 7.917914002243914e-32,
    "mae_train": 1.6823209492144998e-16,
    "r2_train": 1.0,
    "mse_test": 8.097996155763898e-32,
    "mae_test": 1.6934231794607514e-16,
    "r2_test": 1.0
}