{
    "dataset": "feynman_I_25_13",
    "algorithm": "RILSROLSRegressor",
    "params": {
        "complexity_penalty": 0.001,
        "error_tolerance": 1e-16,
        "max_fit_calls": 1000000,
        "max_seconds": 7200,
        "random_state": 4426
    },
    "random_state": 4426,
    "process_time": 1.328125,
    "time_time": 1.3259966373443604,
    "target_noise": 0.0,
    "feature_noise": 0.0,
    "true_model": " q/C",
    "model_size": 6,
    "symbolic_model": "x0/x1",
    "mse_train": 8.275135488328859e-32,
    "mae_train": 1.6857071294396065e-16,
    "r2_train": 1.0,
    "mse_test": 8.115884193087367e-32,
    "mae_test": 1.6866397167802916e-16,
    "r2_test": 1.0
}