{
    "dataset": "feynman_I_25_13",
    "algorithm": "RILSROLSRegressor",
    "params": {
        "complexity_penalty": 0.001,
        "error_tolerance": 1e-16,
        "max_fit_calls": 1000000,
        "max_seconds": 7200,
        "random_state": 28020
    },
    "random_state": 28020,
    "process_time": 2194.15625,
    "time_time": 2231.9331221580505,
    "target_noise": 0.01,
    "feature_noise": 0.0,
    "true_model": " q/C",
    "model_size": 6,
    "symbolic_model": "x0/x1",
    "mse_train": 0.00021297002213789358,
    "mae_train": 0.011579674761043162,
    "r2_train": 0.9996559455300879,
    "mse_test": 7.96722705328396e-32,
    "mae_test": 1.677913363806738e-16,
    "r2_test": 1.0
}