{
    "dataset": "feynman_I_25_13",
    "algorithm": "RILSROLSRegressor",
    "params": {
        "complexity_penalty": 0.001,
        "error_tolerance": 1e-16,
        "max_fit_calls": 1000000,
        "max_seconds": 7200,
        "random_state": 14423
    },
    "random_state": 14423,
    "process_time": 2028.421875,
    "time_time": 2029.160071849823,
    "target_noise": 0.01,
    "feature_noise": 0.0,
    "true_model": " q/C",
    "model_size": 6,
    "symbolic_model": "x0/x1",
    "mse_train": 0.00020620091191262034,
    "mae_train": 0.011405568059988108,
    "r2_train": 0.9996624396294183,
    "mse_test": 7.891850777492511e-32,
    "mae_test": 1.6648238343464073e-16,
    "r2_test": 1.0
}