{
    "dataset": "feynman_I_25_13",
    "algorithm": "RILSROLSRegressor",
    "params": {
        "complexity_penalty": 0.001,
        "error_tolerance": 1e-16,
        "max_fit_calls": 1000000,
        "max_seconds": 7200,
        "random_state": 16850
    },
    "random_state": 16850,
    "process_time": 1.453125,
    "time_time": 1.4414904117584229,
    "target_noise": 0.0,
    "feature_noise": 0.0,
    "true_model": " q/C",
    "model_size": 6,
    "symbolic_model": "x0/x1",
    "mse_train": 7.576053733395402e-32,
    "mae_train": 1.6439072325624692e-16,
    "r2_train": 1.0,
    "mse_test": 8.238391826477861e-32,
    "mae_test": 1.6996515306288984e-16,
    "r2_test": 1.0
}