{
    "dataset": "strogatz_glider1",
    "algorithm": "RILSROLSRegressor",
    "params": {
        "complexity_penalty": 0.001,
        "error_tolerance": 1e-16,
        "max_fit_calls": 1000000,
        "max_seconds": 7200,
        "random_state": 14423
    },
    "random_state": 14423,
    "process_time": 1827.453125,
    "time_time": 1828.0339794158936,
    "target_noise": 0.1,
    "feature_noise": 0.0,
    "true_model": " -0.05 * x**2 - sin(y)",
    "model_size": 11,
    "symbolic_model": "-0.04842808*x0**2 - 1.01630492*sin(x1)",
    "mse_train": 0.007441793899802847,
    "mae_train": 0.06680883315185805,
    "r2_train": 0.9886278658768063,
    "mse_test": 0.0002775355891423741,
    "mae_test": 0.013887211364863275,
    "r2_test": 0.9995359985484062
}