{
    "dataset": "strogatz_glider1",
    "algorithm": "RILSROLSRegressor",
    "params": {
        "complexity_penalty": 0.001,
        "error_tolerance": 1e-16,
        "max_fit_calls": 1000000,
        "max_seconds": 7200,
        "random_state": 860
    },
    "random_state": 860,
    "process_time": 1678.375,
    "time_time": 1679.0688347816467,
    "target_noise": 0.001,
    "feature_noise": 0.0,
    "true_model": " -0.05 * x**2 - sin(y)",
    "model_size": 11,
    "symbolic_model": "-0.05000259*x0**2 - 0.99984902*sin(x1)",
    "mse_train": 6.682729488347331e-07,
    "mae_train": 0.00064995472608001,
    "r2_train": 0.9999989212877162,
    "mse_test": 1.3347807540208596e-08,
    "mae_test": 0.00010558467358904064,
    "r2_test": 0.9999999791452298
}