{
    "dataset": "strogatz_glider1",
    "algorithm": "RILSROLSRegressor",
    "params": {
        "complexity_penalty": 0.001,
        "error_tolerance": 1e-16,
        "max_fit_calls": 1000000,
        "max_seconds": 7200,
        "random_state": 29910
    },
    "random_state": 29910,
    "process_time": 1832.625,
    "time_time": 1833.233225107193,
    "target_noise": 0.1,
    "feature_noise": 0.0,
    "true_model": " -0.05 * x**2 - sin(y)",
    "model_size": 11,
    "symbolic_model": "-0.05056339*x0**2 - 1.00459627*sin(x1)",
    "mse_train": 0.007505791372517532,
    "mae_train": 0.06813337484387093,
    "r2_train": 0.9886700130188436,
    "mse_test": 3.0928067437840915e-05,
    "mae_test": 0.004411072011120673,
    "r2_test": 0.9999427657587605
}