{
    "dataset": "strogatz_glider1",
    "algorithm": "RILSROLSRegressor",
    "params": {
        "complexity_penalty": 0.001,
        "error_tolerance": 1e-16,
        "max_fit_calls": 1000000,
        "max_seconds": 7200,
        "random_state": 28020
    },
    "random_state": 28020,
    "process_time": 1609.046875,
    "time_time": 1609.4464643001556,
    "target_noise": 0.01,
    "feature_noise": 0.0,
    "true_model": " -0.05 * x**2 - sin(y)",
    "model_size": 11,
    "symbolic_model": "-0.05006646*x0**2 - 1.0002156*sin(x1)",
    "mse_train": 7.884954485727677e-05,
    "mae_train": 0.007111950613186836,
    "r2_train": 0.9998764217127407,
    "mse_test": 3.516115038872901e-07,
    "mae_test": 0.00042657199812577636,
    "r2_test": 0.9999993964731179
}