{
    "dataset": "strogatz_glider1",
    "algorithm": "RILSROLSRegressor",
    "params": {
        "complexity_penalty": 0.001,
        "error_tolerance": 1e-16,
        "max_fit_calls": 1000000,
        "max_seconds": 7200,
        "random_state": 15795
    },
    "random_state": 15795,
    "process_time": 1846.6875,
    "time_time": 1851.28218460083,
    "target_noise": 0.01,
    "feature_noise": 0.0,
    "true_model": " -0.05 * x**2 - sin(y)",
    "model_size": 11,
    "symbolic_model": "-0.05011387*x0**2 - 0.99817528*sin(x1)",
    "mse_train": 6.205047580484827e-05,
    "mae_train": 0.00621126458796751,
    "r2_train": 0.9998973486269702,
    "mse_test": 2.684308619697997e-06,
    "mae_test": 0.0013769634061611773,
    "r2_test": 0.999996037983229
}