{
    "dataset": "strogatz_glider1",
    "algorithm": "RILSROLSRegressor",
    "params": {
        "complexity_penalty": 0.001,
        "error_tolerance": 1e-16,
        "max_fit_calls": 1000000,
        "max_seconds": 7200,
        "random_state": 29910
    },
    "random_state": 29910,
    "process_time": 1732.046875,
    "time_time": 1732.3642075061798,
    "target_noise": 0.01,
    "feature_noise": 0.0,
    "true_model": " -0.05 * x**2 - sin(y)",
    "model_size": 11,
    "symbolic_model": "-0.05005634*x0**2 - 1.00045963*sin(x1)",
    "mse_train": 7.505792308745112e-05,
    "mae_train": 0.006813338155618016,
    "r2_train": 0.9998849845798969,
    "mse_test": 3.092892998438612e-07,
    "mae_test": 0.00044111290819223893,
    "r2_test": 0.9999994276416256
}