{
    "dataset": "strogatz_glider1",
    "algorithm": "RILSROLSRegressor",
    "params": {
        "complexity_penalty": 0.001,
        "error_tolerance": 1e-16,
        "max_fit_calls": 1000000,
        "max_seconds": 7200,
        "random_state": 15795
    },
    "random_state": 15795,
    "process_time": 1786.984375,
    "time_time": 1787.8532762527466,
    "target_noise": 0.001,
    "feature_noise": 0.0,
    "true_model": " -0.05 * x**2 - sin(y)",
    "model_size": 11,
    "symbolic_model": "-0.05001139*x0**2 - 0.99981753*sin(x1)",
    "mse_train": 6.205045736516943e-07,
    "mae_train": 0.0006211248915352415,
    "r2_train": 0.9999989740671219,
    "mse_test": 2.6848162994743736e-08,
    "mae_test": 0.00013770785762830893,
    "r2_test": 0.999999960372339
}