{
    "dataset": "strogatz_glider1",
    "algorithm": "RILSROLSRegressor",
    "params": {
        "complexity_penalty": 0.001,
        "error_tolerance": 1e-16,
        "max_fit_calls": 1000000,
        "max_seconds": 7200,
        "random_state": 21962
    },
    "random_state": 21962,
    "process_time": 1545.671875,
    "time_time": 1546.7669985294342,
    "target_noise": 0.001,
    "feature_noise": 0.0,
    "true_model": " -0.05 * x**2 - sin(y)",
    "model_size": 11,
    "symbolic_model": "-0.05000366*x0**2 - 1.00014689*sin(x1)",
    "mse_train": 7.559030388961461e-07,
    "mae_train": 0.000678735057278432,
    "r2_train": 0.9999988188993334,
    "mse_test": 1.1884911223475179e-08,
    "mae_test": 9.835447530233232e-05,
    "r2_test": 0.9999999794691778
}