{
    "dataset": "feynman_II_34_11",
    "algorithm": "RILSROLSRegressor",
    "params": {
        "complexity_penalty": 0.001,
        "error_tolerance": 1e-16,
        "max_fit_calls": 1000000,
        "max_seconds": 7200,
        "random_state": 4426
    },
    "random_state": 4426,
    "process_time": 2395.265625,
    "time_time": 2401.4149520397186,
    "target_noise": 0.001,
    "feature_noise": 0.0,
    "true_model": " g_*q*B/(2*m)",
    "model_size": 12,
    "symbolic_model": "0.4999466*x0*x1*x2/x3",
    "mse_train": 6.02069502512365e-05,
    "mae_train": 0.006206760640190628,
    "r2_train": 0.9999978565755894,
    "mse_test": 6.129122754610926e-07,
    "mae_test": 0.0005736442024418946,
    "r2_test": 0.9999999753702399
}