{
    "dataset": "feynman_II_34_11",
    "algorithm": "RILSROLSRegressor",
    "params": {
        "complexity_penalty": 0.001,
        "error_tolerance": 1e-16,
        "max_fit_calls": 1000000,
        "max_seconds": 7200,
        "random_state": 28020
    },
    "random_state": 28020,
    "process_time": 1735.109375,
    "time_time": 1735.3271718025208,
    "target_noise": 0.001,
    "feature_noise": 0.0,
    "true_model": " g_*q*B/(2*m)",
    "model_size": 12,
    "symbolic_model": "0.50001467*x0*x1*x2/x3",
    "mse_train": 5.736036327057159e-05,
    "mae_train": 0.006009508559562939,
    "r2_train": 0.9999978673434209,
    "mse_test": 4.684190775340755e-08,
    "mae_test": 0.00015877138476161738,
    "r2_test": 0.9999999981360815
}