{
    "dataset": "feynman_II_34_11",
    "algorithm": "RILSROLSRegressor",
    "params": {
        "complexity_penalty": 0.001,
        "error_tolerance": 1e-16,
        "max_fit_calls": 1000000,
        "max_seconds": 7200,
        "random_state": 4426
    },
    "random_state": 4426,
    "process_time": 4.125,
    "time_time": 4.130997180938721,
    "target_noise": 0.0,
    "feature_noise": 0.0,
    "true_model": " g_*q*B/(2*m)",
    "model_size": 12,
    "symbolic_model": "0.5*x0*x1*x2/x3",
    "mse_train": 4.298228666050817e-30,
    "mae_train": 1.122335557823817e-15,
    "r2_train": 1.0,
    "mse_test": 3.820588371674462e-30,
    "mae_test": 1.0730411004189478e-15,
    "r2_test": 1.0
}