{
    "dataset": "feynman_II_34_11",
    "algorithm": "RILSROLSRegressor",
    "params": {
        "complexity_penalty": 0.001,
        "error_tolerance": 1e-16,
        "max_fit_calls": 1000000,
        "max_seconds": 7200,
        "random_state": 15795
    },
    "random_state": 15795,
    "process_time": 1985.25,
    "time_time": 1985.4728555679321,
    "target_noise": 0.01,
    "feature_noise": 0.0,
    "true_model": " g_*q*B/(2*m)",
    "model_size": 12,
    "symbolic_model": "0.50007109*x0*x1*x2/x3",
    "mse_train": 0.005342776507166872,
    "mae_train": 0.058355687627477525,
    "r2_train": 0.9997881951665856,
    "mse_test": 1.10383354557031e-06,
    "mae_test": 0.0007679540694278455,
    "r2_test": 0.9999999565939944
}