{
    "dataset": "feynman_II_34_11",
    "algorithm": "RILSROLSRegressor",
    "params": {
        "complexity_penalty": 0.001,
        "error_tolerance": 1e-16,
        "max_fit_calls": 1000000,
        "max_seconds": 7200,
        "random_state": 16850
    },
    "random_state": 16850,
    "process_time": 2030.171875,
    "time_time": 2030.5375089645386,
    "target_noise": 0.001,
    "feature_noise": 0.0,
    "true_model": " g_*q*B/(2*m)",
    "model_size": 12,
    "symbolic_model": "0.50001117*x0*x1*x2/x3",
    "mse_train": 5.617537363418419e-05,
    "mae_train": 0.005996694666570041,
    "r2_train": 0.9999978126776072,
    "mse_test": 2.7332077716729598e-08,
    "mae_test": 0.00012082576204030766,
    "r2_test": 0.9999999989287249
}