{
    "dataset": "feynman_II_34_11",
    "algorithm": "RILSROLSRegressor",
    "params": {
        "complexity_penalty": 0.001,
        "error_tolerance": 1e-16,
        "max_fit_calls": 1000000,
        "max_seconds": 7200,
        "random_state": 14423
    },
    "random_state": 14423,
    "process_time": 2455.140625,
    "time_time": 2456.267760515213,
    "target_noise": 0.01,
    "feature_noise": 0.0,
    "true_model": " g_*q*B/(2*m)",
    "model_size": 12,
    "symbolic_model": "0.49989058*x0*x1*x2/x3",
    "mse_train": 0.005482415706205717,
    "mae_train": 0.05881521922974397,
    "r2_train": 0.9997848535739997,
    "mse_test": 2.622788462112168e-06,
    "mae_test": 0.0011865146528013527,
    "r2_test": 0.9999998966166485
}