{
    "dataset": "feynman_test_19",
    "algorithm": "RILSROLSRegressor",
    "params": {
        "complexity_penalty": 0.001,
        "error_tolerance": 1e-16,
        "fitness_type": "FitnessType.BIC",
        "initial_sample_size": 0.01,
        "max_fit_calls": 1000000,
        "max_seconds": 7200,
        "random_perturbations_order": false,
        "random_state": 21962,
        "verbose": false
    },
    "random_state": 21962,
    "process_time": 3176.359375,
    "time_time": 3176.702202320099,
    "target_noise": 0.0,
    "feature_noise": 0.0,
    "true_model": " -1/(8*3.1415926535*G)*(c**4*k_f/r**2+H_G**2*c**2*(1-2*alpha))",
    "model_size": 53,
    "symbolic_model": "0.07200434*x3**2*x4*x5**2*sin(1/x0) - 0.02855921*x3**2*x5**(2/x0)*sin(x4) - 0.13345756*x5**4*sin(1/(x0/x1 + x2))**2",
    "mse_train": 1.8608159568177587,
    "mae_train": 0.554660636848394,
    "r2_train": 0.986803977234339,
    "mse_test": 1.8086661066893872,
    "mae_test": 0.5484190612493625,
    "r2_test": 0.9866537214097815
}