{
    "dataset": "feynman_test_19",
    "algorithm": "RILSROLSRegressor",
    "params": {
        "complexity_penalty": 0.001,
        "error_tolerance": 1e-16,
        "fitness_type": "FitnessType.BIC",
        "initial_sample_size": 0.01,
        "max_fit_calls": 1000000,
        "max_seconds": 7200,
        "random_perturbations_order": false,
        "random_state": 23654,
        "verbose": false
    },
    "random_state": 23654,
    "process_time": 3689.46875,
    "time_time": 3689.8641107082367,
    "target_noise": 0.0,
    "feature_noise": 0.0,
    "true_model": " -1/(8*3.1415926535*G)*(c**4*k_f/r**2+H_G**2*c**2*(1-2*alpha))",
    "model_size": 59,
    "symbolic_model": "0.05588784 + 32.95379163*x2*(1 - x5)**3*log(x1)/(x0*(x2 + 1)**5) + 0.07990916*x3**2*x4*x5**2/x0 - 0.03545875*x5**2*(x3 + 0.5)**2/x0",
    "mse_train": 0.1411778005698779,
    "mae_train": 0.15328479800258946,
    "r2_train": 0.9989740602136685,
    "mse_test": 0.12673431466566476,
    "mae_test": 0.15564171822640502,
    "r2_test": 0.9991303987512128
}