{
    "dataset": "feynman_test_19",
    "algorithm": "RILSROLSRegressor",
    "params": {
        "complexity_penalty": 0.001,
        "error_tolerance": 1e-16,
        "fitness_type": "FitnessType.BIC",
        "initial_sample_size": 0.01,
        "max_fit_calls": 1000000,
        "max_seconds": 7200,
        "random_perturbations_order": false,
        "random_state": 16850,
        "verbose": false
    },
    "random_state": 16850,
    "process_time": 2730.5625,
    "time_time": 2730.852956533432,
    "target_noise": 0.0,
    "feature_noise": 0.0,
    "true_model": " -1/(8*3.1415926535*G)*(c**4*k_f/r**2+H_G**2*c**2*(1-2*alpha))",
    "model_size": 41,
    "symbolic_model": "0.21812473 - 0.22018886*x1*(-0.2*x4 + x5)**3/(x0*x2**2) + 0.02427758*x5**2*(x3 + 1)**3*log(x4)/x0",
    "mse_train": 2.6114748549388547,
    "mae_train": 0.8474546731153317,
    "r2_train": 0.9812687376749735,
    "mse_test": 2.646472992257324,
    "mae_test": 0.849905940792641,
    "r2_test": 0.9810416134488914
}