{
    "dataset": "feynman_I_30_3",
    "algorithm": "RILSROLSRegressor",
    "params": {
        "complexity_penalty": 0.001,
        "error_tolerance": 1e-16,
        "max_fit_calls": 1000000,
        "max_seconds": 7200,
        "random_state": 15795
    },
    "random_state": 15795,
    "process_time": 3296.0,
    "time_time": 3296.1213710308075,
    "target_noise": 0.0,
    "feature_noise": 0.0,
    "true_model": " Int_0*sin(n*theta/2)**2/sin(theta/2)**2",
    "model_size": 59,
    "symbolic_model": "(1.08429161*x0*cos(x1*x2) - 1.18033452*x0 + (0.5 - x1)*(-0.00150425*x0*x1*exp(x1)*cos(x1*x2) + 0.00792281*x0*exp(x1) - 0.14189714*x0 + 0.07968863*cos(x1*x2)))/(0.5 - x1)",
    "mse_train": 0.006219789427426808,
    "mae_train": 0.05317350837711389,
    "r2_train": 0.9990247124256281,
    "mse_test": 0.005929937649347354,
    "mae_test": 0.05266688896808976,
    "r2_test": 0.9990999486582539
}