{
    "dataset": "feynman_I_30_3",
    "algorithm": "RILSROLSRegressor",
    "params": {
        "complexity_penalty": 0.001,
        "error_tolerance": 1e-16,
        "max_fit_calls": 1000000,
        "max_seconds": 7200,
        "random_state": 4426
    },
    "random_state": 4426,
    "process_time": 4720.421875,
    "time_time": 4720.696665763855,
    "target_noise": 0.0,
    "feature_noise": 0.0,
    "true_model": " Int_0*sin(n*theta/2)**2/sin(theta/2)**2",
    "model_size": 152,
    "symbolic_model": "3.60926682*x0*(log(1/(x1 + 0.31830989)) + 1)**4 + 0.19691552*x0*sin(x2*log(x1)**2 + x2*log(x1 + 1)) - 0.48715717*x0*sin(x1*x2/log(x1 + 1) + x2*log(x1)**2 + 1/x2)*cos(x1) - 0.83390576*x0*sin(x1*x2/log(x1 + 1) + x2*log(x1)**2 + 1/x2) - 0.17983689*x0 + 4.95892189/(x1/(x0 + 1))**0.5 + 5.27427483*(log(1/(1 + 1/x1)) + 1)**4 - 4.93934777 + 0.30796873*sin(x2*log(x1)**2 + x2*log(x1**2 + 1))/log(x1 + 1/x0)",
    "mse_train": 0.15159495115698018,
    "mae_train": 0.23633475384467742,
    "r2_train": 0.9772199224969987,
    "mse_test": 0.1606554898638839,
    "mae_test": 0.24049593800514488,
    "r2_test": 0.9753019058955829
}