{
    "dataset": "feynman_I_30_3",
    "algorithm": "RILSROLSRegressor",
    "params": {
        "complexity_penalty": 0.001,
        "error_tolerance": 1e-16,
        "max_fit_calls": 1000000,
        "max_seconds": 7200,
        "random_state": 23654
    },
    "random_state": 23654,
    "process_time": 3173.40625,
    "time_time": 3175.455999851227,
    "target_noise": 0.001,
    "feature_noise": 0.0,
    "true_model": " Int_0*sin(n*theta/2)**2/sin(theta/2)**2",
    "model_size": 66,
    "symbolic_model": "0.0015103*x0*x1*exp(x1) - 1.00756727*x0*cos(x1*x2) - 1.50972543*log(x0**4/x1**8 + x0 + 1/x1)*cos(x1)*cos(x1*x2) + 1.18097313*log(x0**4/x1**7 + x0/x1 + 1/x1) + 0.86775421",
    "mse_train": 0.04477726303938261,
    "mae_train": 0.13336034374328976,
    "r2_train": 0.9931184262260176,
    "mse_test": 0.043602242475675713,
    "mae_test": 0.1308460084033577,
    "r2_test": 0.9934511831215183
}