{
    "dataset": "feynman_I_30_3",
    "algorithm": "RILSROLSRegressor",
    "params": {
        "complexity_penalty": 0.001,
        "error_tolerance": 1e-16,
        "max_fit_calls": 1000000,
        "max_seconds": 7200,
        "random_state": 21962
    },
    "random_state": 21962,
    "process_time": 4376.9375,
    "time_time": 4602.737099647522,
    "target_noise": 0.001,
    "feature_noise": 0.0,
    "true_model": " Int_0*sin(n*theta/2)**2/sin(theta/2)**2",
    "model_size": 50,
    "symbolic_model": "x0*(-9.0e-8*x1**12*cos(x1*x2) - 0.09095292*x1**3*cos(x1*x2) + 1.00036383*x1**2/(1 - cos(x1)) - 2.09920653*cos(x1*x2))/x1**2",
    "mse_train": 0.0004945542793370307,
    "mae_train": 0.01587554481721187,
    "r2_train": 0.9999264167572594,
    "mse_test": 0.00046561902618764164,
    "mae_test": 0.015169783947764899,
    "r2_test": 0.9999301728722535
}