{
    "dataset": "feynman_I_30_3",
    "algorithm": "RILSROLSRegressor",
    "params": {
        "complexity_penalty": 0.001,
        "error_tolerance": 1e-16,
        "max_fit_calls": 1000000,
        "max_seconds": 7200,
        "random_state": 28020
    },
    "random_state": 28020,
    "process_time": 3937.40625,
    "time_time": 4002.414195537567,
    "target_noise": 0.01,
    "feature_noise": 0.0,
    "true_model": " Int_0*sin(n*theta/2)**2/sin(theta/2)**2",
    "model_size": 69,
    "symbolic_model": "0.35078186*x0*x1*cos(x1) - 0.53088086*x0*cos(x1)*cos(x1*x2) - 1.34034683*x0*cos(x1) - 0.98432673*x0*cos(x1*x2) + 0.97621557*x0 + 12.28542845*x0*cos(x1)/(x1 + 1)**2 - 48.33083999*cos(x1*x2)/(x1**2 + x1)**4",
    "mse_train": 0.03818076450316364,
    "mae_train": 0.1142595624884054,
    "r2_train": 0.9942430030528105,
    "mse_test": 0.03976371029433928,
    "mae_test": 0.11048794205659616,
    "r2_test": 0.9939983442588367
}