{
    "dataset": "feynman_I_30_3",
    "algorithm": "RILSROLSRegressor",
    "params": {
        "complexity_penalty": 0.001,
        "error_tolerance": 1e-16,
        "max_fit_calls": 1000000,
        "max_seconds": 7200,
        "random_state": 16850
    },
    "random_state": 16850,
    "process_time": 3209.9375,
    "time_time": 3210.1360428333282,
    "target_noise": 0.0,
    "feature_noise": 0.0,
    "true_model": " Int_0*sin(n*theta/2)**2/sin(theta/2)**2",
    "model_size": 51,
    "symbolic_model": "x0*(x1**2*(-0.00142926*x1*exp(x1)*cos(x1*x2) + 0.07904636*x1 + 4.042e-5*exp(2*x1) - 0.1848085*cos(x1*x2) + 0.02272463) - 1.98240629*cos(x1*x2) + 2.08045872)/x1**2",
    "mse_train": 0.0022990391311592156,
    "mae_train": 0.031566833699660825,
    "r2_train": 0.9996314193697385,
    "mse_test": 0.0023221696719408305,
    "mae_test": 0.03155296990234361,
    "r2_test": 0.9996598556226319
}