{
    "dataset": "feynman_I_16_6",
    "algorithm": "RILSROLSRegressor",
    "params": {
        "complexity_penalty": 0.001,
        "error_tolerance": 1e-16,
        "max_fit_calls": 1000000,
        "max_seconds": 7200,
        "random_state": 23654
    },
    "random_state": 23654,
    "process_time": 2683.125,
    "time_time": 2685.503039598465,
    "target_noise": 0.001,
    "feature_noise": 0.0,
    "true_model": " (u+v)/(1+u*v/c**2)",
    "model_size": 45,
    "symbolic_model": "-0.09768154*x0**2 + 0.19233799*x0*x1 + 0.19473331*x0*x2 - 0.19654996*x1*x2 + 1.18241045*log(x0) + 0.79426108 + 0.00566433*x1**2*x2**2/x0**2",
    "mse_train": 0.003445269876316499,
    "mae_train": 0.04391384645680771,
    "r2_train": 0.9973091470122734,
    "mse_test": 0.00338783030277659,
    "mae_test": 0.04364562698802382,
    "r2_test": 0.9973931728464425
}