{
    "dataset": "feynman_I_16_6",
    "algorithm": "RILSROLSRegressor",
    "params": {
        "complexity_penalty": 0.001,
        "error_tolerance": 1e-16,
        "max_fit_calls": 1000000,
        "max_seconds": 7200,
        "random_state": 15795
    },
    "random_state": 15795,
    "process_time": 2589.6875,
    "time_time": 2596.536640882492,
    "target_noise": 0.01,
    "feature_noise": 0.0,
    "true_model": " (u+v)/(1+u*v/c**2)",
    "model_size": 32,
    "symbolic_model": "-0.63203695*x0/(0.5 + (x1 + x2)**4/x0**4)**0.5 + 1.46475546*x0 - 0.4457683*log(x1)*log(x2) - 0.37055807",
    "mse_train": 0.003947234292119986,
    "mae_train": 0.044563663891932365,
    "r2_train": 0.996934831848694,
    "mse_test": 0.0032491037759276075,
    "mae_test": 0.03719384526406312,
    "r2_test": 0.9975042136800287
}