{
    "dataset": "feynman_I_16_6",
    "algorithm": "RILSROLSRegressor",
    "params": {
        "complexity_penalty": 0.001,
        "error_tolerance": 1e-16,
        "max_fit_calls": 1000000,
        "max_seconds": 7200,
        "random_state": 29910
    },
    "random_state": 29910,
    "process_time": 2956.609375,
    "time_time": 2957.6765167713165,
    "target_noise": 0.1,
    "feature_noise": 0.0,
    "true_model": " (u+v)/(1+u*v/c**2)",
    "model_size": 46,
    "symbolic_model": "2.2195551*x0*cos(x0**0.5)/(x1 + x2) - 0.38646964*x1*cos(x0**0.5) + 0.62856251*x1*cos(x2**0.5) + 0.55730664*x2 - 2.2031903*cos(0.5*x0) + 1.71602706",
    "mse_train": 0.12794094226271815,
    "mae_train": 0.2823530803571462,
    "r2_train": 0.9072968449654084,
    "mse_test": 0.03110799816053863,
    "mae_test": 0.11751796032357302,
    "r2_test": 0.9761595402295908
}