{
    "dataset": "feynman_I_16_6",
    "algorithm": "RILSROLSRegressor",
    "params": {
        "complexity_penalty": 0.001,
        "error_tolerance": 1e-16,
        "max_fit_calls": 1000000,
        "max_seconds": 7200,
        "random_state": 29910
    },
    "random_state": 29910,
    "process_time": 3554.625,
    "time_time": 3564.4230697155,
    "target_noise": 0.001,
    "feature_noise": 0.0,
    "true_model": " (u+v)/(1+u*v/c**2)",
    "model_size": 41,
    "symbolic_model": "0.19647959*x0*x1 + 0.1927906*x0*x2 - 0.19930767*x1*x2 + 0.526062*cos(x0 + 10) + 0.76743308 + 0.0033438*x1**2*x2**2.5/x0**2",
    "mse_train": 0.005961352137957064,
    "mae_train": 0.04796840326114938,
    "r2_train": 0.99534694314662,
    "mse_test": 0.005479176427346984,
    "mae_test": 0.04737707966911211,
    "r2_test": 0.99580088424472
}