{
    "dataset": "feynman_I_16_6",
    "algorithm": "RILSROLSRegressor",
    "params": {
        "complexity_penalty": 0.001,
        "error_tolerance": 1e-16,
        "max_fit_calls": 1000000,
        "max_seconds": 7200,
        "random_state": 4426
    },
    "random_state": 4426,
    "process_time": 3013.109375,
    "time_time": 3015.920249223709,
    "target_noise": 0.001,
    "feature_noise": 0.0,
    "true_model": " (u+v)/(1+u*v/c**2)",
    "model_size": 24,
    "symbolic_model": "x0**2*(1.00005678*x1 + 0.99985759*x2)/((x0**2 + x1*x2)**2)**0.5",
    "mse_train": 9.36393111162e-06,
    "mae_train": 0.002447743276244191,
    "r2_train": 0.9999927614495416,
    "mse_test": 2.4893062952673278e-08,
    "mae_test": 0.00012415959991116877,
    "r2_test": 0.9999999806965848
}