{
    "dataset": "feynman_I_16_6",
    "algorithm": "RILSROLSRegressor",
    "params": {
        "complexity_penalty": 0.001,
        "error_tolerance": 1e-16,
        "max_fit_calls": 1000000,
        "max_seconds": 7200,
        "random_state": 4426
    },
    "random_state": 4426,
    "process_time": 2461.609375,
    "time_time": 2462.2705426216125,
    "target_noise": 0.01,
    "feature_noise": 0.0,
    "true_model": " (u+v)/(1+u*v/c**2)",
    "model_size": 29,
    "symbolic_model": "1.83953505*x0*cos((x0/(x1 + x2 + x2**(-8)))**0.5) - 0.53951856*log(x1)*log(x2) - 0.55291089",
    "mse_train": 0.010856560596622166,
    "mae_train": 0.058703522377376076,
    "r2_train": 0.9916087886749647,
    "mse_test": 0.010246705135131137,
    "mae_test": 0.05210196545914999,
    "r2_test": 0.9920541556316447
}