{
    "dataset": "feynman_I_16_6",
    "algorithm": "RILSROLSRegressor",
    "params": {
        "complexity_penalty": 0.001,
        "error_tolerance": 1e-16,
        "max_fit_calls": 1000000,
        "max_seconds": 7200,
        "random_state": 14423
    },
    "random_state": 14423,
    "process_time": 2374.609375,
    "time_time": 2374.978494167328,
    "target_noise": 0.001,
    "feature_noise": 0.0,
    "true_model": " (u+v)/(1+u*v/c**2)",
    "model_size": 22,
    "symbolic_model": "x0*(-0.51577547*sin(log(x0/x1))*sin(log(x0/x2)) + 1.00175828)",
    "mse_train": 0.000524255995830578,
    "mae_train": 0.012735936145191437,
    "r2_train": 0.9996018715968874,
    "mse_test": 0.0004642580198335376,
    "mae_test": 0.012214043783147556,
    "r2_test": 0.9996420018846515
}