{
    "dataset": "feynman_II_21_32",
    "algorithm": "RILSROLSRegressor",
    "params": {
        "complexity_penalty": 0.001,
        "error_tolerance": 1e-16,
        "max_fit_calls": 1000000,
        "max_seconds": 7200,
        "random_state": 15795
    },
    "random_state": 15795,
    "process_time": 2233.296875,
    "time_time": 2233.6469597816467,
    "target_noise": 0.01,
    "feature_noise": 0.0,
    "true_model": " q/(4*3.1415926535*epsilon*r*(1-v/c))",
    "model_size": 22,
    "symbolic_model": "-0.07953199*x0*x4/(x1*x2*(x3 - x4))",
    "mse_train": 5.365519564708141e-07,
    "mae_train": 0.0005849823809172287,
    "r2_train": 0.999779647988058,
    "mse_test": 1.7196487612544484e-09,
    "mae_test": 3.068702982167515e-05,
    "r2_test": 0.9999992779363863
}