{
    "dataset": "feynman_II_21_32",
    "algorithm": "RILSROLSRegressor",
    "params": {
        "complexity_penalty": 0.001,
        "error_tolerance": 1e-16,
        "max_fit_calls": 1000000,
        "max_seconds": 7200,
        "random_state": 14423
    },
    "random_state": 14423,
    "process_time": 2153.46875,
    "time_time": 2155.766059398651,
    "target_noise": 0.1,
    "feature_noise": 0.0,
    "true_model": " q/(4*3.1415926535*epsilon*r*(1-v/c))",
    "model_size": 20,
    "symbolic_model": "0.21706308*x0*(x3/(x1**2*x2**2*x4))**0.5",
    "mse_train": 7.369191430600059e-05,
    "mae_train": 0.006595267647018286,
    "r2_train": 0.9697161433790019,
    "mse_test": 2.227279154295339e-05,
    "mae_test": 0.0026790707847657996,
    "r2_test": 0.9906323456598549
}