{
    "dataset": "feynman_II_21_32",
    "algorithm": "RILSROLSRegressor",
    "params": {
        "complexity_penalty": 0.001,
        "error_tolerance": 1e-16,
        "max_fit_calls": 1000000,
        "max_seconds": 7200,
        "random_state": 5390
    },
    "random_state": 5390,
    "process_time": 2697.234375,
    "time_time": 2698.0548701286316,
    "target_noise": 0.001,
    "feature_noise": 0.0,
    "true_model": " q/(4*3.1415926535*epsilon*r*(1-v/c))",
    "model_size": 22,
    "symbolic_model": "-0.07957814*x0*x4/(x1*x2*(x3 - x4))",
    "mse_train": 5.2769889364109765e-09,
    "mae_train": 5.8003660508977686e-05,
    "r2_train": 0.9999977916518157,
    "mse_test": 3.65404044993153e-13,
    "mae_test": 4.4964482541807077e-07,
    "r2_test": 0.9999999998420378
}