{
    "dataset": "feynman_II_21_32",
    "algorithm": "RILSROLSRegressor",
    "params": {
        "complexity_penalty": 0.001,
        "error_tolerance": 1e-16,
        "max_fit_calls": 1000000,
        "max_seconds": 7200,
        "random_state": 15795
    },
    "random_state": 15795,
    "process_time": 47.140625,
    "time_time": 47.1358859539032,
    "target_noise": 0.0,
    "feature_noise": 0.0,
    "true_model": " q/(4*3.1415926535*epsilon*r*(1-v/c))",
    "model_size": 22,
    "symbolic_model": "-0.07957747*x0*x4/(x1*x2*(x3 - x4))",
    "mse_train": 2.028326535752552e-18,
    "mae_train": 1.0533341951328434e-09,
    "r2_train": 0.9999999999999991,
    "mse_test": 1.9868216182079898e-18,
    "mae_test": 1.0430722916924054e-09,
    "r2_test": 0.9999999999999991
}