{
    "dataset": "feynman_II_13_23",
    "algorithm": "RILSROLSRegressor",
    "params": {
        "complexity_penalty": 0.001,
        "error_tolerance": 1e-16,
        "max_fit_calls": 1000000,
        "max_seconds": 7200,
        "random_state": 4426
    },
    "random_state": 4426,
    "process_time": 1963.203125,
    "time_time": 1964.213061094284,
    "target_noise": 0.01,
    "feature_noise": 0.0,
    "true_model": " rho_c_0/sqrt(1-v**2/c**2)",
    "model_size": 16,
    "symbolic_model": "0.61622636*x0*x1**2/x2**2 + 0.99504441*x0",
    "mse_train": 0.0013557056411977466,
    "mae_train": 0.028686387239575357,
    "r2_train": 0.9990815357085088,
    "mse_test": 0.00021616486907916527,
    "mae_test": 0.0070513910810899106,
    "r2_test": 0.9998531799540651
}