{
    "dataset": "feynman_II_13_23",
    "algorithm": "RILSROLSRegressor",
    "params": {
        "complexity_penalty": 0.001,
        "error_tolerance": 1e-16,
        "max_fit_calls": 1000000,
        "max_seconds": 7200,
        "random_state": 14423
    },
    "random_state": 14423,
    "process_time": 2203.828125,
    "time_time": 2208.060378551483,
    "target_noise": 0.01,
    "feature_noise": 0.0,
    "true_model": " rho_c_0/sqrt(1-v**2/c**2)",
    "model_size": 16,
    "symbolic_model": "0.58729856*x0*x1**2/x2**2 + 0.99721046*x0",
    "mse_train": 0.0014331919910019004,
    "mae_train": 0.028722153385802984,
    "r2_train": 0.9990307007319422,
    "mse_test": 0.00037082323172652897,
    "mae_test": 0.006263381878317052,
    "r2_test": 0.999749255568109
}