{
    "dataset": "feynman_II_13_23",
    "algorithm": "RILSROLSRegressor",
    "params": {
        "complexity_penalty": 0.001,
        "error_tolerance": 1e-16,
        "max_fit_calls": 1000000,
        "max_seconds": 7200,
        "random_state": 29910
    },
    "random_state": 29910,
    "process_time": 2588.046875,
    "time_time": 3100.148930311203,
    "target_noise": 0.01,
    "feature_noise": 0.0,
    "true_model": " rho_c_0/sqrt(1-v**2/c**2)",
    "model_size": 19,
    "symbolic_model": "0.62960911*0.55**x2*x1**3*log(x0) + 1.0053842*x0 + 0.02307453",
    "mse_train": 0.0015936235866326003,
    "mae_train": 0.031170116723571256,
    "r2_train": 0.9989218990813143,
    "mse_test": 0.00046035851327719756,
    "mae_test": 0.014556482461836249,
    "r2_test": 0.9996870696857851
}