{
    "dataset": "feynman_I_18_12",
    "algorithm": "RILSROLSRegressor",
    "params": {
        "complexity_penalty": 0.001,
        "error_tolerance": 1e-16,
        "max_fit_calls": 1000000,
        "max_seconds": 7200,
        "random_state": 16850
    },
    "random_state": 16850,
    "process_time": 3226.09375,
    "time_time": 3227.3461050987244,
    "target_noise": 0.01,
    "feature_noise": 0.0,
    "true_model": " r*F*sin(theta)",
    "model_size": 7,
    "symbolic_model": "x0*x1*sin(x2)",
    "mse_train": 0.005849367177709731,
    "mae_train": 0.06116942136700361,
    "r2_train": 0.9998938728085746,
    "mse_test": 6.524315292217014e-30,
    "mae_test": 1.4432466940300647e-15,
    "r2_test": 1.0
}