{
    "dataset": "feynman_I_18_12",
    "algorithm": "RILSROLSRegressor",
    "params": {
        "complexity_penalty": 0.001,
        "error_tolerance": 1e-16,
        "max_fit_calls": 1000000,
        "max_seconds": 7200,
        "random_state": 21962
    },
    "random_state": 21962,
    "process_time": 2369.890625,
    "time_time": 2370.364979505539,
    "target_noise": 0.01,
    "feature_noise": 0.0,
    "true_model": " r*F*sin(theta)",
    "model_size": 7,
    "symbolic_model": "x0*x1*sin(x2)",
    "mse_train": 0.005589313972415427,
    "mae_train": 0.05978046924430437,
    "r2_train": 0.9998966252879312,
    "mse_test": 6.585745891502311e-30,
    "mae_test": 1.453352734519112e-15,
    "r2_test": 1.0
}