{
    "dataset": "feynman_I_18_12",
    "algorithm": "RILSROLSRegressor",
    "params": {
        "complexity_penalty": 0.001,
        "error_tolerance": 1e-16,
        "max_fit_calls": 1000000,
        "max_seconds": 7200,
        "random_state": 15795
    },
    "random_state": 15795,
    "process_time": 1697.484375,
    "time_time": 1697.751545906067,
    "target_noise": 0.001,
    "feature_noise": 0.0,
    "true_model": " r*F*sin(theta)",
    "model_size": 7,
    "symbolic_model": "x0*x1*sin(x2)",
    "mse_train": 5.553287845465918e-05,
    "mae_train": 0.00595002695820138,
    "r2_train": 0.9999989719170758,
    "mse_test": 6.585391317210234e-30,
    "mae_test": 1.461591383539922e-15,
    "r2_test": 1.0
}