{
    "dataset": "feynman_I_18_12",
    "algorithm": "RILSROLSRegressor",
    "params": {
        "complexity_penalty": 0.001,
        "error_tolerance": 1e-16,
        "max_fit_calls": 1000000,
        "max_seconds": 7200,
        "random_state": 5390
    },
    "random_state": 5390,
    "process_time": 1963.671875,
    "time_time": 1965.1683049201965,
    "target_noise": 0.01,
    "feature_noise": 0.0,
    "true_model": " r*F*sin(theta)",
    "model_size": 7,
    "symbolic_model": "x0*x1*sin(x2)",
    "mse_train": 0.005665343268506829,
    "mae_train": 0.060102590950021156,
    "r2_train": 0.9998963782691749,
    "mse_test": 6.519659407700596e-30,
    "mae_test": 1.4503429062113007e-15,
    "r2_test": 1.0
}