{
    "dataset": "feynman_I_18_12",
    "algorithm": "RILSROLSRegressor",
    "params": {
        "complexity_penalty": 0.001,
        "error_tolerance": 1e-16,
        "max_fit_calls": 1000000,
        "max_seconds": 7200,
        "random_state": 5390
    },
    "random_state": 5390,
    "process_time": 2440.203125,
    "time_time": 2441.008502483368,
    "target_noise": 0.001,
    "feature_noise": 0.0,
    "true_model": " r*F*sin(theta)",
    "model_size": 7,
    "symbolic_model": "x0*x1*sin(x2)",
    "mse_train": 5.6653432685068385e-05,
    "mae_train": 0.00601025909500212,
    "r2_train": 0.9999989635725335,
    "mse_test": 6.519659407700596e-30,
    "mae_test": 1.4503429062113007e-15,
    "r2_test": 1.0
}