{
    "dataset": "feynman_I_18_12",
    "algorithm": "RILSROLSRegressor",
    "params": {
        "complexity_penalty": 0.001,
        "error_tolerance": 1e-16,
        "max_fit_calls": 1000000,
        "max_seconds": 7200,
        "random_state": 29910
    },
    "random_state": 29910,
    "process_time": 1941.734375,
    "time_time": 1942.4662923812866,
    "target_noise": 0.1,
    "feature_noise": 0.0,
    "true_model": " r*F*sin(theta)",
    "model_size": 7,
    "symbolic_model": "x0*x1*sin(x2)",
    "mse_train": 0.5888108303658137,
    "mae_train": 0.6135130941479305,
    "r2_train": 0.989442023927395,
    "mse_test": 6.723062622209206e-30,
    "mae_test": 1.4581195842758298e-15,
    "r2_test": 1.0
}