{
    "dataset": "feynman_I_18_12",
    "algorithm": "RILSROLSRegressor",
    "params": {
        "complexity_penalty": 0.001,
        "error_tolerance": 1e-16,
        "max_fit_calls": 1000000,
        "max_seconds": 7200,
        "random_state": 23654
    },
    "random_state": 23654,
    "process_time": 1740.203125,
    "time_time": 1740.686548948288,
    "target_noise": 0.1,
    "feature_noise": 0.0,
    "true_model": " r*F*sin(theta)",
    "model_size": 39,
    "symbolic_model": "0.61042573*10**cos(x0)*log(x0)**0.5 + 1.00653919*x0*x1*sin(x2) - 0.34983058 + 0.07707278/(-x0 + 1 + x1/x0)",
    "mse_train": 7.61943340813809,
    "mae_train": 0.7745017898055303,
    "r2_train": 0.8627932638654761,
    "mse_test": 51.17153730624431,
    "mae_test": 0.4417352690260318,
    "r2_test": 0.07289586043194884
}