{
    "dataset": "feynman_I_18_12",
    "algorithm": "RILSROLSRegressor",
    "params": {
        "complexity_penalty": 0.001,
        "error_tolerance": 1e-16,
        "max_fit_calls": 1000000,
        "max_seconds": 7200,
        "random_state": 23654
    },
    "random_state": 23654,
    "process_time": 1939.953125,
    "time_time": 1952.8831067085266,
    "target_noise": 0.01,
    "feature_noise": 0.0,
    "true_model": " r*F*sin(theta)",
    "model_size": 7,
    "symbolic_model": "x0*x1*sin(x2)",
    "mse_train": 0.0056554042785761935,
    "mae_train": 0.06014237638354681,
    "r2_train": 0.9998965415571456,
    "mse_test": 6.60193531431513e-30,
    "mae_test": 1.4502840687278042e-15,
    "r2_test": 1.0
}