{
    "dataset": "feynman_I_50_26",
    "algorithm": "RILSROLSRegressor",
    "params": {
        "complexity_penalty": 0.001,
        "error_tolerance": 1e-16,
        "max_fit_calls": 1000000,
        "max_seconds": 7200,
        "random_state": 23654
    },
    "random_state": 23654,
    "process_time": 2771.578125,
    "time_time": 2772.0233228206635,
    "target_noise": 0.1,
    "feature_noise": 0.0,
    "true_model": " x1*(cos(omega*t)+alpha*cos(omega*t)**2)",
    "model_size": 18,
    "symbolic_model": "x0*(0.99907987*x3*cos(x1*x2) + 1.03316842)*cos(x1*x2)",
    "mse_train": 0.06545005434043757,
    "mae_train": 0.2049170692401208,
    "r2_train": 0.9835054881858624,
    "mse_test": 0.0025731897828261434,
    "mae_test": 0.04389714372872681,
    "r2_test": 0.999327864693451
}