{
    "dataset": "feynman_I_50_26",
    "algorithm": "RILSROLSRegressor",
    "params": {
        "complexity_penalty": 0.001,
        "error_tolerance": 1e-16,
        "max_fit_calls": 1000000,
        "max_seconds": 7200,
        "random_state": 4426
    },
    "random_state": 4426,
    "process_time": 248.1875,
    "time_time": 248.17685270309448,
    "target_noise": 0.0,
    "feature_noise": 0.0,
    "true_model": " x1*(cos(omega*t)+alpha*cos(omega*t)**2)",
    "model_size": 22,
    "symbolic_model": "x0*(0.5*x3*cos(2*x1*x2) + 0.5*x3 + cos(x1*x2))",
    "mse_train": 6.906967062290581e-30,
    "mae_train": 1.2487528264042147e-15,
    "r2_train": 1.0,
    "mse_test": 6.545844503872405e-30,
    "mae_test": 1.2146011109316797e-15,
    "r2_test": 1.0
}