{
    "dataset": "feynman_I_50_26",
    "algorithm": "RILSROLSRegressor",
    "params": {
        "complexity_penalty": 0.001,
        "error_tolerance": 1e-16,
        "max_fit_calls": 1000000,
        "max_seconds": 7200,
        "random_state": 860
    },
    "random_state": 860,
    "process_time": 48.859375,
    "time_time": 48.86409330368042,
    "target_noise": 0.0,
    "feature_noise": 0.0,
    "true_model": " x1*(cos(omega*t)+alpha*cos(omega*t)**2)",
    "model_size": 22,
    "symbolic_model": "x0*(0.5*x3*cos(2*x1*x2) + 0.5*x3 + cos(x1*x2))",
    "mse_train": 6.756662213105556e-30,
    "mae_train": 1.2483070973385788e-15,
    "r2_train": 1.0,
    "mse_test": 6.765047143076504e-30,
    "mae_test": 1.2467165135947616e-15,
    "r2_test": 1.0
}