{
    "dataset": "feynman_I_50_26",
    "algorithm": "RILSROLSRegressor",
    "params": {
        "complexity_penalty": 0.001,
        "error_tolerance": 1e-16,
        "max_fit_calls": 1000000,
        "max_seconds": 7200,
        "random_state": 28020
    },
    "random_state": 28020,
    "process_time": 3662.625,
    "time_time": 5059.506517648697,
    "target_noise": 0.001,
    "feature_noise": 0.0,
    "true_model": " x1*(cos(omega*t)+alpha*cos(omega*t)**2)",
    "model_size": 18,
    "symbolic_model": "x0*(0.99997381*x3*cos(x1*x2) + 0.99999272)*cos(x1*x2)",
    "mse_train": 6.213546445913268e-06,
    "mae_train": 0.001977564587796065,
    "r2_train": 0.9999983624715734,
    "mse_test": 4.52610748152713e-09,
    "mae_test": 5.0316568173250585e-05,
    "r2_test": 0.9999999988114002
}