{
    "dataset": "feynman_I_50_26",
    "algorithm": "RILSROLSRegressor",
    "params": {
        "complexity_penalty": 0.001,
        "error_tolerance": 1e-16,
        "max_fit_calls": 1000000,
        "max_seconds": 7200,
        "random_state": 28020
    },
    "random_state": 28020,
    "process_time": 840.96875,
    "time_time": 841.5919983386993,
    "target_noise": 0.0,
    "feature_noise": 0.0,
    "true_model": " x1*(cos(omega*t)+alpha*cos(omega*t)**2)",
    "model_size": 16,
    "symbolic_model": "x0*(x3*cos(x1*x2)**2 + cos(x1*x2))",
    "mse_train": 6.583737023517447e-30,
    "mae_train": 1.2211098953285488e-15,
    "r2_train": 1.0,
    "mse_test": 6.709812613683488e-30,
    "mae_test": 1.2060999305032594e-15,
    "r2_test": 1.0
}