{
    "dataset": "feynman_I_50_26",
    "algorithm": "RILSROLSRegressor",
    "params": {
        "complexity_penalty": 0.001,
        "error_tolerance": 1e-16,
        "max_fit_calls": 1000000,
        "max_seconds": 7200,
        "random_state": 29910
    },
    "random_state": 29910,
    "process_time": 2736.609375,
    "time_time": 2737.286642074585,
    "target_noise": 0.01,
    "feature_noise": 0.0,
    "true_model": " x1*(cos(omega*t)+alpha*cos(omega*t)**2)",
    "model_size": 18,
    "symbolic_model": "x0*(1.00044687*x3*cos(x1*x2) + 1.00035173)*cos(x1*x2)",
    "mse_train": 0.0006418637433722638,
    "mae_train": 0.020260829304517468,
    "r2_train": 0.9998334892274455,
    "mse_test": 1.2036911065208458e-06,
    "mae_test": 0.0007467977752384625,
    "r2_test": 0.9999996864128223
}