{
    "dataset": "feynman_I_50_26",
    "algorithm": "RILSROLSRegressor",
    "params": {
        "complexity_penalty": 0.001,
        "error_tolerance": 1e-16,
        "max_fit_calls": 1000000,
        "max_seconds": 7200,
        "random_state": 15795
    },
    "random_state": 15795,
    "process_time": 2403.65625,
    "time_time": 2403.8341476917267,
    "target_noise": 0.001,
    "feature_noise": 0.0,
    "true_model": " x1*(cos(omega*t)+alpha*cos(omega*t)**2)",
    "model_size": 18,
    "symbolic_model": "x0*(1.00005805*x3*cos(x1*x2) + 0.99991962)*cos(x1*x2)",
    "mse_train": 6.517688827036224e-06,
    "mae_train": 0.002039185999686342,
    "r2_train": 0.9999983880461243,
    "mse_test": 5.558505289200693e-08,
    "mae_test": 0.00017252773704549341,
    "r2_test": 0.9999999857524894
}