{
    "dataset": "feynman_I_50_26",
    "algorithm": "RILSROLSRegressor",
    "params": {
        "complexity_penalty": 0.001,
        "error_tolerance": 1e-16,
        "max_fit_calls": 1000000,
        "max_seconds": 7200,
        "random_state": 23654
    },
    "random_state": 23654,
    "process_time": 2675.578125,
    "time_time": 2676.9550273418427,
    "target_noise": 0.001,
    "feature_noise": 0.0,
    "true_model": " x1*(cos(omega*t)+alpha*cos(omega*t)**2)",
    "model_size": 18,
    "symbolic_model": "x0*(0.99998759*x3*cos(x1*x2) + 1.00033147)*cos(x1*x2)",
    "mse_train": 6.548962452122194e-06,
    "mae_train": 0.0020498103207789668,
    "r2_train": 0.9999983199899894,
    "mse_test": 2.611569973432852e-07,
    "mae_test": 0.0004415803894930611,
    "r2_test": 0.9999999317839517
}