{
    "dataset": "feynman_II_15_5",
    "algorithm": "RILSROLSRegressor",
    "params": {
        "complexity_penalty": 0.001,
        "error_tolerance": 1e-16,
        "fitness_type": "FitnessType.BIC",
        "initial_sample_size": 0.01,
        "max_fit_calls": 1000000,
        "max_seconds": 7200,
        "random_perturbations_order": false,
        "random_state": 15795,
        "verbose": false
    },
    "random_state": 15795,
    "process_time": 1733.515625,
    "time_time": 1733.6521437168121,
    "target_noise": 0.001,
    "feature_noise": 0.0,
    "true_model": " -p_d*Ef*cos(theta)",
    "model_size": 9,
    "symbolic_model": "-0.99997915*x0*x1*cos(x2)",
    "mse_train": 4.359813636935562e-05,
    "mae_train": 0.0052719117377864905,
    "r2_train": 0.9999983947774267,
    "mse_test": 1.928109335599236e-08,
    "mae_test": 0.00010387702386962852,
    "r2_test": 0.999999999304841
}