{
    "dataset": "strogatz_barmag1",
    "algorithm": "RILSROLSRegressor",
    "params": {
        "complexity_penalty": 0.001,
        "error_tolerance": 1e-16,
        "max_fit_calls": 1000000,
        "max_seconds": 7200,
        "random_state": 5390
    },
    "random_state": 5390,
    "process_time": 1839.390625,
    "time_time": 1839.7727534770966,
    "target_noise": 0.01,
    "feature_noise": 0.0,
    "true_model": " 0.5 * sin(x - y) - sin(x)",
    "model_size": 14,
    "symbolic_model": "-1.00134924*sin(x0) + 0.49966115*sin(x0 - x1)",
    "mse_train": 7.797135513071278e-06,
    "mae_train": 0.002244189832082312,
    "r2_train": 0.999829954541946,
    "mse_test": 1.0574908266270202e-06,
    "mae_test": 0.0009739622933560723,
    "r2_test": 0.9999837174476996
}