{
    "dataset": "strogatz_barmag1",
    "algorithm": "RILSROLSRegressor",
    "params": {
        "complexity_penalty": 0.001,
        "error_tolerance": 1e-16,
        "max_fit_calls": 1000000,
        "max_seconds": 7200,
        "random_state": 29910
    },
    "random_state": 29910,
    "process_time": 2162.734375,
    "time_time": 2163.1366181373596,
    "target_noise": 0.01,
    "feature_noise": 0.0,
    "true_model": " 0.5 * sin(x - y) - sin(x)",
    "model_size": 28,
    "symbolic_model": "-0.54149187*x0 - 3.32454933*exp(10*x1/sin(x0)) - 0.86601173*sin(cos(x1) + 1)**2 + 3.98656703",
    "mse_train": 0.0009275150450565343,
    "mae_train": 0.01088080229198906,
    "r2_train": 0.9831739261232962,
    "mse_test": 0.0003889688488733513,
    "mae_test": 0.009069492199879875,
    "r2_test": 0.9892911399779898
}