{
    "dataset": "strogatz_barmag1",
    "algorithm": "RILSROLSRegressor",
    "params": {
        "complexity_penalty": 0.001,
        "error_tolerance": 1e-16,
        "max_fit_calls": 1000000,
        "max_seconds": 7200,
        "random_state": 23654
    },
    "random_state": 23654,
    "process_time": 2293.4375,
    "time_time": 2300.7257511615753,
    "target_noise": 0.0,
    "feature_noise": 0.0,
    "true_model": " 0.5 * sin(x - y) - sin(x)",
    "model_size": 23,
    "symbolic_model": "-0.23897836*x0 - 0.46668043*sin(x0 + sin(x1)) + 1.7630478 - 12.43212366*cos(x1)/x0**2",
    "mse_train": 0.0002642876609321542,
    "mae_train": 0.009615815533727132,
    "r2_train": 0.9953331277908901,
    "mse_test": 0.00016428580344415814,
    "mae_test": 0.008155499636656065,
    "r2_test": 0.9947322444475699
}