{
    "dataset": "strogatz_barmag1",
    "algorithm": "RILSROLSRegressor",
    "params": {
        "complexity_penalty": 0.001,
        "error_tolerance": 1e-16,
        "max_fit_calls": 1000000,
        "max_seconds": 7200,
        "random_state": 16850
    },
    "random_state": 16850,
    "process_time": 2342.203125,
    "time_time": 2342.947689771652,
    "target_noise": 0.1,
    "feature_noise": 0.0,
    "true_model": " 0.5 * sin(x - y) - sin(x)",
    "model_size": 16,
    "symbolic_model": "-1.01009186*sin(x0) + 0.48924277*sin(x0 - x1) - 0.01227595",
    "mse_train": 0.0008815156318205382,
    "mae_train": 0.023833706324745338,
    "r2_train": 0.9831363485435602,
    "mse_test": 1.165813868306091e-05,
    "mae_test": 0.0026211221993877147,
    "r2_test": 0.9997626762869614
}