{
    "dataset": "strogatz_barmag1",
    "algorithm": "RILSROLSRegressor",
    "params": {
        "complexity_penalty": 0.001,
        "error_tolerance": 1e-16,
        "max_fit_calls": 1000000,
        "max_seconds": 7200,
        "random_state": 14423
    },
    "random_state": 14423,
    "process_time": 2118.25,
    "time_time": 2118.2877571582794,
    "target_noise": 0.0,
    "feature_noise": 0.0,
    "true_model": " 0.5 * sin(x - y) - sin(x)",
    "model_size": 27,
    "symbolic_model": "-0.55029585*x0 + 0.59614525*cos(x1)**2 - 0.61667607*cos(x1) + 3.34095984 - 533326924475.164/(x0 + exp(x1))**16",
    "mse_train": 0.0006545772100682493,
    "mae_train": 0.009269886589561547,
    "r2_train": 0.9863241768052091,
    "mse_test": 0.0007274608471025085,
    "mae_test": 0.010833296205037478,
    "r2_test": 0.9875923076051465
}