{
    "dataset": "strogatz_barmag1",
    "algorithm": "RILSROLSRegressor",
    "params": {
        "complexity_penalty": 0.001,
        "error_tolerance": 1e-16,
        "max_fit_calls": 1000000,
        "max_seconds": 7200,
        "random_state": 860
    },
    "random_state": 860,
    "process_time": 31.984375,
    "time_time": 31.99013590812683,
    "target_noise": 0.0,
    "feature_noise": 0.0,
    "true_model": " 0.5 * sin(x - y) - sin(x)",
    "model_size": 14,
    "symbolic_model": "-sin(x0) + 0.5*sin(x0 - x1)",
    "mse_train": 3.819032142038493e-30,
    "mae_train": 1.5887927547660515e-15,
    "r2_train": 1.0,
    "mse_test": 2.8373215520283573e-30,
    "mae_test": 1.4582605956103833e-15,
    "r2_test": 1.0
}