{
    "dataset": "feynman_II_15_5",
    "algorithm": "RILSROLSRegressor",
    "params": {
        "complexity_penalty": 0.001,
        "error_tolerance": 1e-16,
        "max_fit_calls": 1000000,
        "max_seconds": 7200,
        "random_state": 21962
    },
    "random_state": 21962,
    "process_time": 21.5625,
    "time_time": 21.557053804397583,
    "target_noise": 0.0,
    "feature_noise": 0.0,
    "true_model": " -p_d*Ef*cos(theta)",
    "model_size": 9,
    "symbolic_model": "-x0*x1*cos(x2)",
    "mse_train": 1.1302463258611311e-29,
    "mae_train": 1.6946494229598542e-15,
    "r2_train": 1.0,
    "mse_test": 1.1121174457412245e-29,
    "mae_test": 1.708008211319216e-15,
    "r2_test": 1.0
}