{
    "dataset": "feynman_II_15_5",
    "algorithm": "RILSROLSRegressor",
    "params": {
        "complexity_penalty": 0.001,
        "error_tolerance": 1e-16,
        "max_fit_calls": 1000000,
        "max_seconds": 7200,
        "random_state": 5390
    },
    "random_state": 5390,
    "process_time": 16.140625,
    "time_time": 16.1517391204834,
    "target_noise": 0.0,
    "feature_noise": 0.0,
    "true_model": " -p_d*Ef*cos(theta)",
    "model_size": 9,
    "symbolic_model": "-x0*x1*cos(x2)",
    "mse_train": 1.1087904154003451e-29,
    "mae_train": 1.7166241301699858e-15,
    "r2_train": 1.0,
    "mse_test": 1.0354077390500018e-29,
    "mae_test": 1.6474274115024778e-15,
    "r2_test": 1.0
}