{
    "dataset": "feynman_II_15_5",
    "algorithm": "RILSROLSRegressor",
    "params": {
        "complexity_penalty": 0.001,
        "error_tolerance": 1e-16,
        "max_fit_calls": 1000000,
        "max_seconds": 7200,
        "random_state": 4426
    },
    "random_state": 4426,
    "process_time": 117.359375,
    "time_time": 117.39059090614319,
    "target_noise": 0.0,
    "feature_noise": 0.0,
    "true_model": " -p_d*Ef*cos(theta)",
    "model_size": 9,
    "symbolic_model": "-x0*x1*cos(x2)",
    "mse_train": 1.1575963593943184e-29,
    "mae_train": 1.7503219143163994e-15,
    "r2_train": 1.0,
    "mse_test": 1.0745693064032829e-29,
    "mae_test": 1.673882238872014e-15,
    "r2_test": 1.0
}