{
    "dataset": "feynman_II_15_5",
    "algorithm": "RILSROLSRegressor",
    "params": {
        "complexity_penalty": 0.001,
        "error_tolerance": 1e-16,
        "max_fit_calls": 1000000,
        "max_seconds": 7200,
        "random_state": 4426
    },
    "random_state": 4426,
    "process_time": 2027.625,
    "time_time": 2028.2114267349243,
    "target_noise": 0.01,
    "feature_noise": 0.0,
    "true_model": " -p_d*Ef*cos(theta)",
    "model_size": 9,
    "symbolic_model": "-1.00060742*x0*x1*cos(x2)",
    "mse_train": 0.004503023148989482,
    "mae_train": 0.05368589208651782,
    "r2_train": 0.9998392383130571,
    "mse_test": 1.6067044767832193e-05,
    "mae_test": 0.0029948847524952408,
    "r2_test": 0.999999414896174
}