{
    "dataset": "feynman_II_15_5",
    "algorithm": "RILSROLSRegressor",
    "params": {
        "complexity_penalty": 0.001,
        "error_tolerance": 1e-16,
        "max_fit_calls": 1000000,
        "max_seconds": 7200,
        "random_state": 14423
    },
    "random_state": 14423,
    "process_time": 187.078125,
    "time_time": 187.07700991630554,
    "target_noise": 0.0,
    "feature_noise": 0.0,
    "true_model": " -p_d*Ef*cos(theta)",
    "model_size": 9,
    "symbolic_model": "-x0*x1*cos(x2)",
    "mse_train": 1.1352080915116924e-29,
    "mae_train": 1.7120124003351666e-15,
    "r2_train": 1.0,
    "mse_test": 1.0905069066441434e-29,
    "mae_test": 1.6907268185310798e-15,
    "r2_test": 1.0
}