{
    "dataset": "feynman_II_15_5",
    "algorithm": "RILSROLSRegressor",
    "params": {
        "complexity_penalty": 0.001,
        "error_tolerance": 1e-16,
        "max_fit_calls": 1000000,
        "max_seconds": 7200,
        "random_state": 860
    },
    "random_state": 860,
    "process_time": 1789.421875,
    "time_time": 1789.672131538391,
    "target_noise": 0.01,
    "feature_noise": 0.0,
    "true_model": " -p_d*Ef*cos(theta)",
    "model_size": 9,
    "symbolic_model": "-1.0000968*x0*x1*cos(x2)",
    "mse_train": 0.004357393550136446,
    "mae_train": 0.05284324639873968,
    "r2_train": 0.999838158405836,
    "mse_test": 4.125490026028899e-07,
    "mae_test": 0.00048026114055870926,
    "r2_test": 0.9999999850409902
}