{
    "dataset": "feynman_I_13_12",
    "algorithm": "RILSROLSRegressor",
    "params": {
        "complexity_penalty": 0.001,
        "error_tolerance": 1e-16,
        "fitness_type": "FitnessType.BIC",
        "initial_sample_size": 0.01,
        "max_fit_calls": 1000000,
        "max_seconds": 7200,
        "random_perturbations_order": false,
        "random_state": 860,
        "verbose": false
    },
    "random_state": 860,
    "process_time": 2832.078125,
    "time_time": 2832.439475297928,
    "target_noise": 0.0,
    "feature_noise": 0.0,
    "true_model": " G*m1*m2*(1/r2-1/r1)",
    "model_size": 41,
    "symbolic_model": "4.66941326*x0**2/(1 + x3/x2)**20 - 1.02399341*x0*x1*x4*(1/(x2*x3))**0.5*log(x3/x2)",
    "mse_train": 0.055725816899258804,
    "mae_train": 0.09605088812615303,
    "r2_train": 0.999295712445652,
    "mse_test": 0.06148002148285765,
    "mae_test": 0.09726653671388669,
    "r2_test": 0.9992742375455487
}