{
    "dataset": "feynman_I_13_12",
    "algorithm": "RILSROLSRegressor",
    "params": {
        "complexity_penalty": 0.001,
        "error_tolerance": 1e-16,
        "fitness_type": "FitnessType.BIC",
        "initial_sample_size": 0.01,
        "max_fit_calls": 1000000,
        "max_seconds": 7200,
        "random_perturbations_order": false,
        "random_state": 23654,
        "verbose": false
    },
    "random_state": 23654,
    "process_time": 3051.0,
    "time_time": 3052.7979731559753,
    "target_noise": 0.001,
    "feature_noise": 0.0,
    "true_model": " G*m1*m2*(1/r2-1/r1)",
    "model_size": 55,
    "symbolic_model": "0.45702132*x0*x1*x4*log(x2/x3)/x3 + 0.54227369*x0*x1*x4*sin(log(x2/x3))/x2 - 4.13e-5*x1**2*x3**6/x2**6 + 0.05470022",
    "mse_train": 0.07886338489155655,
    "mae_train": 0.09059866125474755,
    "r2_train": 0.9990709125063865,
    "mse_test": 0.05751783094665208,
    "mae_test": 0.08735605023359476,
    "r2_test": 0.9993151334599525
}