{
    "dataset": "feynman_I_13_12",
    "algorithm": "RILSROLSRegressor",
    "params": {
        "complexity_penalty": 0.001,
        "error_tolerance": 1e-16,
        "fitness_type": "FitnessType.BIC",
        "initial_sample_size": 0.01,
        "max_fit_calls": 1000000,
        "max_seconds": 7200,
        "random_perturbations_order": false,
        "random_state": 21962,
        "verbose": false
    },
    "random_state": 21962,
    "process_time": 2756.671875,
    "time_time": 2756.9641602039337,
    "target_noise": 0.0,
    "feature_noise": 0.0,
    "true_model": " G*m1*m2*(1/r2-1/r1)",
    "model_size": 49,
    "symbolic_model": "0.37312014*x0*x1*x4*log(x2/x3) + 2.62561555*x1*x4/(x2*x3**5) + 2.23978537*x3 + 5.51827603*log(log(x2)/(x2*x3)) + 4.69010644",
    "mse_train": 3.407494774346714,
    "mae_train": 0.8296676340287819,
    "r2_train": 0.958894217884703,
    "mse_test": 4.22780719124071,
    "mae_test": 0.8812016687809974,
    "r2_test": 0.9496580094137084
}