{
    "dataset": "feynman_II_4_23",
    "algorithm": "RILSROLSRegressor",
    "params": {
        "complexity_penalty": 0.001,
        "error_tolerance": 1e-16,
        "max_fit_calls": 1000000,
        "max_seconds": 7200,
        "random_state": 14423
    },
    "random_state": 14423,
    "process_time": 1862.796875,
    "time_time": 1863.0656971931458,
    "target_noise": 0.01,
    "feature_noise": 0.0,
    "true_model": " q/(4*3.1415926535*epsilon*r)",
    "model_size": 12,
    "symbolic_model": "0.07941604*x0/(x1*x2)",
    "mse_train": 2.7143628849091307e-07,
    "mae_train": 0.0004141307338081905,
    "r2_train": 0.9997620440314485,
    "mse_test": 1.0641096906346287e-08,
    "mae_test": 7.813105995946872e-05,
    "r2_test": 0.999990347292225
}