{
    "dataset": "feynman_II_4_23",
    "algorithm": "RILSROLSRegressor",
    "params": {
        "complexity_penalty": 0.001,
        "error_tolerance": 1e-16,
        "max_fit_calls": 1000000,
        "max_seconds": 7200,
        "random_state": 5390
    },
    "random_state": 5390,
    "process_time": 3.5,
    "time_time": 3.492000102996826,
    "target_noise": 0.0,
    "feature_noise": 0.0,
    "true_model": " q/(4*3.1415926535*epsilon*r)",
    "model_size": 12,
    "symbolic_model": "0.07957747*x0/(x1*x2)",
    "mse_train": 9.792382958741789e-19,
    "mae_train": 7.452341083610814e-10,
    "r2_train": 0.9999999999999991,
    "mse_test": 9.714644436093814e-19,
    "mae_test": 7.429585977601627e-10,
    "r2_test": 0.9999999999999991
}