{
    "dataset": "feynman_II_4_23",
    "algorithm": "RILSROLSRegressor",
    "params": {
        "complexity_penalty": 0.001,
        "error_tolerance": 1e-16,
        "max_fit_calls": 1000000,
        "max_seconds": 7200,
        "random_state": 16850
    },
    "random_state": 16850,
    "process_time": 2.984375,
    "time_time": 2.9970145225524902,
    "target_noise": 0.0,
    "feature_noise": 0.0,
    "true_model": " q/(4*3.1415926535*epsilon*r)",
    "model_size": 12,
    "symbolic_model": "0.07957747*x0/(x1*x2)",
    "mse_train": 1.0042583464216304e-18,
    "mae_train": 7.572985235335984e-10,
    "r2_train": 0.9999999999999991,
    "mse_test": 9.751965118353913e-19,
    "mae_test": 7.474217333489248e-10,
    "r2_test": 0.9999999999999991
}