{
    "dataset": "feynman_II_4_23",
    "algorithm": "RILSROLSRegressor",
    "params": {
        "complexity_penalty": 0.001,
        "error_tolerance": 1e-16,
        "max_fit_calls": 1000000,
        "max_seconds": 7200,
        "random_state": 23654
    },
    "random_state": 23654,
    "process_time": 1932.15625,
    "time_time": 1933.3948335647583,
    "target_noise": 0.01,
    "feature_noise": 0.0,
    "true_model": " q/(4*3.1415926535*epsilon*r)",
    "model_size": 12,
    "symbolic_model": "0.07936355*x0/(x1*x2)",
    "mse_train": 2.82406362858895e-07,
    "mae_train": 0.00042520897624844195,
    "r2_train": 0.9997545430384103,
    "mse_test": 1.873907044836875e-08,
    "mae_test": 0.00010351526194559458,
    "r2_test": 0.9999831226499619
}