{
    "dataset": "feynman_III_4_32",
    "algorithm": "RILSROLSRegressor",
    "params": {
        "complexity_penalty": 0.001,
        "error_tolerance": 1e-16,
        "max_fit_calls": 1000000,
        "max_seconds": 7200,
        "random_state": 28020
    },
    "random_state": 28020,
    "process_time": 2006.71875,
    "time_time": 2006.8418583869934,
    "target_noise": 0.001,
    "feature_noise": 0.0,
    "true_model": " 1/(exp((h/(2*3.1415926535))*omega/(kb*T))-1)",
    "model_size": 16,
    "symbolic_model": "-0.46961351 + 6.2746266*x2*x3/(x0*x1)",
    "mse_train": 0.00041259023716340193,
    "mae_train": 0.014532665305276964,
    "r2_train": 0.9999951622818295,
    "mse_test": 0.00028110959656612705,
    "mae_test": 0.010142422151237404,
    "r2_test": 0.9999967117513506
}