{
    "dataset": "feynman_III_4_32",
    "algorithm": "RILSROLSRegressor",
    "params": {
        "complexity_penalty": 0.001,
        "error_tolerance": 1e-16,
        "max_fit_calls": 1000000,
        "max_seconds": 7200,
        "random_state": 29910
    },
    "random_state": 29910,
    "process_time": 2733.328125,
    "time_time": 2734.418546438217,
    "target_noise": 0.1,
    "feature_noise": 0.0,
    "true_model": " 1/(exp((h/(2*3.1415926535))*omega/(kb*T))-1)",
    "model_size": 40,
    "symbolic_model": "0.23444007*x3 - 1.27967019 - 463.93595884/(x0*x1 + x2)**4 + 6.26708758*x2*x3/(x0*x1) + 10.69150885/(x0**2*x3**2)",
    "mse_train": 2.248339957430804,
    "mae_train": 1.1359577231286087,
    "r2_train": 0.9729814017673706,
    "mse_test": 0.6677965697219986,
    "mae_test": 0.3648744788474909,
    "r2_test": 0.9922783909781602
}