{
    "dataset": "feynman_III_4_32",
    "algorithm": "RILSROLSRegressor",
    "params": {
        "complexity_penalty": 0.001,
        "error_tolerance": 1e-16,
        "max_fit_calls": 1000000,
        "max_seconds": 7200,
        "random_state": 23654
    },
    "random_state": 23654,
    "process_time": 2244.140625,
    "time_time": 2245.0319821834564,
    "target_noise": 0.1,
    "feature_noise": 0.0,
    "true_model": " 1/(exp((h/(2*3.1415926535))*omega/(kb*T))-1)",
    "model_size": 41,
    "symbolic_model": "0.02840581*(x3*cos(x0)**40)**0.5*exp(x1)*sin(x0 + 0.5*x1**2*x3) - 0.59471008 + 6.2569383*x2*x3/(x0*x1)",
    "mse_train": 1.9420735847432955,
    "mae_train": 1.092462958048195,
    "r2_train": 0.9778747116977611,
    "mse_test": 0.347403328553319,
    "mae_test": 0.27566147570866006,
    "r2_test": 0.995879453213731
}