{
    "dataset": "feynman_III_4_32",
    "algorithm": "RILSROLSRegressor",
    "params": {
        "complexity_penalty": 0.001,
        "error_tolerance": 1e-16,
        "max_fit_calls": 1000000,
        "max_seconds": 7200,
        "random_state": 15795
    },
    "random_state": 15795,
    "process_time": 2246.5,
    "time_time": 2256.8174719810486,
    "target_noise": 0.001,
    "feature_noise": 0.0,
    "true_model": " 1/(exp((h/(2*3.1415926535))*omega/(kb*T))-1)",
    "model_size": 16,
    "symbolic_model": "-0.47308329 + 6.27702867*x2*x3/(x0*x1)",
    "mse_train": 0.00044181331431169174,
    "mae_train": 0.014739629039393708,
    "r2_train": 0.999994947049411,
    "mse_test": 0.00026628273994781706,
    "mae_test": 0.009874476566174916,
    "r2_test": 0.999996916351034
}