{
    "dataset": "feynman_III_4_32",
    "algorithm": "RILSROLSRegressor",
    "params": {
        "complexity_penalty": 0.001,
        "error_tolerance": 1e-16,
        "max_fit_calls": 1000000,
        "max_seconds": 7200,
        "random_state": 21962
    },
    "random_state": 21962,
    "process_time": 2323.234375,
    "time_time": 2323.4015464782715,
    "target_noise": 0.0,
    "feature_noise": 0.0,
    "true_model": " 1/(exp((h/(2*3.1415926535))*omega/(kb*T))-1)",
    "model_size": 16,
    "symbolic_model": "-0.46736164 + 6.27434568*x2*x3/(x0*x1)",
    "mse_train": 0.0002665773164895466,
    "mae_train": 0.010744134163534128,
    "r2_train": 0.99999677953529,
    "mse_test": 0.00026761654293171535,
    "mae_test": 0.010818572706545881,
    "r2_test": 0.9999967266258863
}