{
    "dataset": "feynman_I_29_16",
    "algorithm": "RILSROLSRegressor",
    "params": {
        "complexity_penalty": 0.001,
        "error_tolerance": 1e-16,
        "fitness_type": "FitnessType.BIC",
        "initial_sample_size": 0.01,
        "max_fit_calls": 1000000,
        "max_seconds": 7200,
        "random_perturbations_order": false,
        "random_state": 16850,
        "verbose": false
    },
    "random_state": 16850,
    "process_time": 2466.578125,
    "time_time": 2466.8081407546997,
    "target_noise": 0.0,
    "feature_noise": 0.0,
    "true_model": " sqrt(x1**2+x2**2-2*x1*x2*cos(theta1-theta2))",
    "model_size": 46,
    "symbolic_model": "-0.40355319*x0*x1**0.5*cos(x2 - x3) + 1.70942334*x0 - 0.53909274*x1**0.5*cos(x2 - x3)**2 + 1.77209054*x1 - 2.08284731*(x0*x1)**0.5",
    "mse_train": 0.12267318794946556,
    "mae_train": 0.2568876682857915,
    "r2_train": 0.9668476140484292,
    "mse_test": 0.11888449296262693,
    "mae_test": 0.25441843631805555,
    "r2_test": 0.9680843728808465
}