{
    "dataset": "feynman_I_29_16",
    "algorithm": "RILSROLSRegressor",
    "params": {
        "complexity_penalty": 0.001,
        "error_tolerance": 1e-16,
        "fitness_type": "FitnessType.BIC",
        "initial_sample_size": 0.01,
        "max_fit_calls": 1000000,
        "max_seconds": 7200,
        "random_perturbations_order": false,
        "random_state": 4426,
        "verbose": false
    },
    "random_state": 4426,
    "process_time": 1735.875,
    "time_time": 1736.0254306793213,
    "target_noise": 0.0,
    "feature_noise": 0.0,
    "true_model": " sqrt(x1**2+x2**2-2*x1*x2*cos(theta1-theta2))",
    "model_size": 20,
    "symbolic_model": "1.10328716*(2**(x0 + x1)*(x2 - x3)**2)**0.25 + 0.36632786",
    "mse_train": 0.4483141859629377,
    "mae_train": 0.5119924242679692,
    "r2_train": 0.8776173830836751,
    "mse_test": 0.44178341814018457,
    "mae_test": 0.5123241129724208,
    "r2_test": 0.8790815820532432
}