{
    "dataset": "feynman_I_29_16",
    "algorithm": "RILSROLSRegressor",
    "params": {
        "complexity_penalty": 0.001,
        "error_tolerance": 1e-16,
        "fitness_type": "FitnessType.BIC",
        "initial_sample_size": 0.01,
        "max_fit_calls": 1000000,
        "max_seconds": 7200,
        "random_perturbations_order": false,
        "random_state": 15795,
        "verbose": false
    },
    "random_state": 15795,
    "process_time": 2402.109375,
    "time_time": 2403.241289138794,
    "target_noise": 0.0,
    "feature_noise": 0.0,
    "true_model": " sqrt(x1**2+x2**2-2*x1*x2*cos(theta1-theta2))",
    "model_size": 30,
    "symbolic_model": "0.1200797*x0**2 - 0.46261375*x1*(x0 + sin(x1))**0.5*cos(x2 - x3) + 0.60688263*x1 + 1.03111535",
    "mse_train": 0.20308274926252112,
    "mae_train": 0.3518407313114667,
    "r2_train": 0.9443344101022055,
    "mse_test": 0.19870333977864632,
    "mae_test": 0.3475505108516575,
    "r2_test": 0.945613826992187
}