{
    "dataset": "feynman_I_29_4",
    "algorithm": "RILSROLSRegressor",
    "params": {
        "complexity_penalty": 0.001,
        "error_tolerance": 1e-16,
        "max_fit_calls": 1000000,
        "max_seconds": 7200,
        "random_state": 5390
    },
    "random_state": 5390,
    "process_time": 1880.21875,
    "time_time": 1880.6769304275513,
    "target_noise": 0.01,
    "feature_noise": 0.0,
    "true_model": " omega/c",
    "model_size": 6,
    "symbolic_model": "x0/x1",
    "mse_train": 0.0003760507339878514,
    "mae_train": 0.015484717978403626,
    "r2_train": 0.9997844735291344,
    "mse_test": 1.5385840635957572e-31,
    "mae_test": 2.058914150282476e-16,
    "r2_test": 1.0
}