{
    "dataset": "feynman_I_29_4",
    "algorithm": "RILSROLSRegressor",
    "params": {
        "complexity_penalty": 0.001,
        "error_tolerance": 1e-16,
        "max_fit_calls": 1000000,
        "max_seconds": 7200,
        "random_state": 860
    },
    "random_state": 860,
    "process_time": 2399.1875,
    "time_time": 2973.2840037345886,
    "target_noise": 0.01,
    "feature_noise": 0.0,
    "true_model": " omega/c",
    "model_size": 6,
    "symbolic_model": "x0/x1",
    "mse_train": 0.0003797543607186371,
    "mae_train": 0.01559868784321138,
    "r2_train": 0.9997801932374926,
    "mse_test": 1.5138219971147816e-31,
    "mae_test": 2.0420387603081735e-16,
    "r2_test": 1.0
}