{
    "dataset": "feynman_I_29_4",
    "algorithm": "RILSROLSRegressor",
    "params": {
        "complexity_penalty": 0.001,
        "error_tolerance": 1e-16,
        "max_fit_calls": 1000000,
        "max_seconds": 7200,
        "random_state": 5390
    },
    "random_state": 5390,
    "process_time": 2090.046875,
    "time_time": 2090.8892965316772,
    "target_noise": 0.1,
    "feature_noise": 0.0,
    "true_model": " omega/c",
    "model_size": 6,
    "symbolic_model": "x0/x1",
    "mse_train": 0.037605073398785126,
    "mae_train": 0.1548471797840362,
    "r2_train": 0.9787942482988358,
    "mse_test": 1.5385840635957572e-31,
    "mae_test": 2.058914150282476e-16,
    "r2_test": 1.0
}