{
    "dataset": "feynman_I_29_4",
    "algorithm": "RILSROLSRegressor",
    "params": {
        "complexity_penalty": 0.001,
        "error_tolerance": 1e-16,
        "max_fit_calls": 1000000,
        "max_seconds": 7200,
        "random_state": 860
    },
    "random_state": 860,
    "process_time": 1.40625,
    "time_time": 1.4079720973968506,
    "target_noise": 0.0,
    "feature_noise": 0.0,
    "true_model": " omega/c",
    "model_size": 6,
    "symbolic_model": "x0/x1",
    "mse_train": 1.446073906128462e-31,
    "mae_train": 2.037356394701817e-16,
    "r2_train": 1.0,
    "mse_test": 1.5138219971147816e-31,
    "mae_test": 2.0420387603081735e-16,
    "r2_test": 1.0
}