{
    "dataset": "feynman_I_29_4",
    "algorithm": "RILSROLSRegressor",
    "params": {
        "complexity_penalty": 0.001,
        "error_tolerance": 1e-16,
        "max_fit_calls": 1000000,
        "max_seconds": 7200,
        "random_state": 23654
    },
    "random_state": 23654,
    "process_time": 1896.125,
    "time_time": 1898.2039997577667,
    "target_noise": 0.001,
    "feature_noise": 0.0,
    "true_model": " omega/c",
    "model_size": 6,
    "symbolic_model": "x0/x1",
    "mse_train": 3.811590271074758e-06,
    "mae_train": 0.0015613557287811955,
    "r2_train": 0.9999978390141949,
    "mse_test": 1.4850093918119687e-31,
    "mae_test": 2.0433654768226006e-16,
    "r2_test": 1.0
}