{
    "dataset": "feynman_I_29_4",
    "algorithm": "RILSROLSRegressor",
    "params": {
        "complexity_penalty": 0.001,
        "error_tolerance": 1e-16,
        "max_fit_calls": 1000000,
        "max_seconds": 7200,
        "random_state": 16850
    },
    "random_state": 16850,
    "process_time": 1916.03125,
    "time_time": 1916.743040561676,
    "target_noise": 0.1,
    "feature_noise": 0.0,
    "true_model": " omega/c",
    "model_size": 6,
    "symbolic_model": "x0/x1",
    "mse_train": 0.03942042662719907,
    "mae_train": 0.15879637730327495,
    "r2_train": 0.978022318600176,
    "mse_test": 1.4883497247075138e-31,
    "mae_test": 2.0381585308371086e-16,
    "r2_test": 1.0
}