{
    "dataset": "feynman_I_48_2",
    "algorithm": "RILSROLSRegressor",
    "params": {
        "complexity_penalty": 0.001,
        "error_tolerance": 1e-16,
        "fitness_type": "FitnessType.BIC",
        "initial_sample_size": 0.01,
        "max_fit_calls": 1000000,
        "max_seconds": 7200,
        "random_perturbations_order": false,
        "random_state": 860,
        "verbose": false
    },
    "random_state": 860,
    "process_time": 3056.546875,
    "time_time": 3056.820665359497,
    "target_noise": 0.0,
    "feature_noise": 0.0,
    "true_model": " m*c**2/sqrt(1-v**2/c**2)",
    "model_size": 42,
    "symbolic_model": "x0*(0.05474279*5.14159265**(2*x1**2/x2**2)*x1**2 + 0.19806217*x1**4/x2**2 + 0.44515742*x1**2 + 1.00000121*x2**2)",
    "mse_train": 6.157932427762046e-08,
    "mae_train": 4.8793886085193526e-05,
    "r2_train": 0.9999999999940384,
    "mse_test": 3.914183498260964e-08,
    "mae_test": 4.390656191720737e-05,
    "r2_test": 0.9999999999962313
}