{
    "dataset": "feynman_I_48_2",
    "algorithm": "RILSROLSRegressor",
    "params": {
        "complexity_penalty": 0.001,
        "error_tolerance": 1e-16,
        "fitness_type": "FitnessType.BIC",
        "initial_sample_size": 0.01,
        "max_fit_calls": 1000000,
        "max_seconds": 7200,
        "random_perturbations_order": false,
        "random_state": 29910,
        "verbose": false
    },
    "random_state": 29910,
    "process_time": 3708.171875,
    "time_time": 3708.4907331466675,
    "target_noise": 0.0,
    "feature_noise": 0.0,
    "true_model": " m*c**2/sqrt(1-v**2/c**2)",
    "model_size": 64,
    "symbolic_model": "0.35193459*x0*x1**5/x2**3 + 0.000264*x0*x1**4/(-x1 + x2 - 0.5)**3 + 0.40705703*x0*x1**2 - 0.08360213*x0*x1**2/(x1/x2 - 1) + 1.00004535*x0*x2**2",
    "mse_train": 3.1691182635860024e-07,
    "mae_train": 0.0002612924652456316,
    "r2_train": 0.9999999999681647,
    "mse_test": 3.3957073903696504e-07,
    "mae_test": 0.00026113742962476864,
    "r2_test": 0.9999999999664797
}