{
    "dataset": "feynman_I_48_2",
    "algorithm": "RILSROLSRegressor",
    "params": {
        "complexity_penalty": 0.001,
        "error_tolerance": 1e-16,
        "fitness_type": "FitnessType.BIC",
        "initial_sample_size": 0.01,
        "max_fit_calls": 1000000,
        "max_seconds": 7200,
        "random_perturbations_order": false,
        "random_state": 5390,
        "verbose": false
    },
    "random_state": 5390,
    "process_time": 2644.46875,
    "time_time": 2644.6954066753387,
    "target_noise": 0.0,
    "feature_noise": 0.0,
    "true_model": " m*c**2/sqrt(1-v**2/c**2)",
    "model_size": 34,
    "symbolic_model": "-0.11017399*x0*x1**3/(x1 - 0.9*x2) + 0.48047336*x0*x1**2 + 1.00013939*x0*x2**2 - 0.00143882",
    "mse_train": 0.00014169025684027055,
    "mae_train": 0.003212319701825308,
    "r2_train": 0.9999999863524875,
    "mse_test": 0.00013429957753276708,
    "mae_test": 0.0031489627636911923,
    "r2_test": 0.9999999870307524
}