{
    "dataset": "feynman_I_48_2",
    "algorithm": "RILSROLSRegressor",
    "params": {
        "complexity_penalty": 0.001,
        "error_tolerance": 1e-16,
        "fitness_type": "FitnessType.BIC",
        "initial_sample_size": 0.01,
        "max_fit_calls": 1000000,
        "max_seconds": 7200,
        "random_perturbations_order": false,
        "random_state": 15795,
        "verbose": false
    },
    "random_state": 15795,
    "process_time": 2637.046875,
    "time_time": 2637.277179002762,
    "target_noise": 0.001,
    "feature_noise": 0.0,
    "true_model": " m*c**2/sqrt(1-v**2/c**2)",
    "model_size": 28,
    "symbolic_model": "x0*(1.00796749*x1**5 + x2**3*(0.50030011*x1**2 + 1.0002883*x2**2))/x2**3",
    "mse_train": 0.03336721659935921,
    "mae_train": 0.14511122181296113,
    "r2_train": 0.9999968215515762,
    "mse_test": 0.002684724422366442,
    "mae_test": 0.034238381962798506,
    "r2_test": 0.9999997363849557
}