{
    "dataset": "feynman_II_35_18",
    "algorithm": "RILSROLSRegressor",
    "params": {
        "complexity_penalty": 0.001,
        "error_tolerance": 1e-16,
        "max_fit_calls": 1000000,
        "max_seconds": 7200,
        "random_state": 860
    },
    "random_state": 860,
    "process_time": 2524.171875,
    "time_time": 2524.4584016799927,
    "target_noise": 0.001,
    "feature_noise": 0.0,
    "true_model": " n_0/(exp(mom*B/(kb*T))+exp(-mom*B/(kb*T)))",
    "model_size": 27,
    "symbolic_model": "x0*(0.50416098*cos(sin(log(1 + x3*x4/(x1*x2)))**2 + 0.9) + 0.19344801)",
    "mse_train": 0.00014319703192876382,
    "mae_train": 0.003776553767439042,
    "r2_train": 0.9985610312625631,
    "mse_test": 0.00015522108037111694,
    "mae_test": 0.0037730885772866776,
    "r2_test": 0.9984494963861261
}