{
    "dataset": "feynman_II_35_18",
    "algorithm": "RILSROLSRegressor",
    "params": {
        "complexity_penalty": 0.001,
        "error_tolerance": 1e-16,
        "max_fit_calls": 1000000,
        "max_seconds": 7200,
        "random_state": 14423
    },
    "random_state": 14423,
    "process_time": 3107.890625,
    "time_time": 3385.9342651367188,
    "target_noise": 0.001,
    "feature_noise": 0.0,
    "true_model": " n_0/(exp(mom*B/(kb*T))+exp(-mom*B/(kb*T)))",
    "model_size": 32,
    "symbolic_model": "0.46493476*x0*sin(log(x1*x2/(x4 + 0.5) + 2/x3))**2 - 0.01591447*x3*x4 + 0.06918074",
    "mse_train": 0.001665480219105151,
    "mae_train": 0.027277316919247157,
    "r2_train": 0.983408412516237,
    "mse_test": 0.0016276502080155846,
    "mae_test": 0.027336344987926958,
    "r2_test": 0.9837747537875562
}