{
    "dataset": "feynman_II_35_18",
    "algorithm": "RILSROLSRegressor",
    "params": {
        "complexity_penalty": 0.001,
        "error_tolerance": 1e-16,
        "max_fit_calls": 1000000,
        "max_seconds": 7200,
        "random_state": 21962
    },
    "random_state": 21962,
    "process_time": 3546.328125,
    "time_time": 4645.187210321426,
    "target_noise": 0.001,
    "feature_noise": 0.0,
    "true_model": " n_0/(exp(mom*B/(kb*T))+exp(-mom*B/(kb*T)))",
    "model_size": 28,
    "symbolic_model": "-0.04712019*x0 + 1.10675385*x0/(2 + x3**2*x4**2/(x1**2*x2**2))",
    "mse_train": 3.4276034539688155e-05,
    "mae_train": 0.004374593579212876,
    "r2_train": 0.9996592904181267,
    "mse_test": 3.52839741041229e-05,
    "mae_test": 0.004391556622580209,
    "r2_test": 0.9996473007856328
}