{
    "dataset": "feynman_I_34_14",
    "algorithm": "RILSROLSRegressor",
    "params": {
        "complexity_penalty": 0.001,
        "error_tolerance": 1e-16,
        "fitness_type": "FitnessType.BIC",
        "initial_sample_size": 0.01,
        "max_fit_calls": 1000000,
        "max_seconds": 7200,
        "random_perturbations_order": false,
        "random_state": 15795,
        "verbose": false
    },
    "random_state": 15795,
    "process_time": 2106.8125,
    "time_time": 2107.0614063739777,
    "target_noise": 0.001,
    "feature_noise": 0.0,
    "true_model": " (1+v/c)/sqrt(1-v**2/c**2)*omega_0",
    "model_size": 20,
    "symbolic_model": "3.84714046*x2/(1 - x1/x0)**0.25 - 2.84365542*x2",
    "mse_train": 2.757613281207912e-05,
    "mae_train": 0.0038409798604669768,
    "r2_train": 0.9999894517251909,
    "mse_test": 8.576406841387003e-06,
    "mae_test": 0.0014695009477102307,
    "r2_test": 0.9999967581966441
}