{
    "dataset": "feynman_test_15",
    "algorithm": "RILSROLSRegressor",
    "params": {
        "complexity_penalty": 0.001,
        "error_tolerance": 1e-16,
        "max_fit_calls": 1000000,
        "max_seconds": 7200,
        "random_state": 29910
    },
    "random_state": 29910,
    "process_time": 2363.484375,
    "time_time": 2364.4596738815308,
    "target_noise": 0.01,
    "feature_noise": 0.0,
    "true_model": " sqrt(1-v**2/c**2)*omega/(1+v/c*cos(theta))",
    "model_size": 36,
    "symbolic_model": "0.99691075*x2 + 0.01315278 - 1.02189526*x1*x2*cos(x3)/x0 + 0.60299275*x1**2*x2*cos(2*x3)/x0**2",
    "mse_train": 0.0016724154586440956,
    "mae_train": 0.030621440154225223,
    "r2_train": 0.9989630337338797,
    "mse_test": 0.0004995264676224392,
    "mae_test": 0.012462426923368769,
    "r2_test": 0.9996842485544764
}