{
    "dataset": "feynman_test_15",
    "algorithm": "RILSROLSRegressor",
    "params": {
        "complexity_penalty": 0.001,
        "error_tolerance": 1e-16,
        "max_fit_calls": 1000000,
        "max_seconds": 7200,
        "random_state": 14423
    },
    "random_state": 14423,
    "process_time": 2388.25,
    "time_time": 2390.185005426407,
    "target_noise": 0.0,
    "feature_noise": 0.0,
    "true_model": " sqrt(1-v**2/c**2)*omega/(1+v/c*cos(theta))",
    "model_size": 37,
    "symbolic_model": "0.99728035*x2 + 1.32566441*x2*log(x1)*cos(2*x3)/(x0 - x1)**2 - 1.02516939*x1*x2*cos(x3)/x0",
    "mse_train": 0.0009233878237685689,
    "mae_train": 0.01689222052974427,
    "r2_train": 0.9994280138983102,
    "mse_test": 0.0007640650279361852,
    "mae_test": 0.016211286168734622,
    "r2_test": 0.9995218565151064
}