{
    "dataset": "feynman_test_15",
    "algorithm": "RILSROLSRegressor",
    "params": {
        "complexity_penalty": 0.001,
        "error_tolerance": 1e-16,
        "max_fit_calls": 1000000,
        "max_seconds": 7200,
        "random_state": 860
    },
    "random_state": 860,
    "process_time": 2311.171875,
    "time_time": 2311.2428975105286,
    "target_noise": 0.0,
    "feature_noise": 0.0,
    "true_model": " sqrt(1-v**2/c**2)*omega/(1+v/c*cos(theta))",
    "model_size": 34,
    "symbolic_model": "0.9983596*x2 - 1.0165307*x1*x2*cos(x3)/x0 + 0.47441119*x1**2*x2*cos(2*x3)/x0**2",
    "mse_train": 0.0005356295555657305,
    "mae_train": 0.00981992405598069,
    "r2_train": 0.9996583244434064,
    "mse_test": 0.0006784311521164508,
    "mae_test": 0.01020714388804288,
    "r2_test": 0.9995781103181715
}