{
    "dataset": "feynman_test_15",
    "algorithm": "RILSROLSRegressor",
    "params": {
        "complexity_penalty": 0.001,
        "error_tolerance": 1e-16,
        "max_fit_calls": 1000000,
        "max_seconds": 7200,
        "random_state": 4426
    },
    "random_state": 4426,
    "process_time": 2195.5625,
    "time_time": 2195.6394662857056,
    "target_noise": 0.0,
    "feature_noise": 0.0,
    "true_model": " sqrt(1-v**2/c**2)*omega/(1+v/c*cos(theta))",
    "model_size": 34,
    "symbolic_model": "1.00087252*x2 - 1.01587641*x1*x2*cos(x3)/x0 + 0.57127729*x1**2*x2*cos(2*x3)/x0**2",
    "mse_train": 0.0004765771166974848,
    "mae_train": 0.009321717236155009,
    "r2_train": 0.9997074093333724,
    "mse_test": 0.00046343060018734706,
    "mae_test": 0.00925473861751823,
    "r2_test": 0.9997080401886809
}