{
    "dataset": "feynman_test_15",
    "algorithm": "RILSROLSRegressor",
    "params": {
        "complexity_penalty": 0.001,
        "error_tolerance": 1e-16,
        "max_fit_calls": 1000000,
        "max_seconds": 7200,
        "random_state": 16850
    },
    "random_state": 16850,
    "process_time": 2683.140625,
    "time_time": 2684.1508915424347,
    "target_noise": 0.01,
    "feature_noise": 0.0,
    "true_model": " sqrt(1-v**2/c**2)*omega/(1+v/c*cos(theta))",
    "model_size": 34,
    "symbolic_model": "1.00053214*x2 - 1.01780778*x1*x2*cos(x3)/x0 + 0.54842634*x1**2*x2*cos(2*x3)/x0**2",
    "mse_train": 0.0015728199607263225,
    "mae_train": 0.02949529290687658,
    "r2_train": 0.9990152374436978,
    "mse_test": 0.0004006491196696524,
    "mae_test": 0.008643172090645964,
    "r2_test": 0.9997491369184749
}