{
    "dataset": "feynman_test_15",
    "algorithm": "RILSROLSRegressor",
    "params": {
        "complexity_penalty": 0.001,
        "error_tolerance": 1e-16,
        "max_fit_calls": 1000000,
        "max_seconds": 7200,
        "random_state": 21962
    },
    "random_state": 21962,
    "process_time": 3351.5,
    "time_time": 4704.903932094574,
    "target_noise": 0.01,
    "feature_noise": 0.0,
    "true_model": " sqrt(1-v**2/c**2)*omega/(1+v/c*cos(theta))",
    "model_size": 33,
    "symbolic_model": "0.99984872*x2 - 0.99418313*x1*x2*cos(x3)/x0 + 0.24497061*x2*exp(x1)*cos(2*x3)/x0**2",
    "mse_train": 0.0017582331040546454,
    "mae_train": 0.030245508796149227,
    "r2_train": 0.9989109697163138,
    "mse_test": 0.0006958714106926355,
    "mae_test": 0.009367566729803309,
    "r2_test": 0.999562552494984
}