{
    "dataset": "feynman_test_15",
    "algorithm": "RILSROLSRegressor",
    "params": {
        "complexity_penalty": 0.001,
        "error_tolerance": 1e-16,
        "max_fit_calls": 1000000,
        "max_seconds": 7200,
        "random_state": 14423
    },
    "random_state": 14423,
    "process_time": 3260.78125,
    "time_time": 4747.51769900322,
    "target_noise": 0.01,
    "feature_noise": 0.0,
    "true_model": " sqrt(1-v**2/c**2)*omega/(1+v/c*cos(theta))",
    "model_size": 19,
    "symbolic_model": "x2*(-0.96545451*x1*cos(x3)/(x0 + log(sin(x1))) + 0.99503093)",
    "mse_train": 0.010128339736510943,
    "mae_train": 0.05959170886772173,
    "r2_train": 0.993729198137762,
    "mse_test": 0.00795237087915096,
    "mae_test": 0.04736794233041999,
    "r2_test": 0.9950234938306305
}