{
    "dataset": "feynman_test_15",
    "algorithm": "RILSROLSRegressor",
    "params": {
        "complexity_penalty": 0.001,
        "error_tolerance": 1e-16,
        "max_fit_calls": 1000000,
        "max_seconds": 7200,
        "random_state": 15795
    },
    "random_state": 15795,
    "process_time": 2176.3125,
    "time_time": 2176.4881999492645,
    "target_noise": 0.001,
    "feature_noise": 0.0,
    "true_model": " sqrt(1-v**2/c**2)*omega/(1+v/c*cos(theta))",
    "model_size": 34,
    "symbolic_model": "1.0004362*x2 - 1.0006839*x1*x2*cos(x3)/x0 + 0.52236907*x1**2*x2*cos(2*x3)/x0**2",
    "mse_train": 0.0006763408602088179,
    "mae_train": 0.009019102845570021,
    "r2_train": 0.9995761137287664,
    "mse_test": 0.0005992334375279153,
    "mae_test": 0.007798345902269225,
    "r2_test": 0.9996270135735218
}