{
    "dataset": "feynman_test_15",
    "algorithm": "RILSROLSRegressor",
    "params": {
        "complexity_penalty": 0.001,
        "error_tolerance": 1e-16,
        "max_fit_calls": 1000000,
        "max_seconds": 7200,
        "random_state": 860
    },
    "random_state": 860,
    "process_time": 2260.546875,
    "time_time": 2262.0686502456665,
    "target_noise": 0.01,
    "feature_noise": 0.0,
    "true_model": " sqrt(1-v**2/c**2)*omega/(1+v/c*cos(theta))",
    "model_size": 34,
    "symbolic_model": "0.99740195*x2 - 1.01182766*x1*x2*cos(x3)/x0 + 0.47908568*x1**2*x2*cos(2*x3)/x0**2",
    "mse_train": 0.001688595103475518,
    "mae_train": 0.030031618849948847,
    "r2_train": 0.9989225592066479,
    "mse_test": 0.0007312554127641588,
    "mae_test": 0.012109283194456267,
    "r2_test": 0.9995452609856371
}