{
    "dataset": "feynman_test_15",
    "algorithm": "RILSROLSRegressor",
    "params": {
        "complexity_penalty": 0.001,
        "error_tolerance": 1e-16,
        "max_fit_calls": 1000000,
        "max_seconds": 7200,
        "random_state": 5390
    },
    "random_state": 5390,
    "process_time": 2428.03125,
    "time_time": 2428.0383796691895,
    "target_noise": 0.0,
    "feature_noise": 0.0,
    "true_model": " sqrt(1-v**2/c**2)*omega/(1+v/c*cos(theta))",
    "model_size": 24,
    "symbolic_model": "x2*(-0.90859257*x1/(x0/cos(x3) + x3*cos(2*x3)) + 0.99187763)",
    "mse_train": 0.010799640030982974,
    "mae_train": 0.045898337268874656,
    "r2_train": 0.9932733618613029,
    "mse_test": 0.0096703256356782,
    "mae_test": 0.045720940010628125,
    "r2_test": 0.9939213560832716
}