{
    "dataset": "feynman_test_15",
    "algorithm": "RILSROLSRegressor",
    "params": {
        "complexity_penalty": 0.001,
        "error_tolerance": 1e-16,
        "max_fit_calls": 1000000,
        "max_seconds": 7200,
        "random_state": 23654
    },
    "random_state": 23654,
    "process_time": 2415.25,
    "time_time": 2415.310069799423,
    "target_noise": 0.0,
    "feature_noise": 0.0,
    "true_model": " sqrt(1-v**2/c**2)*omega/(1+v/c*cos(theta))",
    "model_size": 37,
    "symbolic_model": "0.51289218*x1**2*x2*cos(2*x3)/(x0 + cos(x3))**2 + 0.99998162*x2 - 1.00007158*x1*x2*cos(x3)/x0",
    "mse_train": 9.591666755309751e-05,
    "mae_train": 0.0025465825123110646,
    "r2_train": 0.9999417207548543,
    "mse_test": 7.273907909660456e-05,
    "mae_test": 0.0024214611736735952,
    "r2_test": 0.9999545893671257
}