{
    "dataset": "feynman_test_15",
    "algorithm": "RILSROLSRegressor",
    "params": {
        "complexity_penalty": 0.001,
        "error_tolerance": 1e-16,
        "max_fit_calls": 1000000,
        "max_seconds": 7200,
        "random_state": 23654
    },
    "random_state": 23654,
    "process_time": 2423.796875,
    "time_time": 2425.2669994831085,
    "target_noise": 0.001,
    "feature_noise": 0.0,
    "true_model": " sqrt(1-v**2/c**2)*omega/(1+v/c*cos(theta))",
    "model_size": 37,
    "symbolic_model": "0.51092853*x1**2*x2*cos(2*x3)/(x0 + cos(x3))**2 + 0.99956861*x2 - 1.00109237*x1*x2*cos(x3)/x0",
    "mse_train": 0.00010881469521734304,
    "mae_train": 0.004409706362046652,
    "r2_train": 0.9999338875985802,
    "mse_test": 7.264454044758767e-05,
    "mae_test": 0.002847560816823179,
    "r2_test": 0.9999546483871179
}