{
    "dataset": "feynman_test_15",
    "algorithm": "RILSROLSRegressor",
    "params": {
        "complexity_penalty": 0.001,
        "error_tolerance": 1e-16,
        "max_fit_calls": 1000000,
        "max_seconds": 7200,
        "random_state": 21962
    },
    "random_state": 21962,
    "process_time": 2032.125,
    "time_time": 2038.2760555744171,
    "target_noise": 0.1,
    "feature_noise": 0.0,
    "true_model": " sqrt(1-v**2/c**2)*omega/(1+v/c*cos(theta))",
    "model_size": 18,
    "symbolic_model": "0.99764481*x2 - 0.20693209*x2*exp(x1)*cos(x3)/x0",
    "mse_train": 0.12580862502792178,
    "mae_train": 0.28283002553448794,
    "r2_train": 0.9264284106390195,
    "mse_test": 0.01921096572024376,
    "mae_test": 0.0953962442650751,
    "r2_test": 0.9879233592670491
}