{
    "dataset": "feynman_test_15",
    "algorithm": "RILSROLSRegressor",
    "params": {
        "complexity_penalty": 0.001,
        "error_tolerance": 1e-16,
        "max_fit_calls": 1000000,
        "max_seconds": 7200,
        "random_state": 5390
    },
    "random_state": 5390,
    "process_time": 2373.375,
    "time_time": 2373.7649166584015,
    "target_noise": 0.01,
    "feature_noise": 0.0,
    "true_model": " sqrt(1-v**2/c**2)*omega/(1+v/c*cos(theta))",
    "model_size": 27,
    "symbolic_model": "-1.03283606*x1*x2/(x0/(cos(x3) + 1/(x0 - 1)) + 2.14159265) + 1.00002535*x2",
    "mse_train": 0.002801532790250556,
    "mae_train": 0.032889599135175675,
    "r2_train": 0.9982574745653233,
    "mse_test": 0.0013262730126366938,
    "mae_test": 0.014747030789129952,
    "r2_test": 0.9991663216230857
}