{
    "dataset": "feynman_test_15",
    "algorithm": "RILSROLSRegressor",
    "params": {
        "complexity_penalty": 0.001,
        "error_tolerance": 1e-16,
        "max_fit_calls": 1000000,
        "max_seconds": 7200,
        "random_state": 15795
    },
    "random_state": 15795,
    "process_time": 2001.359375,
    "time_time": 2001.6810109615326,
    "target_noise": 0.01,
    "feature_noise": 0.0,
    "true_model": " sqrt(1-v**2/c**2)*omega/(1+v/c*cos(theta))",
    "model_size": 28,
    "symbolic_model": "0.99625695*x2 - 1.00866565*x1*x2*cos(x3)/x0 + 4.67751415*cos(2*x3)/x0**2",
    "mse_train": 0.004654028338711471,
    "mae_train": 0.04136789399205902,
    "r2_train": 0.9970832261178935,
    "mse_test": 0.0034050329533679966,
    "mae_test": 0.028211993215547054,
    "r2_test": 0.9978805737567708
}