{
    "dataset": "feynman_III_8_54",
    "algorithm": "RILSROLSRegressor",
    "params": {
        "complexity_penalty": 0.001,
        "error_tolerance": 1e-16,
        "fitness_type": "FitnessType.BIC",
        "initial_sample_size": 0.01,
        "max_fit_calls": 1000000,
        "max_seconds": 7200,
        "random_perturbations_order": false,
        "random_state": 4426,
        "verbose": false
    },
    "random_state": 4426,
    "process_time": 6919.25,
    "time_time": 6919.918991088867,
    "target_noise": 0.0,
    "feature_noise": 0.0,
    "true_model": " sin(E_n*t/(h/(2*3.1415926535)))**2",
    "model_size": 28,
    "symbolic_model": "0.50380251*cos(x2)*cos(x2 + 9*(0.33333333*x0*x1 - 0.33333333*x2 + 1)**2 + 1) + 0.51189173",
    "mse_train": 0.06087563876967133,
    "mae_train": 0.19039076528500679,
    "r2_train": 0.5146276343104652,
    "mse_test": 0.06026958369753274,
    "mae_test": 0.18963747893805288,
    "r2_test": 0.5179540584818044
}