{
    "dataset": "feynman_III_8_54",
    "algorithm": "RILSROLSRegressor",
    "params": {
        "complexity_penalty": 0.001,
        "error_tolerance": 1e-16,
        "fitness_type": "FitnessType.BIC",
        "initial_sample_size": 0.01,
        "max_fit_calls": 1000000,
        "max_seconds": 7200,
        "random_perturbations_order": false,
        "random_state": 14423,
        "verbose": false
    },
    "random_state": 14423,
    "process_time": 5556.40625,
    "time_time": 5558.916172981262,
    "target_noise": 0.0,
    "feature_noise": 0.0,
    "true_model": " sin(E_n*t/(h/(2*3.1415926535)))**2",
    "model_size": 46,
    "symbolic_model": "-0.61949534*sin(0.5*x0*x1)*cos(x0/x2)*cos(x1 + 1.1 - 10/(sin(0.5/x1) + x2/(x0*(x1 + 0.5)))**2) + 0.48739897",
    "mse_train": 0.03942534046909758,
    "mae_train": 0.14810319216953144,
    "r2_train": 0.6858732912060967,
    "mse_test": 0.03832055306960222,
    "mae_test": 0.14603482645632723,
    "r2_test": 0.6932986058199441
}