{
    "dataset": "feynman_III_8_54",
    "algorithm": "RILSROLSRegressor",
    "params": {
        "complexity_penalty": 0.001,
        "error_tolerance": 1e-16,
        "fitness_type": "FitnessType.BIC",
        "initial_sample_size": 0.01,
        "max_fit_calls": 1000000,
        "max_seconds": 7200,
        "random_perturbations_order": false,
        "random_state": 15795,
        "verbose": false
    },
    "random_state": 15795,
    "process_time": 5223.4375,
    "time_time": 5223.751759767532,
    "target_noise": 0.001,
    "feature_noise": 0.0,
    "true_model": " sin(E_n*t/(h/(2*3.1415926535)))**2",
    "model_size": 6,
    "symbolic_model": "0.63701747 - 0.06078925*x2",
    "mse_train": 0.12394632985206754,
    "mae_train": 0.31422461820922765,
    "r2_train": 0.001970161654249236,
    "mse_test": 0.12619597035793456,
    "mae_test": 0.3185613391785651,
    "r2_test": -0.00367219565222876
}