{
    "dataset": "feynman_test_20",
    "algorithm": "RILSROLSRegressor",
    "params": {
        "complexity_penalty": 0.001,
        "error_tolerance": 1e-16,
        "max_fit_calls": 1000000,
        "max_seconds": 7200,
        "random_state": 5390
    },
    "random_state": 5390,
    "process_time": 4202.765625,
    "time_time": 4204.363565206528,
    "target_noise": 0.001,
    "feature_noise": 0.0,
    "true_model": " 1/(4*3.1415926535)*alpha**2*h**2/(m**2*c**2)*(omega_0/omega)**2*(omega_0/omega+omega/omega_0-sin(beta)**2)",
    "model_size": 98,
    "symbolic_model": "-0.45663149*x1*x2**2/(x4**2*(x0 + 1)**2) + 0.06304043*x3**2/x5**2 + 0.00832846*(x2 + x3/x4)**4/(x4**4*x5**4) + 0.18156559*x1**2*x2**2*x3/(x0**2*x4**2*x5) + 0.00822493*x1**4*x2**2*x3**2/(x0**4*x4**2*x5**2)",
    "mse_train": 10.699440929555093,
    "mae_train": 0.4664707644121856,
    "r2_train": 0.9241848548428659,
    "mse_test": 39.86557715656435,
    "mae_test": 0.518448168993343,
    "r2_test": 0.8310508112488095
}