{
    "dataset": "feynman_test_20",
    "algorithm": "RILSROLSRegressor",
    "params": {
        "complexity_penalty": 0.001,
        "error_tolerance": 1e-16,
        "max_fit_calls": 1000000,
        "max_seconds": 7200,
        "random_state": 4426
    },
    "random_state": 4426,
    "process_time": 3977.25,
    "time_time": 3977.550860643387,
    "target_noise": 0.0,
    "feature_noise": 0.0,
    "true_model": " 1/(4*3.1415926535)*alpha**2*h**2/(m**2*c**2)*(omega_0/omega)**2*(omega_0/omega+omega/omega_0-sin(beta)**2)",
    "model_size": 71,
    "symbolic_model": "0.39053663*2**x1*x3*log(x0/x2)**2/(x0**2*x5**2) + 3.69856626*x1**2*x3*log(x2)**2/(x0**2*x4**2*x5**2) - 1.02817485*x1*log(x0/x2)**2/(x0**2*x5)",
    "mse_train": 41.37331607954028,
    "mae_train": 0.6423934422574337,
    "r2_train": 0.6665774662748611,
    "mse_test": 101.0736446251508,
    "mae_test": 0.6796355520440861,
    "r2_test": 0.5930517690762294
}