{
    "dataset": "feynman_test_20",
    "algorithm": "RILSROLSRegressor",
    "params": {
        "complexity_penalty": 0.001,
        "error_tolerance": 1e-16,
        "max_fit_calls": 1000000,
        "max_seconds": 7200,
        "random_state": 5390
    },
    "random_state": 5390,
    "process_time": 3866.9375,
    "time_time": 4022.7657010555267,
    "target_noise": 0.1,
    "feature_noise": 0.0,
    "true_model": " 1/(4*3.1415926535)*alpha**2*h**2/(m**2*c**2)*(omega_0/omega)**2*(omega_0/omega+omega/omega_0-sin(beta)**2)",
    "model_size": 77,
    "symbolic_model": "-1.14244938*x0/(x0/x1 + x2) + 0.77304669 + 17.6357232*x2*log(x2*log(x1))/(x0*(x5/(x3 - 0.5) + log(x4) + 1/x3 + 1/x1)**4) + 1.80085721*exp(x1)*exp(x2)/(x0**4*x2*(x4 + x5/x3)**4)",
    "mse_train": 24.141506337457432,
    "mae_train": 1.480372611588557,
    "r2_train": 0.830452086560938,
    "mse_test": 43.196383094773225,
    "mae_test": 0.9239521869736802,
    "r2_test": 0.8169349498644879
}