{
    "dataset": "feynman_test_20",
    "algorithm": "RILSROLSRegressor",
    "params": {
        "complexity_penalty": 0.001,
        "error_tolerance": 1e-16,
        "max_fit_calls": 1000000,
        "max_seconds": 7200,
        "random_state": 4426
    },
    "random_state": 4426,
    "process_time": 3996.4375,
    "time_time": 4001.7679827213287,
    "target_noise": 0.001,
    "feature_noise": 0.0,
    "true_model": " 1/(4*3.1415926535)*alpha**2*h**2/(m**2*c**2)*(omega_0/omega)**2*(omega_0/omega+omega/omega_0-sin(beta)**2)",
    "model_size": 72,
    "symbolic_model": "0.39638602*2**x1*x3*log(x0/x2)**2/(x0**2*x5**2) + 3.94601753*x1**2*x3*log(x2)**2*sin(x5**(-2))/(x0**2*x4**2) - 1.06084489*x1*log(x0/x2)**2/(x0**2*x5)",
    "mse_train": 40.95176486052066,
    "mae_train": 0.6340552744569532,
    "r2_train": 0.669979562532617,
    "mse_test": 103.23816370423093,
    "mae_test": 0.6728964542394694,
    "r2_test": 0.5843368640849314
}