{
    "dataset": "feynman_test_20",
    "algorithm": "RILSROLSRegressor",
    "params": {
        "complexity_penalty": 0.001,
        "error_tolerance": 1e-16,
        "max_fit_calls": 1000000,
        "max_seconds": 7200,
        "random_state": 29910
    },
    "random_state": 29910,
    "process_time": 3473.640625,
    "time_time": 3476.0690574645996,
    "target_noise": 0.1,
    "feature_noise": 0.0,
    "true_model": " 1/(4*3.1415926535)*alpha**2*h**2/(m**2*c**2)*(omega_0/omega)**2*(omega_0/omega+omega/omega_0-sin(beta)**2)",
    "model_size": 88,
    "symbolic_model": "0.00921403*x1**2*x2**2*log(x3)/(x5 + x6 - 1) + 0.27065142 - 0.13004516*x1**2*x2**2*log(x3)/(x0*(x5 + 1)) + 0.08410565*x1**2*x2**2*x3**2/(x0**2*x4*x5) - 1.75e-6*x3**10*x4/(x0**2*x5)",
    "mse_train": 26.875984244043597,
    "mae_train": 1.5554409682636314,
    "r2_train": 0.781886893638228,
    "mse_test": 54.76237836986205,
    "mae_test": 1.0511700209318384,
    "r2_test": 0.6616468483698763
}