{
    "dataset": "feynman_test_20",
    "algorithm": "RILSROLSRegressor",
    "params": {
        "complexity_penalty": 0.001,
        "error_tolerance": 1e-16,
        "max_fit_calls": 1000000,
        "max_seconds": 7200,
        "random_state": 28020
    },
    "random_state": 28020,
    "process_time": 4781.1875,
    "time_time": 4784.776655197144,
    "target_noise": 0.0,
    "feature_noise": 0.0,
    "true_model": " 1/(4*3.1415926535)*alpha**2*h**2/(m**2*c**2)*(omega_0/omega)**2*(omega_0/omega+omega/omega_0-sin(beta)**2)",
    "model_size": 104,
    "symbolic_model": "0.42068796*x1/x5**2 + 0.32981298*x2/x4**2 + 0.48222096*x3**4*(x1 + x2*x4 + x4)**4/(x4**4*(x0 + 1/x1)**4*(x3 + 1)**4*(2*x4 + x5**2 - 1)) - 6.09189024/(x0 + x5)**2 - 0.22775481*x5/x4**2 + 0.00073063*x2*x3**4*(x1 + x4)**4/(x0**3*x4**4*x5)",
    "mse_train": 27.9260170040687,
    "mae_train": 0.7291162136490097,
    "r2_train": 0.7069040306385418,
    "mse_test": 61.10860511167274,
    "mae_test": 0.7528327028913001,
    "r2_test": 0.8477902092962608
}