{
    "dataset": "feynman_test_20",
    "algorithm": "RILSROLSRegressor",
    "params": {
        "complexity_penalty": 0.001,
        "error_tolerance": 1e-16,
        "max_fit_calls": 1000000,
        "max_seconds": 7200,
        "random_state": 16850
    },
    "random_state": 16850,
    "process_time": 3463.671875,
    "time_time": 3464.613374710083,
    "target_noise": 0.001,
    "feature_noise": 0.0,
    "true_model": " 1/(4*3.1415926535)*alpha**2*h**2/(m**2*c**2)*(omega_0/omega)**2*(omega_0/omega+omega/omega_0-sin(beta)**2)",
    "model_size": 55,
    "symbolic_model": "1.20488581*x2**2*x3**2*log(x1)**2/(x4**2*(x0*x5 + cos(x0/x4 + (-x0 + x6)**2 - 1)/x2)**2) - 2009584.51414053*cos(x0**(-50)) + 2009584.50381659",
    "mse_train": 899613920.8612434,
    "mae_train": 2007.0849796979282,
    "r2_train": -1280343.2383491772,
    "mse_test": 953533462.9388944,
    "mae_test": 2196.747356754561,
    "r2_test": -3448692.104017244
}