{
    "dataset": "feynman_I_12_1",
    "algorithm": "RILSROLSRegressor",
    "params": {
        "complexity_penalty": 0.001,
        "error_tolerance": 1e-16,
        "max_fit_calls": 1000000,
        "max_seconds": 7200,
        "random_state": 860
    },
    "random_state": 860,
    "process_time": 2106.9375,
    "time_time": 2107.3032219409943,
    "target_noise": 0.001,
    "feature_noise": 0.0,
    "true_model": " mu*Nn",
    "model_size": 4,
    "symbolic_model": "x0*x1",
    "mse_train": 0.00010848982793971272,
    "mae_train": 0.008337410647744271,
    "r2_train": 0.9999957855390162,
    "mse_test": 4.3925135987767445e-30,
    "mae_test": 1.2723777587098083e-15,
    "r2_test": 1.0
}