{
    "dataset": "feynman_I_12_1",
    "algorithm": "RILSROLSRegressor",
    "params": {
        "complexity_penalty": 0.001,
        "error_tolerance": 1e-16,
        "max_fit_calls": 1000000,
        "max_seconds": 7200,
        "random_state": 860
    },
    "random_state": 860,
    "process_time": 2634.515625,
    "time_time": 2636.1579151153564,
    "target_noise": 0.1,
    "feature_noise": 0.0,
    "true_model": " mu*Nn",
    "model_size": 6,
    "symbolic_model": "1.00400231*x0*x1",
    "mse_train": 1.0872483968597515,
    "mae_train": 0.834889888544233,
    "r2_train": 0.9595009928445873,
    "mse_test": 0.0016965406987846864,
    "mae_test": 0.035860845786720344,
    "r2_test": 0.9999338042984957
}