{
    "dataset": "feynman_I_12_1",
    "algorithm": "RILSROLSRegressor",
    "params": {
        "complexity_penalty": 0.001,
        "error_tolerance": 1e-16,
        "max_fit_calls": 1000000,
        "max_seconds": 7200,
        "random_state": 23654
    },
    "random_state": 23654,
    "process_time": 2292.40625,
    "time_time": 2292.7242765426636,
    "target_noise": 0.1,
    "feature_noise": 0.0,
    "true_model": " mu*Nn",
    "model_size": 21,
    "symbolic_model": "x0*(0.98065981*x1 - 0.2418359*sin(x0*x1**0.5)*cos(log(x1) + 1))",
    "mse_train": 1.1494876853119944,
    "mae_train": 0.8547474051082096,
    "r2_train": 0.9564359497904614,
    "mse_test": 0.10749934910035482,
    "mae_test": 0.24280302701909506,
    "r2_test": 0.995842366743209
}