{
    "dataset": "feynman_I_12_1",
    "algorithm": "RILSROLSRegressor",
    "params": {
        "complexity_penalty": 0.001,
        "error_tolerance": 1e-16,
        "max_fit_calls": 1000000,
        "max_seconds": 7200,
        "random_state": 5390
    },
    "random_state": 5390,
    "process_time": 2898.28125,
    "time_time": 2899.392480611801,
    "target_noise": 0.001,
    "feature_noise": 0.0,
    "true_model": " mu*Nn",
    "model_size": 4,
    "symbolic_model": "x0*x1",
    "mse_train": 0.00010758218245598287,
    "mae_train": 0.008282286601458244,
    "r2_train": 0.9999958371590167,
    "mse_test": 4.636088208329573e-30,
    "mae_test": 1.2989076481062511e-15,
    "r2_test": 1.0
}