{
    "dataset": "feynman_I_12_1",
    "algorithm": "RILSROLSRegressor",
    "params": {
        "complexity_penalty": 0.001,
        "error_tolerance": 1e-16,
        "max_fit_calls": 1000000,
        "max_seconds": 7200,
        "random_state": 29910
    },
    "random_state": 29910,
    "process_time": 2786.15625,
    "time_time": 2787.490597963333,
    "target_noise": 0.01,
    "feature_noise": 0.0,
    "true_model": " mu*Nn",
    "model_size": 4,
    "symbolic_model": "x0*x1",
    "mse_train": 0.011068078654394181,
    "mae_train": 0.08411473089012489,
    "r2_train": 0.9995715424975036,
    "mse_test": 4.388955836094198e-30,
    "mae_test": 1.262288051862015e-15,
    "r2_test": 1.0
}