{
    "dataset": "feynman_I_12_1",
    "algorithm": "RILSROLSRegressor",
    "params": {
        "complexity_penalty": 0.001,
        "error_tolerance": 1e-16,
        "max_fit_calls": 1000000,
        "max_seconds": 7200,
        "random_state": 23654
    },
    "random_state": 23654,
    "process_time": 3779.875,
    "time_time": 3784.566257953644,
    "target_noise": 0.01,
    "feature_noise": 0.0,
    "true_model": " mu*Nn",
    "model_size": 4,
    "symbolic_model": "x0*x1",
    "mse_train": 0.010480149579254347,
    "mae_train": 0.08187145276785725,
    "r2_train": 0.999586675301901,
    "mse_test": 4.5552398263057345e-30,
    "mae_test": 1.283781969618758e-15,
    "r2_test": 1.0
}