{
    "dataset": "feynman_I_12_1",
    "algorithm": "RILSROLSRegressor",
    "params": {
        "complexity_penalty": 0.001,
        "error_tolerance": 1e-16,
        "max_fit_calls": 1000000,
        "max_seconds": 7200,
        "random_state": 5390
    },
    "random_state": 5390,
    "process_time": 1.171875,
    "time_time": 1.1750295162200928,
    "target_noise": 0.0,
    "feature_noise": 0.0,
    "true_model": " mu*Nn",
    "model_size": 4,
    "symbolic_model": "x0*x1",
    "mse_train": 4.3203150765786545e-30,
    "mae_train": 1.269429006356404e-15,
    "r2_train": 1.0,
    "mse_test": 4.636088208329573e-30,
    "mae_test": 1.2989076481062511e-15,
    "r2_test": 1.0
}