{
    "dataset": "feynman_III_15_14",
    "algorithm": "RILSROLSRegressor",
    "params": {
        "complexity_penalty": 0.001,
        "error_tolerance": 1e-16,
        "fitness_type": "FitnessType.BIC",
        "initial_sample_size": 0.01,
        "max_fit_calls": 1000000,
        "max_seconds": 7200,
        "random_perturbations_order": false,
        "random_state": 5390,
        "verbose": false
    },
    "random_state": 5390,
    "process_time": 2406.375,
    "time_time": 2406.5096452236176,
    "target_noise": 0.0,
    "feature_noise": 0.0,
    "true_model": " (h/(2*3.1415926535))**2/(2*E_n*d**2)",
    "model_size": 29,
    "symbolic_model": "13.27320136 - 13.27321333*cos(x0*(0.06907211/(x1 + 2.2) + 0.00690721*(x1 + 2.2)/x1)/x2)",
    "mse_train": 1.4771117451569584e-09,
    "mae_train": 1.912196945975222e-05,
    "r2_train": 0.9999949951280289,
    "mse_test": 1.449684165638788e-09,
    "mae_test": 1.89212753990724e-05,
    "r2_test": 0.9999952456354617
}