{
    "dataset": "feynman_III_15_14",
    "algorithm": "RILSROLSRegressor",
    "params": {
        "complexity_penalty": 0.001,
        "error_tolerance": 1e-16,
        "fitness_type": "FitnessType.BIC",
        "initial_sample_size": 0.01,
        "max_fit_calls": 1000000,
        "max_seconds": 7200,
        "random_perturbations_order": false,
        "random_state": 23654,
        "verbose": false
    },
    "random_state": 23654,
    "process_time": 2272.109375,
    "time_time": 2272.370801448822,
    "target_noise": 0.001,
    "feature_noise": 0.0,
    "true_model": " (h/(2*3.1415926535))**2/(2*E_n*d**2)",
    "model_size": 14,
    "symbolic_model": "0.01266704*x0**2/(x1*x2**2)",
    "mse_train": 4.093998421716245e-10,
    "mae_train": 1.6171101573390288e-05,
    "r2_train": 0.9999985862424599,
    "mse_test": 9.144177495645144e-12,
    "mae_test": 1.5873628964048863e-06,
    "r2_test": 0.9999999691939053
}