{
    "dataset": "strogatz_glider2",
    "algorithm": "RILSROLSRegressor",
    "params": {
        "complexity_penalty": 0.001,
        "error_tolerance": 1e-16,
        "max_fit_calls": 1000000,
        "max_seconds": 7200,
        "random_state": 28020
    },
    "random_state": 28020,
    "process_time": 1789.765625,
    "time_time": 1790.2297594547272,
    "target_noise": 0.1,
    "feature_noise": 0.0,
    "true_model": " x - cos(y)/x",
    "model_size": 19,
    "symbolic_model": "1.02361487*x0 + 0.01123243*x1 - 0.2180928 - 0.94159847*cos(x1)/x0",
    "mse_train": 0.07420360313364624,
    "mae_train": 0.21715228961539443,
    "r2_train": 0.9256423811782589,
    "mse_test": 0.0062035321096735084,
    "mae_test": 0.06382184791063397,
    "r2_test": 0.9937049180995065
}