{
    "dataset": "strogatz_glider2",
    "algorithm": "RILSROLSRegressor",
    "params": {
        "complexity_penalty": 0.001,
        "error_tolerance": 1e-16,
        "max_fit_calls": 1000000,
        "max_seconds": 7200,
        "random_state": 14423
    },
    "random_state": 14423,
    "process_time": 1844.40625,
    "time_time": 1845.545999288559,
    "target_noise": 0.001,
    "feature_noise": 0.0,
    "true_model": " x - cos(y)/x",
    "model_size": 11,
    "symbolic_model": "x0 - cos(x1)/x0",
    "mse_train": 6.69412903410676e-06,
    "mae_train": 0.002032898403180067,
    "r2_train": 0.9999935769163867,
    "mse_test": 8.179259922358141e-28,
    "mae_test": 1.4088730182493237e-14,
    "r2_test": 1.0
}