{
    "dataset": "strogatz_glider2",
    "algorithm": "RILSROLSRegressor",
    "params": {
        "complexity_penalty": 0.001,
        "error_tolerance": 1e-16,
        "max_fit_calls": 1000000,
        "max_seconds": 7200,
        "random_state": 29910
    },
    "random_state": 29910,
    "process_time": 1817.578125,
    "time_time": 1817.8253965377808,
    "target_noise": 0.01,
    "feature_noise": 0.0,
    "true_model": " x - cos(y)/x",
    "model_size": 13,
    "symbolic_model": "0.99941389*x0 - 1.00205941*cos(x1)/x0",
    "mse_train": 0.0006607506557708374,
    "mae_train": 0.02031433089217056,
    "r2_train": 0.9993409889184142,
    "mse_test": 4.299399978220672e-06,
    "mae_test": 0.0016464954495574902,
    "r2_test": 0.9999953100738408
}