{
    "dataset": "strogatz_glider2",
    "algorithm": "RILSROLSRegressor",
    "params": {
        "complexity_penalty": 0.001,
        "error_tolerance": 1e-16,
        "max_fit_calls": 1000000,
        "max_seconds": 7200,
        "random_state": 23654
    },
    "random_state": 23654,
    "process_time": 2083.875,
    "time_time": 2090.378781557083,
    "target_noise": 0.01,
    "feature_noise": 0.0,
    "true_model": " x - cos(y)/x",
    "model_size": 11,
    "symbolic_model": "x0 - cos(x1)/x0",
    "mse_train": 0.0006692298123316469,
    "mae_train": 0.020538574205745223,
    "r2_train": 0.9993674645574345,
    "mse_test": 4.265390636052641e-28,
    "mae_test": 1.0809131367750524e-14,
    "r2_test": 1.0
}