{
    "dataset": "strogatz_glider2",
    "algorithm": "RILSROLSRegressor",
    "params": {
        "complexity_penalty": 0.001,
        "error_tolerance": 1e-16,
        "max_fit_calls": 1000000,
        "max_seconds": 7200,
        "random_state": 14423
    },
    "random_state": 14423,
    "process_time": 1856.640625,
    "time_time": 1857.1090071201324,
    "target_noise": 0.1,
    "feature_noise": 0.0,
    "true_model": " x - cos(y)/x",
    "model_size": 19,
    "symbolic_model": "(x0*(1.07200056*x0 - 0.27273908) - 0.86947996*cos(x1) + 0.23724396)/x0",
    "mse_train": 0.07014270265374899,
    "mae_train": 0.20527620166894558,
    "r2_train": 0.9367208848486756,
    "mse_test": 0.007707802085237243,
    "mae_test": 0.05888029954505677,
    "r2_test": 0.9902781223487301
}