{
    "dataset": "strogatz_glider2",
    "algorithm": "RILSROLSRegressor",
    "params": {
        "complexity_penalty": 0.001,
        "error_tolerance": 1e-16,
        "max_fit_calls": 1000000,
        "max_seconds": 7200,
        "random_state": 28020
    },
    "random_state": 28020,
    "process_time": 1794.921875,
    "time_time": 1795.2120971679688,
    "target_noise": 0.01,
    "feature_noise": 0.0,
    "true_model": " x - cos(y)/x",
    "model_size": 11,
    "symbolic_model": "x0 - cos(x1)/x0",
    "mse_train": 0.0007012491438836531,
    "mae_train": 0.021228842573993566,
    "r2_train": 0.9992798718041443,
    "mse_test": 2.2496698317237884e-28,
    "mae_test": 8.749667657070859e-15,
    "r2_test": 1.0
}