{
    "dataset": "strogatz_glider2",
    "algorithm": "RILSROLSRegressor",
    "params": {
        "complexity_penalty": 0.001,
        "error_tolerance": 1e-16,
        "max_fit_calls": 1000000,
        "max_seconds": 7200,
        "random_state": 5390
    },
    "random_state": 5390,
    "process_time": 1748.671875,
    "time_time": 1749.8789994716644,
    "target_noise": 0.001,
    "feature_noise": 0.0,
    "true_model": " x - cos(y)/x",
    "model_size": 11,
    "symbolic_model": "x0 - cos(x1)/x0",
    "mse_train": 6.826355813234316e-06,
    "mae_train": 0.002101506874860362,
    "r2_train": 0.9999932981491022,
    "mse_test": 1.6080498144622782e-28,
    "mae_test": 8.532063944244327e-15,
    "r2_test": 1.0
}