{
    "dataset": "strogatz_glider2",
    "algorithm": "RILSROLSRegressor",
    "params": {
        "complexity_penalty": 0.001,
        "error_tolerance": 1e-16,
        "max_fit_calls": 1000000,
        "max_seconds": 7200,
        "random_state": 4426
    },
    "random_state": 4426,
    "process_time": 1766.375,
    "time_time": 1766.749590396881,
    "target_noise": 0.1,
    "feature_noise": 0.0,
    "true_model": " x - cos(y)/x",
    "model_size": 17,
    "symbolic_model": "1.04491863*x0 - 11.52814136*(0.1*x0)**x0*cos(x1) - 0.16009267",
    "mse_train": 0.06675845249840928,
    "mae_train": 0.20873535767546392,
    "r2_train": 0.942158580228467,
    "mse_test": 0.004826434642869212,
    "mae_test": 0.05664513589111099,
    "r2_test": 0.9928318768096768
}