{
    "dataset": "strogatz_glider2",
    "algorithm": "RILSROLSRegressor",
    "params": {
        "complexity_penalty": 0.001,
        "error_tolerance": 1e-16,
        "max_fit_calls": 1000000,
        "max_seconds": 7200,
        "random_state": 28020
    },
    "random_state": 28020,
    "process_time": 110.984375,
    "time_time": 110.99738430976868,
    "target_noise": 0.0,
    "feature_noise": 0.0,
    "true_model": " x - cos(y)/x",
    "model_size": 11,
    "symbolic_model": "x0 - cos(x1)/x0",
    "mse_train": 4.385880100293945e-28,
    "mae_train": 1.1168843627729074e-14,
    "r2_train": 1.0,
    "mse_test": 2.2496698317237884e-28,
    "mae_test": 8.749667657070859e-15,
    "r2_test": 1.0
}