{
    "dataset": "feynman_II_8_7",
    "algorithm": "RILSROLSRegressor",
    "params": {
        "complexity_penalty": 0.001,
        "error_tolerance": 1e-16,
        "max_fit_calls": 1000000,
        "max_seconds": 7200,
        "random_state": 14423
    },
    "random_state": 14423,
    "process_time": 125.625,
    "time_time": 125.62874984741211,
    "target_noise": 0.0,
    "feature_noise": 0.0,
    "true_model": " 3/5*q**2/(4*3.1415926535*epsilon*d)",
    "model_size": 14,
    "symbolic_model": "0.04774648*x0**2/(x1*x2)",
    "mse_train": 5.474213162653246e-17,
    "mae_train": 4.920862700951616e-09,
    "r2_train": 0.9999999999999932,
    "mse_test": 5.411096693250418e-17,
    "mae_test": 4.892669127551461e-09,
    "r2_test": 0.9999999999999932
}