{
    "dataset": "feynman_II_8_7",
    "algorithm": "RILSROLSRegressor",
    "params": {
        "complexity_penalty": 0.001,
        "error_tolerance": 1e-16,
        "max_fit_calls": 1000000,
        "max_seconds": 7200,
        "random_state": 860
    },
    "random_state": 860,
    "process_time": 1948.546875,
    "time_time": 1948.8653583526611,
    "target_noise": 0.001,
    "feature_noise": 0.0,
    "true_model": " 3/5*q**2/(4*3.1415926535*epsilon*d)",
    "model_size": 14,
    "symbolic_model": "0.04774338*x0**2/(x1*x2)",
    "mse_train": 1.5004237347910878e-08,
    "mae_train": 9.799655714617715e-05,
    "r2_train": 0.999998157905807,
    "mse_test": 6.068729223985178e-11,
    "mae_test": 5.179789992941482e-06,
    "r2_test": 0.9999999924297727
}