{
    "dataset": "feynman_II_8_7",
    "algorithm": "RILSROLSRegressor",
    "params": {
        "complexity_penalty": 0.001,
        "error_tolerance": 1e-16,
        "max_fit_calls": 1000000,
        "max_seconds": 7200,
        "random_state": 29910
    },
    "random_state": 29910,
    "process_time": 2052.046875,
    "time_time": 2052.880541086197,
    "target_noise": 0.1,
    "feature_noise": 0.0,
    "true_model": " 3/5*q**2/(4*3.1415926535*epsilon*d)",
    "model_size": 14,
    "symbolic_model": "0.04768433*x0**2/(x1*x2)",
    "mse_train": 0.00014638992665012097,
    "mae_train": 0.009673641925008072,
    "r2_train": 0.9816708289911802,
    "mse_test": 2.4727976635537675e-08,
    "mae_test": 0.00010461222747639049,
    "r2_test": 0.9999969601960159
}