{
    "dataset": "feynman_II_8_7",
    "algorithm": "RILSROLSRegressor",
    "params": {
        "complexity_penalty": 0.001,
        "error_tolerance": 1e-16,
        "max_fit_calls": 1000000,
        "max_seconds": 7200,
        "random_state": 21962
    },
    "random_state": 21962,
    "process_time": 2871.921875,
    "time_time": 3538.3725893497467,
    "target_noise": 0.001,
    "feature_noise": 0.0,
    "true_model": " 3/5*q**2/(4*3.1415926535*epsilon*d)",
    "model_size": 14,
    "symbolic_model": "0.04774533*x0**2/(x1*x2)",
    "mse_train": 1.4685276621106313e-08,
    "mae_train": 9.688722729440465e-05,
    "r2_train": 0.9999981760403651,
    "mse_test": 8.45854987058586e-12,
    "mae_test": 1.92962365136859e-06,
    "r2_test": 0.9999999989584316
}