{
    "dataset": "feynman_II_8_7",
    "algorithm": "RILSROLSRegressor",
    "params": {
        "complexity_penalty": 0.001,
        "error_tolerance": 1e-16,
        "max_fit_calls": 1000000,
        "max_seconds": 7200,
        "random_state": 29910
    },
    "random_state": 29910,
    "process_time": 1946.25,
    "time_time": 1947.5901079177856,
    "target_noise": 0.01,
    "feature_noise": 0.0,
    "true_model": " 3/5*q**2/(4*3.1415926535*epsilon*d)",
    "model_size": 14,
    "symbolic_model": "0.04774027*x0**2/(x1*x2)",
    "mse_train": 1.46389888068096e-06,
    "mae_train": 0.0009673640776364718,
    "r2_train": 0.9998133554535754,
    "mse_test": 2.4709160082799814e-10,
    "mae_test": 1.0457241798962407e-05,
    "r2_test": 0.9999999696250913
}