{
    "dataset": "feynman_II_8_7",
    "algorithm": "RILSROLSRegressor",
    "params": {
        "complexity_penalty": 0.001,
        "error_tolerance": 1e-16,
        "max_fit_calls": 1000000,
        "max_seconds": 7200,
        "random_state": 28020
    },
    "random_state": 28020,
    "process_time": 2686.65625,
    "time_time": 3964.261020898819,
    "target_noise": 0.01,
    "feature_noise": 0.0,
    "true_model": " 3/5*q**2/(4*3.1415926535*epsilon*d)",
    "model_size": 14,
    "symbolic_model": "0.04773303*x0**2/(x1*x2)",
    "mse_train": 1.478953223022119e-06,
    "mae_train": 0.0009646888128417535,
    "r2_train": 0.9998157593384489,
    "mse_test": 1.150672941424975e-09,
    "mae_test": 2.2645563753712554e-05,
    "r2_test": 0.9999998567867391
}