{
    "dataset": "feynman_II_8_7",
    "algorithm": "RILSROLSRegressor",
    "params": {
        "complexity_penalty": 0.001,
        "error_tolerance": 1e-16,
        "max_fit_calls": 1000000,
        "max_seconds": 7200,
        "random_state": 4426
    },
    "random_state": 4426,
    "process_time": 119.046875,
    "time_time": 119.04089212417603,
    "target_noise": 0.0,
    "feature_noise": 0.0,
    "true_model": " 3/5*q**2/(4*3.1415926535*epsilon*d)",
    "model_size": 14,
    "symbolic_model": "0.04774648*x0**2/(x1*x2)",
    "mse_train": 5.403042648761477e-17,
    "mae_train": 4.972442058078083e-09,
    "r2_train": 0.9999999999999931,
    "mse_test": 5.369852975766082e-17,
    "mae_test": 4.881580431341705e-09,
    "r2_test": 0.9999999999999932
}