{
    "dataset": "feynman_II_8_7",
    "algorithm": "RILSROLSRegressor",
    "params": {
        "complexity_penalty": 0.001,
        "error_tolerance": 1e-16,
        "max_fit_calls": 1000000,
        "max_seconds": 7200,
        "random_state": 5390
    },
    "random_state": 5390,
    "process_time": 2398.921875,
    "time_time": 2399.8797307014465,
    "target_noise": 0.1,
    "feature_noise": 0.0,
    "true_model": " 3/5*q**2/(4*3.1415926535*epsilon*d)",
    "model_size": 14,
    "symbolic_model": "0.04833839*x0**2/(x1*x2)",
    "mse_train": 0.00014329552480505362,
    "mae_train": 0.009552498849151646,
    "r2_train": 0.9818445732592934,
    "mse_test": 2.156187491449843e-06,
    "mae_test": 0.0009860330014124423,
    "r2_test": 0.9997201108270555
}