{
    "dataset": "feynman_I_14_3",
    "algorithm": "RILSROLSRegressor",
    "params": {
        "complexity_penalty": 0.001,
        "error_tolerance": 1e-16,
        "max_fit_calls": 1000000,
        "max_seconds": 7200,
        "random_state": 23654
    },
    "random_state": 23654,
    "process_time": 1812.125,
    "time_time": 1813.254076719284,
    "target_noise": 0.001,
    "feature_noise": 0.0,
    "true_model": " m*g*z",
    "model_size": 6,
    "symbolic_model": "x0*x1*x2",
    "mse_train": 0.001126141393049458,
    "mae_train": 0.02683769525672413,
    "r2_train": 0.9999970182970027,
    "mse_test": 6.189200911187548e-29,
    "mae_test": 4.6335113523809924e-15,
    "r2_test": 1.0
}