{
    "dataset": "feynman_I_14_3",
    "algorithm": "RILSROLSRegressor",
    "params": {
        "complexity_penalty": 0.001,
        "error_tolerance": 1e-16,
        "max_fit_calls": 1000000,
        "max_seconds": 7200,
        "random_state": 29910
    },
    "random_state": 29910,
    "process_time": 2102.8125,
    "time_time": 2103.8032755851746,
    "target_noise": 0.1,
    "feature_noise": 0.0,
    "true_model": " m*g*z",
    "model_size": 24,
    "symbolic_model": "1.0087763*x0*x1*x2 - 4.53596501*sin(0.26061009*x2 + 1.22140276*exp(x1))/x1",
    "mse_train": 13.654010906411363,
    "mae_train": 2.955626801683085,
    "r2_train": 0.964971270177595,
    "mse_test": 2.45103781812177,
    "mae_test": 1.2451376627416295,
    "r2_test": 0.9933764017966326
}