{
    "dataset": "feynman_I_14_3",
    "algorithm": "RILSROLSRegressor",
    "params": {
        "complexity_penalty": 0.001,
        "error_tolerance": 1e-16,
        "max_fit_calls": 1000000,
        "max_seconds": 7200,
        "random_state": 28020
    },
    "random_state": 28020,
    "process_time": 2.03125,
    "time_time": 2.021000623703003,
    "target_noise": 0.0,
    "feature_noise": 0.0,
    "true_model": " m*g*z",
    "model_size": 6,
    "symbolic_model": "x0*x1*x2",
    "mse_train": 6.373063779203417e-29,
    "mae_train": 4.683919918591073e-15,
    "r2_train": 1.0,
    "mse_test": 5.962630790092437e-29,
    "mae_test": 4.550848586859502e-15,
    "r2_test": 1.0
}