{
    "dataset": "feynman_II_13_34",
    "algorithm": "RILSROLSRegressor",
    "params": {
        "complexity_penalty": 0.001,
        "error_tolerance": 1e-16,
        "max_fit_calls": 1000000,
        "max_seconds": 7200,
        "random_state": 5390
    },
    "random_state": 5390,
    "process_time": 2226.375,
    "time_time": 2226.4236397743225,
    "target_noise": 0.0,
    "feature_noise": 0.0,
    "true_model": " rho_c_0*v/sqrt(1-v**2/c**2)",
    "model_size": 22,
    "symbolic_model": "0.14415406*x0*x1**2/(-1.14159265*x1 + x2) + 0.98326996*x0*x1",
    "mse_train": 0.00011598524924968196,
    "mae_train": 0.005778106951736955,
    "r2_train": 0.9999737309288101,
    "mse_test": 0.0001042050263344329,
    "mae_test": 0.005680993632579653,
    "r2_test": 0.9999764309742745
}