{
    "dataset": "feynman_II_13_34",
    "algorithm": "RILSROLSRegressor",
    "params": {
        "complexity_penalty": 0.001,
        "error_tolerance": 1e-16,
        "max_fit_calls": 1000000,
        "max_seconds": 7200,
        "random_state": 21962
    },
    "random_state": 21962,
    "process_time": 2282.046875,
    "time_time": 2282.0954542160034,
    "target_noise": 0.0,
    "feature_noise": 0.0,
    "true_model": " rho_c_0*v/sqrt(1-v**2/c**2)",
    "model_size": 24,
    "symbolic_model": "0.13831579*x0*x1**2/(-x1 + x2 - 0.29289322) + 0.98460302*x0*x1",
    "mse_train": 0.0001341672805545173,
    "mae_train": 0.006270764620309554,
    "r2_train": 0.9999700519577785,
    "mse_test": 0.00011567426165862764,
    "mae_test": 0.00621958929392694,
    "r2_test": 0.999974024233071
}