{
    "dataset": "feynman_II_13_34",
    "algorithm": "RILSROLSRegressor",
    "params": {
        "complexity_penalty": 0.001,
        "error_tolerance": 1e-16,
        "max_fit_calls": 1000000,
        "max_seconds": 7200,
        "random_state": 16850
    },
    "random_state": 16850,
    "process_time": 2186.125,
    "time_time": 2186.339699745178,
    "target_noise": 0.001,
    "feature_noise": 0.0,
    "true_model": " rho_c_0*v/sqrt(1-v**2/c**2)",
    "model_size": 22,
    "symbolic_model": "0.39622337*x0*x1**3/(-0.4*x1 + x2)**2 + 1.00228334*x0*x1",
    "mse_train": 4.8151008868306656e-05,
    "mae_train": 0.005264094119633959,
    "r2_train": 0.9999891600032333,
    "mse_test": 2.0398361668811555e-05,
    "mae_test": 0.0027580539316459946,
    "r2_test": 0.9999954324189669
}