{
    "dataset": "feynman_II_13_34",
    "algorithm": "RILSROLSRegressor",
    "params": {
        "complexity_penalty": 0.001,
        "error_tolerance": 1e-16,
        "max_fit_calls": 1000000,
        "max_seconds": 7200,
        "random_state": 16850
    },
    "random_state": 16850,
    "process_time": 2214.78125,
    "time_time": 2214.8403673171997,
    "target_noise": 0.0,
    "feature_noise": 0.0,
    "true_model": " rho_c_0*v/sqrt(1-v**2/c**2)",
    "model_size": 22,
    "symbolic_model": "0.39620049*x0*x1**3/(-0.4*x1 + x2)**2 + 1.00187087*x0*x1",
    "mse_train": 1.3806481770905751e-05,
    "mae_train": 0.0020470571469116115,
    "r2_train": 0.9999968916411658,
    "mse_test": 1.3364892713962954e-05,
    "mae_test": 0.002054765659610804,
    "r2_test": 0.9999970073464006
}