{
    "dataset": "feynman_II_27_18",
    "algorithm": "RILSROLSRegressor",
    "params": {
        "complexity_penalty": 0.001,
        "error_tolerance": 1e-16,
        "max_fit_calls": 1000000,
        "max_seconds": 7200,
        "random_state": 14423
    },
    "random_state": 14423,
    "process_time": 2.390625,
    "time_time": 2.386002779006958,
    "target_noise": 0.0,
    "feature_noise": 0.0,
    "true_model": " epsilon*Ef**2",
    "model_size": 6,
    "symbolic_model": "x0*x1**2",
    "mse_train": 1.2787149804592525e-28,
    "mae_train": 6.1054494793211236e-15,
    "r2_train": 1.0,
    "mse_test": 1.2545534035274972e-28,
    "mae_test": 6.041558364699995e-15,
    "r2_test": 1.0
}