{
    "dataset": "feynman_II_27_18",
    "algorithm": "RILSROLSRegressor",
    "params": {
        "complexity_penalty": 0.001,
        "error_tolerance": 1e-16,
        "max_fit_calls": 1000000,
        "max_seconds": 7200,
        "random_state": 860
    },
    "random_state": 860,
    "process_time": 2286.875,
    "time_time": 2287.163064956665,
    "target_noise": 0.001,
    "feature_noise": 0.0,
    "true_model": " epsilon*Ef**2",
    "model_size": 6,
    "symbolic_model": "x0*x1**2",
    "mse_train": 0.001611687103663176,
    "mae_train": 0.03213490703066175,
    "r2_train": 0.9999974886335949,
    "mse_test": 1.2833309507423466e-28,
    "mae_test": 6.110099093348254e-15,
    "r2_test": 1.0
}