{
    "dataset": "feynman_II_27_18",
    "algorithm": "RILSROLSRegressor",
    "params": {
        "complexity_penalty": 0.001,
        "error_tolerance": 1e-16,
        "max_fit_calls": 1000000,
        "max_seconds": 7200,
        "random_state": 5390
    },
    "random_state": 5390,
    "process_time": 2.703125,
    "time_time": 2.6910006999969482,
    "target_noise": 0.0,
    "feature_noise": 0.0,
    "true_model": " epsilon*Ef**2",
    "model_size": 6,
    "symbolic_model": "x0*x1**2",
    "mse_train": 1.254907306251102e-28,
    "mae_train": 6.035349997546291e-15,
    "r2_train": 1.0,
    "mse_test": 1.2610266975081278e-28,
    "mae_test": 6.0459193207407226e-15,
    "r2_test": 1.0
}