{
    "dataset": "feynman_II_27_18",
    "algorithm": "RILSROLSRegressor",
    "params": {
        "complexity_penalty": 0.001,
        "error_tolerance": 1e-16,
        "max_fit_calls": 1000000,
        "max_seconds": 7200,
        "random_state": 23654
    },
    "random_state": 23654,
    "process_time": 2306.0,
    "time_time": 2307.665023088455,
    "target_noise": 0.001,
    "feature_noise": 0.0,
    "true_model": " epsilon*Ef**2",
    "model_size": 6,
    "symbolic_model": "x0*x1**2",
    "mse_train": 0.0016334580699026964,
    "mae_train": 0.03232233682083829,
    "r2_train": 0.9999975086859639,
    "mse_test": 1.2711552771007128e-28,
    "mae_test": 6.099600824427398e-15,
    "r2_test": 1.0
}