{
    "dataset": "feynman_II_27_18",
    "algorithm": "RILSROLSRegressor",
    "params": {
        "complexity_penalty": 0.001,
        "error_tolerance": 1e-16,
        "max_fit_calls": 1000000,
        "max_seconds": 7200,
        "random_state": 29910
    },
    "random_state": 29910,
    "process_time": 2141.3125,
    "time_time": 2161.772943019867,
    "target_noise": 0.01,
    "feature_noise": 0.0,
    "true_model": " epsilon*Ef**2",
    "model_size": 10,
    "symbolic_model": "x0*x1**2 + x1**(-10)",
    "mse_train": 0.17923545973866212,
    "mae_train": 0.33693306054210315,
    "r2_train": 0.999731410733593,
    "mse_test": 0.012731211866230897,
    "mae_test": 0.02714746228824367,
    "r2_test": 0.9999803109916546
}