{
    "dataset": "feynman_II_27_18",
    "algorithm": "RILSROLSRegressor",
    "params": {
        "complexity_penalty": 0.001,
        "error_tolerance": 1e-16,
        "max_fit_calls": 1000000,
        "max_seconds": 7200,
        "random_state": 21962
    },
    "random_state": 21962,
    "process_time": 2375.859375,
    "time_time": 2377.3642539978027,
    "target_noise": 0.1,
    "feature_noise": 0.0,
    "true_model": " epsilon*Ef**2",
    "model_size": 58,
    "symbolic_model": "1.06754032*x0*x1**2 - 1.40776356*x1 + 0.04730644*x1/cos(x0/(x0/x1**2 - 2/x1**4 + x1/x0)) + 2.20303156 + 5.76693062*cos(x1**2 + x1 - 0.5)/x0",
    "mse_train": 7790.123781951548,
    "mae_train": 4.820568632350708,
    "r2_train": -10.78347004700301,
    "mse_test": 884.8643963185915,
    "mae_test": 2.1199934829649982,
    "r2_test": -0.34813871709095157
}