{
    "dataset": "feynman_II_27_18",
    "algorithm": "RILSROLSRegressor",
    "params": {
        "complexity_penalty": 0.001,
        "error_tolerance": 1e-16,
        "max_fit_calls": 1000000,
        "max_seconds": 7200,
        "random_state": 21962
    },
    "random_state": 21962,
    "process_time": 2964.421875,
    "time_time": 3293.17546582222,
    "target_noise": 0.001,
    "feature_noise": 0.0,
    "true_model": " epsilon*Ef**2",
    "model_size": 6,
    "symbolic_model": "x0*x1**2",
    "mse_train": 0.0016053088251409648,
    "mae_train": 0.032037554884136274,
    "r2_train": 0.9999975130341172,
    "mse_test": 1.3076313573326594e-28,
    "mae_test": 6.135456587230692e-15,
    "r2_test": 1.0
}