{
    "dataset": "feynman_I_6_2",
    "algorithm": "RILSROLSRegressor",
    "params": {
        "complexity_penalty": 0.001,
        "error_tolerance": 1e-16,
        "max_fit_calls": 1000000,
        "max_seconds": 7200,
        "random_state": 16850
    },
    "random_state": 16850,
    "process_time": 2156.46875,
    "time_time": 2156.792280435562,
    "target_noise": 0.001,
    "feature_noise": 0.0,
    "true_model": " exp(-(theta/sigma)**2/2)/(sqrt(2*3.1415926535)*sigma)",
    "model_size": 17,
    "symbolic_model": "(0.23081732*cos(0.6 + x1/x0) + 0.24780827)/x0",
    "mse_train": 2.8203360519420433e-06,
    "mae_train": 0.0010768829019967858,
    "r2_train": 0.9984003227934277,
    "mse_test": 2.98815383002749e-06,
    "mae_test": 0.0010854959343859875,
    "r2_test": 0.9983436576986494
}