{
    "dataset": "feynman_I_6_2",
    "algorithm": "RILSROLSRegressor",
    "params": {
        "complexity_penalty": 0.001,
        "error_tolerance": 1e-16,
        "max_fit_calls": 1000000,
        "max_seconds": 7200,
        "random_state": 15795
    },
    "random_state": 15795,
    "process_time": 2106.609375,
    "time_time": 2106.7054829597473,
    "target_noise": 0.0,
    "feature_noise": 0.0,
    "true_model": " exp(-(theta/sigma)**2/2)/(sqrt(2*3.1415926535)*sigma)",
    "model_size": 21,
    "symbolic_model": "-0.08758876 + 0.7465844/(log(x0**2) + 1.2 + x1**2/x0**2)",
    "mse_train": 3.1006533005735317e-06,
    "mae_train": 0.0011129659294702408,
    "r2_train": 0.9982599683198365,
    "mse_test": 3.109912673870471e-06,
    "mae_test": 0.0011218454988008001,
    "r2_test": 0.998292000466234
}