{
    "dataset": "feynman_I_6_2",
    "algorithm": "RILSROLSRegressor",
    "params": {
        "complexity_penalty": 0.001,
        "error_tolerance": 1e-16,
        "max_fit_calls": 1000000,
        "max_seconds": 7200,
        "random_state": 14423
    },
    "random_state": 14423,
    "process_time": 2319.21875,
    "time_time": 2747.796505212784,
    "target_noise": 0.01,
    "feature_noise": 0.0,
    "true_model": " exp(-(theta/sigma)**2/2)/(sqrt(2*3.1415926535)*sigma)",
    "model_size": 19,
    "symbolic_model": "0.20380522*cos(log(x0 + x1**2*sin(x0**(-2))) + 0.9) + 0.20815667",
    "mse_train": 1.3790789990676203e-05,
    "mae_train": 0.0028285883560807564,
    "r2_train": 0.9923782504491023,
    "mse_test": 1.2828402665537715e-05,
    "mae_test": 0.0027154494772096264,
    "r2_test": 0.9928815665416297
}