{
    "dataset": "feynman_I_6_2",
    "algorithm": "RILSROLSRegressor",
    "params": {
        "complexity_penalty": 0.001,
        "error_tolerance": 1e-16,
        "max_fit_calls": 1000000,
        "max_seconds": 7200,
        "random_state": 14423
    },
    "random_state": 14423,
    "process_time": 2260.125,
    "time_time": 2270.4963121414185,
    "target_noise": 0.0,
    "feature_noise": 0.0,
    "true_model": " exp(-(theta/sigma)**2/2)/(sqrt(2*3.1415926535)*sigma)",
    "model_size": 22,
    "symbolic_model": "0.73451352/x1**0.5 + 0.15035673*log(x0) + 0.15947256*cos(x0/x1) - 0.59056843",
    "mse_train": 1.3363865119072334e-05,
    "mae_train": 0.0026591978745467986,
    "r2_train": 0.9926052804286923,
    "mse_test": 1.3560690897172912e-05,
    "mae_test": 0.002660735766171658,
    "r2_test": 0.9924752224951301
}