{
    "dataset": "feynman_I_6_2",
    "algorithm": "RILSROLSRegressor",
    "params": {
        "complexity_penalty": 0.001,
        "error_tolerance": 1e-16,
        "max_fit_calls": 1000000,
        "max_seconds": 7200,
        "random_state": 23654
    },
    "random_state": 23654,
    "process_time": 2050.6875,
    "time_time": 2050.7383494377136,
    "target_noise": 0.0,
    "feature_noise": 0.0,
    "true_model": " exp(-(theta/sigma)**2/2)/(sqrt(2*3.1415926535)*sigma)",
    "model_size": 17,
    "symbolic_model": "-0.06687958 + 0.56454777/(x0 + x1**2*sin(x0**(-2)))",
    "mse_train": 1.7013245413015398e-05,
    "mae_train": 0.0031593996131874286,
    "r2_train": 0.9907556594884112,
    "mse_test": 1.70647319592896e-05,
    "mae_test": 0.0031636457317052247,
    "r2_test": 0.990578333884852
}