{
    "dataset": "feynman_I_6_2",
    "algorithm": "RILSROLSRegressor",
    "params": {
        "complexity_penalty": 0.001,
        "error_tolerance": 1e-16,
        "max_fit_calls": 1000000,
        "max_seconds": 7200,
        "random_state": 21962
    },
    "random_state": 21962,
    "process_time": 2900.765625,
    "time_time": 4521.868697166443,
    "target_noise": 0.01,
    "feature_noise": 0.0,
    "true_model": " exp(-(theta/sigma)**2/2)/(sqrt(2*3.1415926535)*sigma)",
    "model_size": 25,
    "symbolic_model": "-0.15270989*log(x0) + 0.20443524*cos(x1/x0) + 0.09222216 + 0.00687651*exp(x1)/x0",
    "mse_train": 1.084117227190413e-05,
    "mae_train": 0.0023503040385842258,
    "r2_train": 0.9939938315660269,
    "mse_test": 9.705944898747177e-06,
    "mae_test": 0.002148144329482586,
    "r2_test": 0.9946916111782098
}