{
    "dataset": "feynman_I_6_2",
    "algorithm": "RILSROLSRegressor",
    "params": {
        "complexity_penalty": 0.001,
        "error_tolerance": 1e-16,
        "max_fit_calls": 1000000,
        "max_seconds": 7200,
        "random_state": 14423
    },
    "random_state": 14423,
    "process_time": 1972.71875,
    "time_time": 1973.6138467788696,
    "target_noise": 0.1,
    "feature_noise": 0.0,
    "true_model": " exp(-(theta/sigma)**2/2)/(sqrt(2*3.1415926535)*sigma)",
    "model_size": 18,
    "symbolic_model": "0.05043584*x0 - 0.14424327 + 1.40242517/(x0 + x1/x0)**2",
    "mse_train": 0.00017380276250082653,
    "mae_train": 0.0105054232299709,
    "r2_train": 0.9111501342569902,
    "mse_test": 3.230146867824287e-05,
    "mae_test": 0.004770330648132134,
    "r2_test": 0.9820760338298857
}