{
    "dataset": "feynman_I_6_2",
    "algorithm": "RILSROLSRegressor",
    "params": {
        "complexity_penalty": 0.001,
        "error_tolerance": 1e-16,
        "max_fit_calls": 1000000,
        "max_seconds": 7200,
        "random_state": 860
    },
    "random_state": 860,
    "process_time": 2240.078125,
    "time_time": 2240.176220178604,
    "target_noise": 0.0,
    "feature_noise": 0.0,
    "true_model": " exp(-(theta/sigma)**2/2)/(sqrt(2*3.1415926535)*sigma)",
    "model_size": 25,
    "symbolic_model": "-0.1501389*log(x0) + 0.20222433*cos(x1/x0) + 0.09265516 + 0.00660687*exp(x1)/x0",
    "mse_train": 9.658941657906577e-06,
    "mae_train": 0.0020374305947957966,
    "r2_train": 0.9946872242604337,
    "mse_test": 9.767999825939083e-06,
    "mae_test": 0.0020544635735803684,
    "r2_test": 0.9946210113360128
}