{
    "dataset": "feynman_I_6_2",
    "algorithm": "RILSROLSRegressor",
    "params": {
        "complexity_penalty": 0.001,
        "error_tolerance": 1e-16,
        "max_fit_calls": 1000000,
        "max_seconds": 7200,
        "random_state": 15795
    },
    "random_state": 15795,
    "process_time": 2111.0625,
    "time_time": 2111.3523778915405,
    "target_noise": 0.01,
    "feature_noise": 0.0,
    "true_model": " exp(-(theta/sigma)**2/2)/(sqrt(2*3.1415926535)*sigma)",
    "model_size": 21,
    "symbolic_model": "-0.08815798 + 0.74864907/(log(x0**2) + 1.2 + x1**2/x0**2)",
    "mse_train": 4.632866836740134e-06,
    "mae_train": 0.0014687188782118805,
    "r2_train": 0.9974012356824388,
    "mse_test": 3.163843407888708e-06,
    "mae_test": 0.0010837707405874381,
    "r2_test": 0.9982623810916025
}