{
    "dataset": "feynman_I_32_5",
    "algorithm": "RILSROLSRegressor",
    "params": {
        "complexity_penalty": 0.001,
        "error_tolerance": 1e-16,
        "fitness_type": "FitnessType.BIC",
        "initial_sample_size": 0.01,
        "max_fit_calls": 1000000,
        "max_seconds": 7200,
        "random_perturbations_order": false,
        "random_state": 15795,
        "verbose": false
    },
    "random_state": 15795,
    "process_time": 2106.703125,
    "time_time": 2106.942925453186,
    "target_noise": 0.001,
    "feature_noise": 0.0,
    "true_model": " q**2*a**2/(6*3.1415926535*epsilon*c**3)",
    "model_size": 65,
    "symbolic_model": "0.06255641*x0**2*x1/(x2*(0.31830989*x3**2 + x3*sin(1/x1))**2) + 0.00185718 + 1.12508252*sin(0.00011376*x0**3*x1**3)/(x2*(0.1*x0 + 0.05*x3**2 + x3*sin(1/x1))**2)",
    "mse_train": 0.00018462573981418572,
    "mae_train": 0.004358761612095449,
    "r2_train": 0.9996733737646372,
    "mse_test": 0.00030025724145019806,
    "mae_test": 0.004596841799567419,
    "r2_test": 0.9995167120177366
}