{
    "dataset": "feynman_I_32_5",
    "algorithm": "RILSROLSRegressor",
    "params": {
        "complexity_penalty": 0.001,
        "error_tolerance": 1e-16,
        "fitness_type": "FitnessType.BIC",
        "initial_sample_size": 0.01,
        "max_fit_calls": 1000000,
        "max_seconds": 7200,
        "random_perturbations_order": false,
        "random_state": 15795,
        "verbose": false
    },
    "random_state": 15795,
    "process_time": 1905.203125,
    "time_time": 1906.107059955597,
    "target_noise": 0.0,
    "feature_noise": 0.0,
    "true_model": " q**2*a**2/(6*3.1415926535*epsilon*c**3)",
    "model_size": 18,
    "symbolic_model": "0.05305165*x0**2*x1**2/(x2*x3**3)",
    "mse_train": 1.2004157510944152e-15,
    "mae_train": 1.1640112255423764e-08,
    "r2_train": 0.9999999999999979,
    "mse_test": 1.3102022327687504e-15,
    "mae_test": 1.1820295979803117e-08,
    "r2_test": 0.9999999999999979
}