{
    "dataset": "feynman_II_11_20",
    "algorithm": "RILSROLSRegressor",
    "params": {
        "complexity_penalty": 0.001,
        "error_tolerance": 1e-16,
        "fitness_type": "FitnessType.BIC",
        "initial_sample_size": 0.01,
        "max_fit_calls": 1000000,
        "max_seconds": 7200,
        "random_perturbations_order": false,
        "random_state": 23654,
        "verbose": false
    },
    "random_state": 23654,
    "process_time": 10.578125,
    "time_time": 10.617000579833984,
    "target_noise": 0.0,
    "feature_noise": 0.0,
    "true_model": " n_rho*p_d**2*Ef/(3*kb*T)",
    "model_size": 18,
    "symbolic_model": "0.33333333*x0*x1**2*x2/(x3*x4)",
    "mse_train": 7.35588663136894e-15,
    "mae_train": 5.0044912961570014e-08,
    "r2_train": 0.9999999999999999,
    "mse_test": 7.582547561664152e-15,
    "mae_test": 5.033521022393822e-08,
    "r2_test": 0.9999999999999999
}