{
    "dataset": "feynman_II_11_20",
    "algorithm": "RILSROLSRegressor",
    "params": {
        "complexity_penalty": 0.001,
        "error_tolerance": 1e-16,
        "fitness_type": "FitnessType.BIC",
        "initial_sample_size": 0.01,
        "max_fit_calls": 1000000,
        "max_seconds": 7200,
        "random_perturbations_order": false,
        "random_state": 15795,
        "verbose": false
    },
    "random_state": 15795,
    "process_time": 203.859375,
    "time_time": 203.8780379295349,
    "target_noise": 0.0,
    "feature_noise": 0.0,
    "true_model": " n_rho*p_d**2*Ef/(3*kb*T)",
    "model_size": 18,
    "symbolic_model": "0.33333333*x0*x1**2*x2/(x3*x4)",
    "mse_train": 6.776125989110789e-15,
    "mae_train": 4.9555069805403556e-08,
    "r2_train": 0.9999999999999999,
    "mse_test": 7.41594814355863e-15,
    "mae_test": 5.0382581645816714e-08,
    "r2_test": 0.9999999999999999
}