{
    "dataset": "feynman_II_11_20",
    "algorithm": "RILSROLSRegressor",
    "params": {
        "complexity_penalty": 0.001,
        "error_tolerance": 1e-16,
        "fitness_type": "FitnessType.BIC",
        "initial_sample_size": 0.01,
        "max_fit_calls": 1000000,
        "max_seconds": 7200,
        "random_perturbations_order": false,
        "random_state": 21962,
        "verbose": false
    },
    "random_state": 21962,
    "process_time": 11.546875,
    "time_time": 11.546000242233276,
    "target_noise": 0.0,
    "feature_noise": 0.0,
    "true_model": " n_rho*p_d**2*Ef/(3*kb*T)",
    "model_size": 18,
    "symbolic_model": "0.33333333*x0*x1**2*x2/(x3*x4)",
    "mse_train": 7.717171523598421e-15,
    "mae_train": 5.0565910316913846e-08,
    "r2_train": 0.9999999999999999,
    "mse_test": 7.136688391722762e-15,
    "mae_test": 4.99436956988665e-08,
    "r2_test": 0.9999999999999999
}