{
    "dataset": "feynman_I_34_1",
    "algorithm": "RILSROLSRegressor",
    "params": {
        "complexity_penalty": 0.001,
        "error_tolerance": 1e-16,
        "max_fit_calls": 1000000,
        "max_seconds": 7200,
        "random_state": 4426
    },
    "random_state": 4426,
    "process_time": 2126.25,
    "time_time": 2134.3652753829956,
    "target_noise": 0.1,
    "feature_noise": 0.0,
    "true_model": " omega_0/(1-v/c)",
    "model_size": 16,
    "symbolic_model": "1.06937564*x2 + 3.97379478*x1**2*x2/x0**2",
    "mse_train": 0.20972968409159676,
    "mae_train": 0.36611654078302297,
    "r2_train": 0.935607201225992,
    "mse_test": 0.006220396543253257,
    "mae_test": 0.06164380241995523,
    "r2_test": 0.998063232739348
}