{
    "dataset": "feynman_I_34_1",
    "algorithm": "RILSROLSRegressor",
    "params": {
        "complexity_penalty": 0.001,
        "error_tolerance": 1e-16,
        "max_fit_calls": 1000000,
        "max_seconds": 7200,
        "random_state": 16850
    },
    "random_state": 16850,
    "process_time": 2976.515625,
    "time_time": 2977.66162109375,
    "target_noise": 0.01,
    "feature_noise": 0.0,
    "true_model": " omega_0/(1-v/c)",
    "model_size": 12,
    "symbolic_model": "x0*x2/(x0 - x1)",
    "mse_train": 0.002124993578988209,
    "mae_train": 0.03686877783792988,
    "r2_train": 0.9993419112248686,
    "mse_test": 9.351867145304572e-31,
    "mae_test": 6.427036680634047e-16,
    "r2_test": 1.0
}