{
    "dataset": "feynman_I_34_1",
    "algorithm": "RILSROLSRegressor",
    "params": {
        "complexity_penalty": 0.001,
        "error_tolerance": 1e-16,
        "max_fit_calls": 1000000,
        "max_seconds": 7200,
        "random_state": 23654
    },
    "random_state": 23654,
    "process_time": 9.03125,
    "time_time": 9.032999992370605,
    "target_noise": 0.0,
    "feature_noise": 0.0,
    "true_model": " omega_0/(1-v/c)",
    "model_size": 12,
    "symbolic_model": "x0*x2/(x0 - x1)",
    "mse_train": 1.0151801685482624e-30,
    "mae_train": 6.601608149026106e-16,
    "r2_train": 1.0,
    "mse_test": 9.78428125050147e-31,
    "mae_test": 6.416200903913705e-16,
    "r2_test": 1.0
}