{
    "dataset": "feynman_I_34_1",
    "algorithm": "RILSROLSRegressor",
    "params": {
        "complexity_penalty": 0.001,
        "error_tolerance": 1e-16,
        "max_fit_calls": 1000000,
        "max_seconds": 7200,
        "random_state": 14423
    },
    "random_state": 14423,
    "process_time": 13.109375,
    "time_time": 13.160001277923584,
    "target_noise": 0.0,
    "feature_noise": 0.0,
    "true_model": " omega_0/(1-v/c)",
    "model_size": 12,
    "symbolic_model": "x0*x2/(x0 - x1)",
    "mse_train": 9.72137945407141e-31,
    "mae_train": 6.48392450841584e-16,
    "r2_train": 1.0,
    "mse_test": 9.367565477318472e-31,
    "mae_test": 6.393818807737261e-16,
    "r2_test": 1.0
}