{
    "dataset": "feynman_I_34_27",
    "algorithm": "RILSROLSRegressor",
    "params": {
        "complexity_penalty": 0.001,
        "error_tolerance": 1e-16,
        "max_fit_calls": 1000000,
        "max_seconds": 7200,
        "random_state": 5390
    },
    "random_state": 5390,
    "process_time": 3785.96875,
    "time_time": 3786.82945561409,
    "target_noise": 0.01,
    "feature_noise": 0.0,
    "true_model": " (h/(2*3.1415926535))*omega",
    "model_size": 6,
    "symbolic_model": "0.15919896*x0*x1",
    "mse_train": 0.00027003779999847024,
    "mae_train": 0.013122659339206488,
    "r2_train": 0.9995810645553381,
    "mse_test": 2.0698498397108136e-07,
    "mae_test": 0.00039626395140921654,
    "r2_test": 0.9999996831042692
}