{
    "dataset": "feynman_I_34_27",
    "algorithm": "RILSROLSRegressor",
    "params": {
        "complexity_penalty": 0.001,
        "error_tolerance": 1e-16,
        "max_fit_calls": 1000000,
        "max_seconds": 7200,
        "random_state": 4426
    },
    "random_state": 4426,
    "process_time": 4322.515625,
    "time_time": 4335.327703714371,
    "target_noise": 0.01,
    "feature_noise": 0.0,
    "true_model": " (h/(2*3.1415926535))*omega",
    "model_size": 6,
    "symbolic_model": "0.15908471*x0*x1",
    "mse_train": 0.0002771028767614548,
    "mae_train": 0.013318648737114322,
    "r2_train": 0.9995898366614107,
    "mse_test": 5.271856884590558e-07,
    "mae_test": 0.0006324073139932969,
    "r2_test": 0.9999991932100633
}