{
    "dataset": "feynman_I_34_27",
    "algorithm": "RILSROLSRegressor",
    "params": {
        "complexity_penalty": 0.001,
        "error_tolerance": 1e-16,
        "max_fit_calls": 1000000,
        "max_seconds": 7200,
        "random_state": 21962
    },
    "random_state": 21962,
    "process_time": 2197.75,
    "time_time": 2198.739075422287,
    "target_noise": 0.01,
    "feature_noise": 0.0,
    "true_model": " (h/(2*3.1415926535))*omega",
    "model_size": 6,
    "symbolic_model": "0.15929214*x0*x1",
    "mse_train": 0.000276015835294293,
    "mae_train": 0.013302619262439882,
    "r2_train": 0.9995773881788927,
    "mse_test": 2.025771870495916e-06,
    "mae_test": 0.001240067626694242,
    "r2_test": 0.9999969152824487
}