{
    "dataset": "feynman_II_38_14",
    "algorithm": "RILSROLSRegressor",
    "params": {
        "complexity_penalty": 0.001,
        "error_tolerance": 1e-16,
        "max_fit_calls": 1000000,
        "max_seconds": 7200,
        "random_state": 28020
    },
    "random_state": 28020,
    "process_time": 2735.59375,
    "time_time": 4635.433515071869,
    "target_noise": 0.01,
    "feature_noise": 0.0,
    "true_model": " Y/(2*(1+sigma))",
    "model_size": 10,
    "symbolic_model": "0.50099725*x0/(x1 + 1)",
    "mse_train": 2.260174158524264e-05,
    "mae_train": 0.0037746284789462515,
    "r2_train": 0.9995068768616736,
    "mse_test": 8.544552715956919e-07,
    "mae_test": 0.0008215522859338542,
    "r2_test": 0.9999810645446885
}