{
    "dataset": "feynman_II_38_14",
    "algorithm": "RILSROLSRegressor",
    "params": {
        "complexity_penalty": 0.001,
        "error_tolerance": 1e-16,
        "max_fit_calls": 1000000,
        "max_seconds": 7200,
        "random_state": 28020
    },
    "random_state": 28020,
    "process_time": 2143.0625,
    "time_time": 2143.9132940769196,
    "target_noise": 0.1,
    "feature_noise": 0.0,
    "true_model": " Y/(2*(1+sigma))",
    "model_size": 10,
    "symbolic_model": "0.52354405*x0/(x1 + 1.09861229)",
    "mse_train": 0.002236231345158415,
    "mae_train": 0.03755016396254824,
    "r2_train": 0.9534636624526706,
    "mse_test": 6.062450547883846e-05,
    "mae_test": 0.00698215603409157,
    "r2_test": 0.9986565094131473
}