{
    "dataset": "feynman_II_38_14",
    "algorithm": "RILSROLSRegressor",
    "params": {
        "complexity_penalty": 0.001,
        "error_tolerance": 1e-16,
        "max_fit_calls": 1000000,
        "max_seconds": 7200,
        "random_state": 21962
    },
    "random_state": 21962,
    "process_time": 2.59375,
    "time_time": 2.588002920150757,
    "target_noise": 0.0,
    "feature_noise": 0.0,
    "true_model": " Y/(2*(1+sigma))",
    "model_size": 12,
    "symbolic_model": "-0.5*x0/(-x1 - 1)",
    "mse_train": 7.20216910143162e-33,
    "mae_train": 5.806743974545725e-17,
    "r2_train": 1.0,
    "mse_test": 6.968214835507236e-33,
    "mae_test": 5.682121440031552e-17,
    "r2_test": 1.0
}