{
    "dataset": "feynman_II_38_14",
    "algorithm": "RILSROLSRegressor",
    "params": {
        "complexity_penalty": 0.001,
        "error_tolerance": 1e-16,
        "max_fit_calls": 1000000,
        "max_seconds": 7200,
        "random_state": 29910
    },
    "random_state": 29910,
    "process_time": 1978.453125,
    "time_time": 1979.1485974788666,
    "target_noise": 0.1,
    "feature_noise": 0.0,
    "true_model": " Y/(2*(1+sigma))",
    "model_size": 10,
    "symbolic_model": "0.50524429*x0/(x1 + 1)",
    "mse_train": 0.0022791797943277486,
    "mae_train": 0.03815485646038432,
    "r2_train": 0.9527448994144084,
    "mse_test": 2.373033807964055e-05,
    "mae_test": 0.004325478908042988,
    "r2_test": 0.999480022845083
}