{
    "dataset": "feynman_II_38_14",
    "algorithm": "RILSROLSRegressor",
    "params": {
        "complexity_penalty": 0.001,
        "error_tolerance": 1e-16,
        "max_fit_calls": 1000000,
        "max_seconds": 7200,
        "random_state": 860
    },
    "random_state": 860,
    "process_time": 1786.734375,
    "time_time": 1787.0601737499237,
    "target_noise": 0.001,
    "feature_noise": 0.0,
    "true_model": " Y/(2*(1+sigma))",
    "model_size": 10,
    "symbolic_model": "0.50003185*x0/(x1 + 1)",
    "mse_train": 2.2249221713306334e-07,
    "mae_train": 0.000377741414104577,
    "r2_train": 0.9999952794609505,
    "mse_test": 8.821764125426632e-10,
    "mae_test": 2.6379951287986487e-05,
    "r2_test": 0.9999999807832161
}