{
    "dataset": "feynman_test_5",
    "algorithm": "RILSROLSRegressor",
    "params": {
        "complexity_penalty": 0.001,
        "error_tolerance": 1e-16,
        "max_fit_calls": 1000000,
        "max_seconds": 7200,
        "random_state": 29910
    },
    "random_state": 29910,
    "process_time": 2147.359375,
    "time_time": 2148.289893388748,
    "target_noise": 0.1,
    "feature_noise": 0.0,
    "true_model": " 2*3.1415926535*d**(3/2)/sqrt(G*(m1+m2))",
    "model_size": 18,
    "symbolic_model": "13.2735038*x0**2/(x0*x1 + x2 + 1.14159265*x3)",
    "mse_train": 0.6271223968379749,
    "mae_train": 0.6306204501054956,
    "r2_train": 0.9420538243450847,
    "mse_test": 0.05334307540680111,
    "mae_test": 0.15834844567906609,
    "r2_test": 0.994785242138942
}