{
    "dataset": "feynman_test_5",
    "algorithm": "RILSROLSRegressor",
    "params": {
        "complexity_penalty": 0.001,
        "error_tolerance": 1e-16,
        "max_fit_calls": 1000000,
        "max_seconds": 7200,
        "random_state": 4426
    },
    "random_state": 4426,
    "process_time": 2990.453125,
    "time_time": 3024.1595442295074,
    "target_noise": 0.1,
    "feature_noise": 0.0,
    "true_model": " 2*3.1415926535*d**(3/2)/sqrt(G*(m1+m2))",
    "model_size": 37,
    "symbolic_model": "10.14791144*x0/(x1*x3 + x1/x3 + x2)**0.5 + 5.75625508*cos(x0)**2/(x1*x2*x3 - 0.5)**0.5 - 1.91352745",
    "mse_train": 0.6666435517920642,
    "mae_train": 0.6531422567495389,
    "r2_train": 0.937616124114573,
    "mse_test": 0.10004702258291515,
    "mae_test": 0.25964327455905817,
    "r2_test": 0.9900597781962877
}