{
    "dataset": "feynman_test_5",
    "algorithm": "RILSROLSRegressor",
    "params": {
        "complexity_penalty": 0.001,
        "error_tolerance": 1e-16,
        "max_fit_calls": 1000000,
        "max_seconds": 7200,
        "random_state": 16850
    },
    "random_state": 16850,
    "process_time": 3116.484375,
    "time_time": 3117.8168625831604,
    "target_noise": 0.0,
    "feature_noise": 0.0,
    "true_model": " 2*3.1415926535*d**(3/2)/sqrt(G*(m1+m2))",
    "model_size": 46,
    "symbolic_model": "4.22885108*x0**2/(x1*(x2 + x3 + 1)) + 3.57288924*x0/(x2 + x3)**0.5 + 1.79255769*x0 - 2.31549997*x0/(x0/x1 + 0.8)",
    "mse_train": 0.0007487660784703076,
    "mae_train": 0.015367237479977069,
    "r2_train": 0.9999266958330103,
    "mse_test": 0.000820003696279926,
    "mae_test": 0.01543719084681901,
    "r2_test": 0.9999205172475795
}