{
    "dataset": "feynman_test_5",
    "algorithm": "RILSROLSRegressor",
    "params": {
        "complexity_penalty": 0.001,
        "error_tolerance": 1e-16,
        "max_fit_calls": 1000000,
        "max_seconds": 7200,
        "random_state": 860
    },
    "random_state": 860,
    "process_time": 3037.59375,
    "time_time": 3039.336437702179,
    "target_noise": 0.1,
    "feature_noise": 0.0,
    "true_model": " 2*3.1415926535*d**(3/2)/sqrt(G*(m1+m2))",
    "model_size": 57,
    "symbolic_model": "-0.02579084*x0**2*x3**2*cos(exp(x1*x3))**2 + 0.75604249*x0**2/x1 + 2.10203408*x0 + 7.44003809*x0/(x1*x2 + x3) + 0.28257352*x1*cos(x1*x3)**2 - 1.89359481",
    "mse_train": 0.6899140876651417,
    "mae_train": 0.6632375610405101,
    "r2_train": 0.935369229112123,
    "mse_test": 0.11963343950974385,
    "mae_test": 0.27040057922634947,
    "r2_test": 0.9882504310525426
}