{
    "dataset": "feynman_test_5",
    "algorithm": "RILSROLSRegressor",
    "params": {
        "complexity_penalty": 0.001,
        "error_tolerance": 1e-16,
        "max_fit_calls": 1000000,
        "max_seconds": 7200,
        "random_state": 21962
    },
    "random_state": 21962,
    "process_time": 4001.328125,
    "time_time": 4357.731560230255,
    "target_noise": 0.001,
    "feature_noise": 0.0,
    "true_model": " 2*3.1415926535*d**(3/2)/sqrt(G*(m1+m2))",
    "model_size": 18,
    "symbolic_model": "6.28374704*(x0**3/(x1*(x2 + x3)))**0.5",
    "mse_train": 5.771217454814255e-05,
    "mae_train": 0.0060815370305792,
    "r2_train": 0.9999944190764499,
    "mse_test": 4.5258578768860747e-07,
    "mae_test": 0.0006090553850840536,
    "r2_test": 0.9999999556889537
}