{
    "dataset": "feynman_test_5",
    "algorithm": "RILSROLSRegressor",
    "params": {
        "complexity_penalty": 0.001,
        "error_tolerance": 1e-16,
        "max_fit_calls": 1000000,
        "max_seconds": 7200,
        "random_state": 29910
    },
    "random_state": 29910,
    "process_time": 3562.21875,
    "time_time": 3570.8160037994385,
    "target_noise": 0.001,
    "feature_noise": 0.0,
    "true_model": " 2*3.1415926535*d**(3/2)/sqrt(G*(m1+m2))",
    "model_size": 18,
    "symbolic_model": "6.2842326*(x0**3/(x1*(x2 + x3)))**0.5",
    "mse_train": 5.907243879574992e-05,
    "mae_train": 0.006146609623542929,
    "r2_train": 0.9999942146962231,
    "mse_test": 1.5757747320168835e-06,
    "mae_test": 0.001136475747010729,
    "r2_test": 0.9999998459540698
}