{
    "dataset": "feynman_test_5",
    "algorithm": "RILSROLSRegressor",
    "params": {
        "complexity_penalty": 0.001,
        "error_tolerance": 1e-16,
        "max_fit_calls": 1000000,
        "max_seconds": 7200,
        "random_state": 15795
    },
    "random_state": 15795,
    "process_time": 428.78125,
    "time_time": 428.7859265804291,
    "target_noise": 0.0,
    "feature_noise": 0.0,
    "true_model": " 2*3.1415926535*d**(3/2)/sqrt(G*(m1+m2))",
    "model_size": 18,
    "symbolic_model": "6.28318531*x0/((x1/x0)**0.5*(x2 + x3)**0.5)",
    "mse_train": 1.1423839256769749e-17,
    "mae_train": 3.0604240137677154e-09,
    "r2_train": 1.0,
    "mse_test": 1.1323541310415758e-17,
    "mae_test": 3.053740257916715e-09,
    "r2_test": 1.0
}