{
    "dataset": "feynman_test_5",
    "algorithm": "RILSROLSRegressor",
    "params": {
        "complexity_penalty": 0.001,
        "error_tolerance": 1e-16,
        "max_fit_calls": 1000000,
        "max_seconds": 7200,
        "random_state": 28020
    },
    "random_state": 28020,
    "process_time": 2904.734375,
    "time_time": 2906.7516372203827,
    "target_noise": 0.0,
    "feature_noise": 0.0,
    "true_model": " 2*3.1415926535*d**(3/2)/sqrt(G*(m1+m2))",
    "model_size": 40,
    "symbolic_model": "1.27342579*x0/(x2 + x3) + 2.72237107*x0/x1 + 3.61037785*(x0 + 0.5)**2/(x1 + x2 + x3) - 1.66610375/x1",
    "mse_train": 0.0007002210536198255,
    "mae_train": 0.015993629410685942,
    "r2_train": 0.9999324741409822,
    "mse_test": 0.0006884461075305856,
    "mae_test": 0.015733858512418472,
    "r2_test": 0.9999321475349799
}