{
    "dataset": "feynman_test_5",
    "algorithm": "RILSROLSRegressor",
    "params": {
        "complexity_penalty": 0.001,
        "error_tolerance": 1e-16,
        "max_fit_calls": 1000000,
        "max_seconds": 7200,
        "random_state": 28020
    },
    "random_state": 28020,
    "process_time": 2856.3125,
    "time_time": 2858.7075140476227,
    "target_noise": 0.1,
    "feature_noise": 0.0,
    "true_model": " 2*3.1415926535*d**(3/2)/sqrt(G*(m1+m2))",
    "model_size": 43,
    "symbolic_model": "1.57774985*x0*x3/(x2 + 1) + 21.99386032*x0/(x1*x3 + x2) - 7.95144733*sin(1/(x1*x3*(x2 - 0.5))) - 1.51172831",
    "mse_train": 0.769266777725878,
    "mae_train": 0.6899650987365885,
    "r2_train": 0.9304478056254557,
    "mse_test": 0.19535119932513265,
    "mae_test": 0.3196474523468851,
    "r2_test": 0.9807464080719719
}