{
    "dataset": "feynman_test_5",
    "algorithm": "RILSROLSRegressor",
    "params": {
        "complexity_penalty": 0.001,
        "error_tolerance": 1e-16,
        "max_fit_calls": 1000000,
        "max_seconds": 7200,
        "random_state": 15795
    },
    "random_state": 15795,
    "process_time": 2923.03125,
    "time_time": 2924.5931203365326,
    "target_noise": 0.1,
    "feature_noise": 0.0,
    "true_model": " 2*3.1415926535*d**(3/2)/sqrt(G*(m1+m2))",
    "model_size": 39,
    "symbolic_model": "-0.07782977*x0**2*x2**2 + 1.84254807*x0**2*sin(1/x1) - 0.77966653*x0*x3 + 4.12367406*x0 + 0.27426766*x2*x3 - 2.10677241",
    "mse_train": 0.7056896062341028,
    "mae_train": 0.6693000793402505,
    "r2_train": 0.9347573507871795,
    "mse_test": 0.14339513477212312,
    "mae_test": 0.2741688208381815,
    "r2_test": 0.9855403100578627
}