{
    "dataset": "feynman_test_5",
    "algorithm": "RILSROLSRegressor",
    "params": {
        "complexity_penalty": 0.001,
        "error_tolerance": 1e-16,
        "max_fit_calls": 1000000,
        "max_seconds": 7200,
        "random_state": 5390
    },
    "random_state": 5390,
    "process_time": 2504.578125,
    "time_time": 2505.033427476883,
    "target_noise": 0.001,
    "feature_noise": 0.0,
    "true_model": " 2*3.1415926535*d**(3/2)/sqrt(G*(m1+m2))",
    "model_size": 18,
    "symbolic_model": "6.27946185*(x0**3/(x1*(x2 + x3)))**0.5",
    "mse_train": 7.485776107615406e-05,
    "mae_train": 0.006918526591129309,
    "r2_train": 0.9999925016905014,
    "mse_test": 1.9867670907204827e-05,
    "mae_test": 0.004037462853622093,
    "r2_test": 0.9999980437252377
}