{
    "dataset": "feynman_test_5",
    "algorithm": "RILSROLSRegressor",
    "params": {
        "complexity_penalty": 0.001,
        "error_tolerance": 1e-16,
        "max_fit_calls": 1000000,
        "max_seconds": 7200,
        "random_state": 16850
    },
    "random_state": 16850,
    "process_time": 2979.5625,
    "time_time": 2980.070181131363,
    "target_noise": 0.001,
    "feature_noise": 0.0,
    "true_model": " 2*3.1415926535*d**(3/2)/sqrt(G*(m1+m2))",
    "model_size": 46,
    "symbolic_model": "4.22524635*x0**2/(x1*(x2 + x3 + 1)) + 3.57347813*x0/(x2 + x3)**0.5 + 1.79723528*x0 - 2.31898967*x0/(x0/x1 + 0.8)",
    "mse_train": 0.0008231696078895933,
    "mae_train": 0.016062586052033288,
    "r2_train": 0.9999194109467455,
    "mse_test": 0.000840160080736903,
    "mae_test": 0.01422011829614421,
    "r2_test": 0.9999185634942943
}