{
    "dataset": "feynman_test_1",
    "algorithm": "RILSROLSRegressor",
    "params": {
        "complexity_penalty": 0.001,
        "error_tolerance": 1e-16,
        "fitness_type": "FitnessType.BIC",
        "initial_sample_size": 0.01,
        "max_fit_calls": 1000000,
        "max_seconds": 7200,
        "random_perturbations_order": false,
        "random_state": 4426,
        "verbose": false
    },
    "random_state": 4426,
    "process_time": 3512.109375,
    "time_time": 3512.5865936279297,
    "target_noise": 0.0,
    "feature_noise": 0.0,
    "true_model": " (Z_1*Z_2*alpha*hbar*c/(4*E_n*sin(theta/2)**2))**2",
    "model_size": 38,
    "symbolic_model": "x0**2*x1**2*x2**2*x3**2*x4**2*(0.12126385*x6**4 + 1.06302426*x6)/(x5**2*x6**5)",
    "mse_train": 0.01485628069188038,
    "mae_train": 0.05465494582807547,
    "r2_train": 0.9999041468539306,
    "mse_test": 0.013836686901998137,
    "mae_test": 0.05256256328716147,
    "r2_test": 0.9999060411809011
}