{
    "dataset": "feynman_test_1",
    "algorithm": "RILSROLSRegressor",
    "params": {
        "complexity_penalty": 0.001,
        "error_tolerance": 1e-16,
        "fitness_type": "FitnessType.BIC",
        "initial_sample_size": 0.01,
        "max_fit_calls": 1000000,
        "max_seconds": 7200,
        "random_perturbations_order": false,
        "random_state": 21962,
        "verbose": false
    },
    "random_state": 21962,
    "process_time": 3027.671875,
    "time_time": 3027.86648273468,
    "target_noise": 0.0,
    "feature_noise": 0.0,
    "true_model": " (Z_1*Z_2*alpha*hbar*c/(4*E_n*sin(theta/2)**2))**2",
    "model_size": 33,
    "symbolic_model": "0.82999757*x0**2*x1**2*x2**2*x3**2*x4**2/(x5**2*(log(x6) + 0.9)**4)",
    "mse_train": 0.16446885241323608,
    "mae_train": 0.13967746604216197,
    "r2_train": 0.9988489550366816,
    "mse_test": 0.18261033983340705,
    "mae_test": 0.1410281358765281,
    "r2_test": 0.9986560385898153
}