{
    "dataset": "feynman_test_1",
    "algorithm": "RILSROLSRegressor",
    "params": {
        "complexity_penalty": 0.001,
        "error_tolerance": 1e-16,
        "fitness_type": "FitnessType.BIC",
        "initial_sample_size": 0.01,
        "max_fit_calls": 1000000,
        "max_seconds": 7200,
        "random_perturbations_order": false,
        "random_state": 5390,
        "verbose": false
    },
    "random_state": 5390,
    "process_time": 2924.515625,
    "time_time": 2924.726684808731,
    "target_noise": 0.0,
    "feature_noise": 0.0,
    "true_model": " (Z_1*Z_2*alpha*hbar*c/(4*E_n*sin(theta/2)**2))**2",
    "model_size": 108,
    "symbolic_model": "(x0**4*x1**4*x2**4*x3**4*x4**4*x5**6*x6**9 + x0**2*x1**2*x2**2*x3**2*x4**2*x5**8*x6**9 + x4**4*x5**6*x6**8*(x0**4*x1**4*x2**4*x3**2 + x0**2*x1**2*x2**2*x3**4))/(x5**10*x6**13)",
    "mse_train": 5660703.525590466,
    "mae_train": 315.98343962429834,
    "r2_train": -38361.15262478493,
    "mse_test": 5082418.668209298,
    "mae_test": 324.67076483974324,
    "r2_test": -34294.28834094214
}