{
    "dataset": "feynman_I_12_1",
    "algorithm": "RILSROLSRegressor",
    "params": {
        "complexity_penalty": 0.001,
        "error_tolerance": 1e-16,
        "fitness_type": "FitnessType.BIC",
        "initial_sample_size": 0.01,
        "max_fit_calls": 1000000,
        "max_seconds": 7200,
        "random_perturbations_order": false,
        "random_state": 15795,
        "verbose": false
    },
    "random_state": 15795,
    "process_time": 2604.015625,
    "time_time": 2604.2996792793274,
    "target_noise": 0.001,
    "feature_noise": 0.0,
    "true_model": " mu*Nn",
    "model_size": 6,
    "symbolic_model": "1.00001316*x0*x1",
    "mse_train": 0.00010434433218544736,
    "mae_train": 0.008156182335587719,
    "r2_train": 0.9999958800609012,
    "mse_test": 1.867811441794523e-08,
    "mae_test": 0.00011903074918084145,
    "r2_test": 0.9999999992827212
}