{
    "dataset": "feynman_I_12_1",
    "algorithm": "RILSROLSRegressor",
    "params": {
        "complexity_penalty": 0.001,
        "error_tolerance": 1e-16,
        "fitness_type": "FitnessType.BIC",
        "initial_sample_size": 0.01,
        "max_fit_calls": 1000000,
        "max_seconds": 7200,
        "random_perturbations_order": false,
        "random_state": 23654,
        "verbose": false
    },
    "random_state": 23654,
    "process_time": 3614.546875,
    "time_time": 3616.256359577179,
    "target_noise": 0.001,
    "feature_noise": 0.0,
    "true_model": " mu*Nn",
    "model_size": 4,
    "symbolic_model": "x0*x1",
    "mse_train": 0.00010480149579254374,
    "mae_train": 0.00818714527678573,
    "r2_train": 0.999995865176058,
    "mse_test": 4.5552398263057345e-30,
    "mae_test": 1.283781969618758e-15,
    "r2_test": 1.0
}