{
    "dataset": "feynman_I_16_6",
    "algorithm": "RILSROLSRegressor",
    "params": {
        "complexity_penalty": 0.001,
        "error_tolerance": 1e-16,
        "fitness_type": "FitnessType.BIC",
        "initial_sample_size": 0.01,
        "max_fit_calls": 1000000,
        "max_seconds": 7200,
        "random_perturbations_order": false,
        "random_state": 23654,
        "verbose": false
    },
    "random_state": 23654,
    "process_time": 2701.640625,
    "time_time": 2701.8885526657104,
    "target_noise": 0.0,
    "feature_noise": 0.0,
    "true_model": " (u+v)/(1+u*v/c**2)",
    "model_size": 35,
    "symbolic_model": "0.79623872*x0*sin(x0/(x1 + x2) + 2.71828183) + 1.42817776*x0 - 0.74913697*x1*x2/(x1 + x2 - 1) + 0.23771757",
    "mse_train": 0.0032650204082107833,
    "mae_train": 0.03987141073261072,
    "r2_train": 0.9974498796169692,
    "mse_test": 0.003103025317839723,
    "mae_test": 0.03927647865708594,
    "r2_test": 0.9976123211808774
}