{
    "dataset": "feynman_I_18_4",
    "algorithm": "RILSROLSRegressor",
    "params": {
        "complexity_penalty": 0.001,
        "error_tolerance": 1e-16,
        "fitness_type": "FitnessType.BIC",
        "initial_sample_size": 0.01,
        "max_fit_calls": 1000000,
        "max_seconds": 7200,
        "random_perturbations_order": false,
        "random_state": 28020,
        "verbose": false
    },
    "random_state": 28020,
    "process_time": 2523.546875,
    "time_time": 2523.8392367362976,
    "target_noise": 0.0,
    "feature_noise": 0.0,
    "true_model": " (m1*r1+m2*r2)/(m1+m2)",
    "model_size": 47,
    "symbolic_model": "-0.48823896*x2*(x1/x0)**0.5 + 0.99401242*x2 + 0.48260584*x3*(x1/x0)**0.5 + 0.03582246 - 0.03432925*(x0 - x1)**2*sin(x2)/x0**2",
    "mse_train": 0.0021136710521233396,
    "mae_train": 0.02496753420238214,
    "r2_train": 0.9970394261596548,
    "mse_test": 0.0019738455061109224,
    "mae_test": 0.02401823810689147,
    "r2_test": 0.9972761020619715
}