{
    "dataset": "feynman_I_18_4",
    "algorithm": "RILSROLSRegressor",
    "params": {
        "complexity_penalty": 0.001,
        "error_tolerance": 1e-16,
        "fitness_type": "FitnessType.BIC",
        "initial_sample_size": 0.01,
        "max_fit_calls": 1000000,
        "max_seconds": 7200,
        "random_perturbations_order": false,
        "random_state": 15795,
        "verbose": false
    },
    "random_state": 15795,
    "process_time": 2588.125,
    "time_time": 2589.2503123283386,
    "target_noise": 0.0,
    "feature_noise": 0.0,
    "true_model": " (m1*r1+m2*r2)/(m1+m2)",
    "model_size": 30,
    "symbolic_model": "0.23223871*x2*log(x0/x1) + 0.50069547*x2 - 0.23225955*x3*log(x0/x1) + 0.49904432*x3",
    "mse_train": 0.00011808302760278312,
    "mae_train": 0.006531545003801426,
    "r2_train": 0.9998348011976637,
    "mse_test": 0.00011230531030901494,
    "mae_test": 0.006483945968225063,
    "r2_test": 0.999844849858527
}