{
    "dataset": "feynman_I_18_4",
    "algorithm": "RILSROLSRegressor",
    "params": {
        "complexity_penalty": 0.001,
        "error_tolerance": 1e-16,
        "fitness_type": "FitnessType.BIC",
        "initial_sample_size": 0.01,
        "max_fit_calls": 1000000,
        "max_seconds": 7200,
        "random_perturbations_order": false,
        "random_state": 4426,
        "verbose": false
    },
    "random_state": 4426,
    "process_time": 2624.046875,
    "time_time": 2624.3643243312836,
    "target_noise": 0.0,
    "feature_noise": 0.0,
    "true_model": " (m1*r1+m2*r2)/(m1+m2)",
    "model_size": 30,
    "symbolic_model": "(x0*(-0.08829286*x1*x2 + 0.08656672*x1*x3 + 1.00749229*x2) - 0.60288393*x2 + 0.59414319*x3)/x0",
    "mse_train": 0.003424257165859897,
    "mae_train": 0.03550398943716911,
    "r2_train": 0.9952915904631956,
    "mse_test": 0.0033526905359983726,
    "mae_test": 0.035572194928187834,
    "r2_test": 0.9953230969663773
}