{
    "dataset": "feynman_I_12_5",
    "algorithm": "RILSROLSRegressor",
    "params": {
        "complexity_penalty": 0.001,
        "error_tolerance": 1e-16,
        "max_fit_calls": 1000000,
        "max_seconds": 7200,
        "random_state": 860
    },
    "random_state": 860,
    "process_time": 2115.734375,
    "time_time": 2119.2883865833282,
    "target_noise": 0.1,
    "feature_noise": 0.0,
    "true_model": " q2*Ef",
    "model_size": 25,
    "symbolic_model": "0.99302241*x0*x1 + 6.7128273*cos(10*x0/x1)**100/(x1 + 1)",
    "mse_train": 1.304787301156243,
    "mae_train": 0.8999685934798141,
    "r2_train": 0.951256419124814,
    "mse_test": 0.2032471371811019,
    "mae_test": 0.19048682008422682,
    "r2_test": 0.9919529539717274
}