{
    "dataset": "feynman_I_12_5",
    "algorithm": "RILSROLSRegressor",
    "params": {
        "complexity_penalty": 0.001,
        "error_tolerance": 1e-16,
        "max_fit_calls": 1000000,
        "max_seconds": 7200,
        "random_state": 23654
    },
    "random_state": 23654,
    "process_time": 2413.75,
    "time_time": 2415.523077726364,
    "target_noise": 0.001,
    "feature_noise": 0.0,
    "true_model": " q2*Ef",
    "model_size": 4,
    "symbolic_model": "x0*x1",
    "mse_train": 0.00010840115428971227,
    "mae_train": 0.008326561796310864,
    "r2_train": 0.9999957681133219,
    "mse_test": 4.622943813496328e-30,
    "mae_test": 1.2938006221929755e-15,
    "r2_test": 1.0
}