{
    "dataset": "feynman_I_12_5",
    "algorithm": "RILSROLSRegressor",
    "params": {
        "complexity_penalty": 0.001,
        "error_tolerance": 1e-16,
        "max_fit_calls": 1000000,
        "max_seconds": 7200,
        "random_state": 860
    },
    "random_state": 860,
    "process_time": 2173.75,
    "time_time": 2174.0396797657013,
    "target_noise": 0.001,
    "feature_noise": 0.0,
    "true_model": " q2*Ef",
    "model_size": 4,
    "symbolic_model": "x0*x1",
    "mse_train": 0.00010954879205899362,
    "mae_train": 0.008378002371843572,
    "r2_train": 0.99999572823099,
    "mse_test": 4.504458877684395e-30,
    "mae_test": 1.2865797316408135e-15,
    "r2_test": 1.0
}