{
    "dataset": "feynman_I_12_5",
    "algorithm": "RILSROLSRegressor",
    "params": {
        "complexity_penalty": 0.001,
        "error_tolerance": 1e-16,
        "max_fit_calls": 1000000,
        "max_seconds": 7200,
        "random_state": 16850
    },
    "random_state": 16850,
    "process_time": 2070.84375,
    "time_time": 2071.9270000457764,
    "target_noise": 0.1,
    "feature_noise": 0.0,
    "true_model": " q2*Ef",
    "model_size": 11,
    "symbolic_model": "x0*(1.46536044*log(x1)**2 + 1.25522977)",
    "mse_train": 1.1427032619180797,
    "mae_train": 0.856974174652462,
    "r2_train": 0.9573230334492175,
    "mse_test": 0.04069223895312045,
    "mae_test": 0.15218092601915428,
    "r2_test": 0.9984209257491554
}