{
    "dataset": "feynman_I_12_5",
    "algorithm": "RILSROLSRegressor",
    "params": {
        "complexity_penalty": 0.001,
        "error_tolerance": 1e-16,
        "max_fit_calls": 1000000,
        "max_seconds": 7200,
        "random_state": 28020
    },
    "random_state": 28020,
    "process_time": 2363.4375,
    "time_time": 3023.28741645813,
    "target_noise": 0.01,
    "feature_noise": 0.0,
    "true_model": " q2*Ef",
    "model_size": 4,
    "symbolic_model": "x0*x1",
    "mse_train": 0.010675384918475703,
    "mae_train": 0.08198396061230015,
    "r2_train": 0.9995852181085338,
    "mse_test": 4.4838400257741806e-30,
    "mae_test": 1.2776890656596151e-15,
    "r2_test": 1.0
}