{
    "dataset": "feynman_I_12_5",
    "algorithm": "RILSROLSRegressor",
    "params": {
        "complexity_penalty": 0.001,
        "error_tolerance": 1e-16,
        "max_fit_calls": 1000000,
        "max_seconds": 7200,
        "random_state": 21962
    },
    "random_state": 21962,
    "process_time": 1.140625,
    "time_time": 1.1400415897369385,
    "target_noise": 0.0,
    "feature_noise": 0.0,
    "true_model": " q2*Ef",
    "model_size": 4,
    "symbolic_model": "x0*x1",
    "mse_train": 4.4140859863061445e-30,
    "mae_train": 1.2622125566963404e-15,
    "r2_train": 1.0,
    "mse_test": 4.53005938621108e-30,
    "mae_test": 1.2882228617172586e-15,
    "r2_test": 1.0
}