{
    "dataset": "feynman_I_41_16",
    "algorithm": "RILSROLSRegressor",
    "params": {
        "complexity_penalty": 0.001,
        "error_tolerance": 1e-16,
        "max_fit_calls": 1000000,
        "max_seconds": 7200,
        "random_state": 28020
    },
    "random_state": 28020,
    "process_time": 2470.921875,
    "time_time": 2472.658999681473,
    "target_noise": 0.0,
    "feature_noise": 0.0,
    "true_model": " h/(2*3.1415926535)*omega**3/(3.1415926535**2*c**2*(exp((h/(2*3.1415926535))*omega/(kb*T))-1))",
    "model_size": 22,
    "symbolic_model": "(-0.0070011*x0**3*x2 + 0.10056483*x0**2*x1*x3)/x4**2",
    "mse_train": 0.0003348859761864143,
    "mae_train": 0.0062064898581560965,
    "r2_train": 0.9999622578958223,
    "mse_test": 0.000214838450747805,
    "mae_test": 0.006080441634979609,
    "r2_test": 0.9999759575528986
}