{
    "dataset": "feynman_I_41_16",
    "algorithm": "RILSROLSRegressor",
    "params": {
        "complexity_penalty": 0.001,
        "error_tolerance": 1e-16,
        "max_fit_calls": 1000000,
        "max_seconds": 7200,
        "random_state": 29910
    },
    "random_state": 29910,
    "process_time": 3512.765625,
    "time_time": 3522.9910011291504,
    "target_noise": 0.001,
    "feature_noise": 0.0,
    "true_model": " h/(2*3.1415926535)*omega**3/(3.1415926535**2*c**2*(exp((h/(2*3.1415926535))*omega/(kb*T))-1))",
    "model_size": 22,
    "symbolic_model": "(-0.0073651*x0**3*x2 + 0.10103492*x0**2*x1*x3)/x4**2",
    "mse_train": 0.00026281774549809407,
    "mae_train": 0.00633573064278311,
    "r2_train": 0.9999711053218379,
    "mse_test": 0.0003366429443950586,
    "mae_test": 0.00486958967969452,
    "r2_test": 0.9999622684325911
}