{
    "dataset": "feynman_I_41_16",
    "algorithm": "RILSROLSRegressor",
    "params": {
        "complexity_penalty": 0.001,
        "error_tolerance": 1e-16,
        "max_fit_calls": 1000000,
        "max_seconds": 7200,
        "random_state": 4426
    },
    "random_state": 4426,
    "process_time": 2414.9375,
    "time_time": 2418.002027988434,
    "target_noise": 0.01,
    "feature_noise": 0.0,
    "true_model": " h/(2*3.1415926535)*omega**3/(3.1415926535**2*c**2*(exp((h/(2*3.1415926535))*omega/(kb*T))-1))",
    "model_size": 22,
    "symbolic_model": "(-0.00725339*x0**3*x2 + 0.10075507*x0**2*x1*x3)/x4**2",
    "mse_train": 0.0014426924995095125,
    "mae_train": 0.029553457834225447,
    "r2_train": 0.9998458961593868,
    "mse_test": 0.0002645013114949279,
    "mae_test": 0.004619447853627451,
    "r2_test": 0.9999706135117757
}