{
    "dataset": "feynman_I_41_16",
    "algorithm": "RILSROLSRegressor",
    "params": {
        "complexity_penalty": 0.001,
        "error_tolerance": 1e-16,
        "max_fit_calls": 1000000,
        "max_seconds": 7200,
        "random_state": 28020
    },
    "random_state": 28020,
    "process_time": 3539.015625,
    "time_time": 4814.1790018081665,
    "target_noise": 0.001,
    "feature_noise": 0.0,
    "true_model": " h/(2*3.1415926535)*omega**3/(3.1415926535**2*c**2*(exp((h/(2*3.1415926535))*omega/(kb*T))-1))",
    "model_size": 22,
    "symbolic_model": "(-0.00700857*x0**3*x2 + 0.10055844*x0**2*x1*x3)/x4**2",
    "mse_train": 0.00034466553252360043,
    "mae_train": 0.007304923608516096,
    "r2_train": 0.9999611557223922,
    "mse_test": 0.00021351365695731158,
    "mae_test": 0.006011530359221093,
    "r2_test": 0.9999761058098076
}