{
    "dataset": "feynman_I_41_16",
    "algorithm": "RILSROLSRegressor",
    "params": {
        "complexity_penalty": 0.001,
        "error_tolerance": 1e-16,
        "max_fit_calls": 1000000,
        "max_seconds": 7200,
        "random_state": 29910
    },
    "random_state": 29910,
    "process_time": 2399.5625,
    "time_time": 2400.1505835056305,
    "target_noise": 0.01,
    "feature_noise": 0.0,
    "true_model": " h/(2*3.1415926535)*omega**3/(3.1415926535**2*c**2*(exp((h/(2*3.1415926535))*omega/(kb*T))-1))",
    "model_size": 22,
    "symbolic_model": "(-0.00728564*x0**3*x2 + 0.10104939*x0**2*x1*x3)/x4**2",
    "mse_train": 0.0015166288097144512,
    "mae_train": 0.030063193200693148,
    "r2_train": 0.9998332439041671,
    "mse_test": 0.00033973781514998885,
    "mae_test": 0.005858176781038666,
    "r2_test": 0.99996192155372
}