{
    "dataset": "feynman_I_41_16",
    "algorithm": "RILSROLSRegressor",
    "params": {
        "complexity_penalty": 0.001,
        "error_tolerance": 1e-16,
        "max_fit_calls": 1000000,
        "max_seconds": 7200,
        "random_state": 5390
    },
    "random_state": 5390,
    "process_time": 2265.6875,
    "time_time": 2266.0747385025024,
    "target_noise": 0.01,
    "feature_noise": 0.0,
    "true_model": " h/(2*3.1415926535)*omega**3/(3.1415926535**2*c**2*(exp((h/(2*3.1415926535))*omega/(kb*T))-1))",
    "model_size": 22,
    "symbolic_model": "(-0.00662594*x0**3*x2 + 0.10044054*x0**2*x1*x3)/x4**2",
    "mse_train": 0.0019093535381061017,
    "mae_train": 0.03260518190352253,
    "r2_train": 0.9997988499211115,
    "mse_test": 0.0005104386438330534,
    "mae_test": 0.010374043300738623,
    "r2_test": 0.9999430648567118
}