{
    "dataset": "feynman_I_41_16",
    "algorithm": "RILSROLSRegressor",
    "params": {
        "complexity_penalty": 0.001,
        "error_tolerance": 1e-16,
        "max_fit_calls": 1000000,
        "max_seconds": 7200,
        "random_state": 15795
    },
    "random_state": 15795,
    "process_time": 2395.25,
    "time_time": 2395.3824565410614,
    "target_noise": 0.0,
    "feature_noise": 0.0,
    "true_model": " h/(2*3.1415926535)*omega**3/(3.1415926535**2*c**2*(exp((h/(2*3.1415926535))*omega/(kb*T))-1))",
    "model_size": 22,
    "symbolic_model": "(-0.00744305*x0**3*x2 + 0.10098685*x0**2*x1*x3)/x4**2",
    "mse_train": 0.00029500523652778557,
    "mae_train": 0.004110002077914146,
    "r2_train": 0.9999659873489238,
    "mse_test": 0.00034005668534847414,
    "mae_test": 0.0041735276724483164,
    "r2_test": 0.9999630801104407
}