{
    "dataset": "feynman_I_41_16",
    "algorithm": "RILSROLSRegressor",
    "params": {
        "complexity_penalty": 0.001,
        "error_tolerance": 1e-16,
        "max_fit_calls": 1000000,
        "max_seconds": 7200,
        "random_state": 23654
    },
    "random_state": 23654,
    "process_time": 2208.9375,
    "time_time": 2210.755579471588,
    "target_noise": 0.01,
    "feature_noise": 0.0,
    "true_model": " h/(2*3.1415926535)*omega**3/(3.1415926535**2*c**2*(exp((h/(2*3.1415926535))*omega/(kb*T))-1))",
    "model_size": 22,
    "symbolic_model": "(-0.00701625*x0**3*x2 + 0.10066653*x0**2*x1*x3)/x4**2",
    "mse_train": 0.0013920084983980445,
    "mae_train": 0.028600703542142215,
    "r2_train": 0.9998354050915251,
    "mse_test": 0.00028788101642578855,
    "mae_test": 0.0064082875223948664,
    "r2_test": 0.9999691603522574
}