{
    "dataset": "feynman_I_41_16",
    "algorithm": "RILSROLSRegressor",
    "params": {
        "complexity_penalty": 0.001,
        "error_tolerance": 1e-16,
        "max_fit_calls": 1000000,
        "max_seconds": 7200,
        "random_state": 16850
    },
    "random_state": 16850,
    "process_time": 2859.5,
    "time_time": 2861.275666475296,
    "target_noise": 0.01,
    "feature_noise": 0.0,
    "true_model": " h/(2*3.1415926535)*omega**3/(3.1415926535**2*c**2*(exp((h/(2*3.1415926535))*omega/(kb*T))-1))",
    "model_size": 22,
    "symbolic_model": "(-0.00700544*x0**3*x2 + 0.10050421*x0**2*x1*x3)/x4**2",
    "mse_train": 0.0014905552436367078,
    "mae_train": 0.029526945773213457,
    "r2_train": 0.9998338479159886,
    "mse_test": 0.00030417151636489686,
    "mae_test": 0.006306514798394357,
    "r2_test": 0.9999670240084206
}