{
    "dataset": "feynman_I_41_16",
    "algorithm": "RILSROLSRegressor",
    "params": {
        "complexity_penalty": 0.001,
        "error_tolerance": 1e-16,
        "max_fit_calls": 1000000,
        "max_seconds": 7200,
        "random_state": 15795
    },
    "random_state": 15795,
    "process_time": 2313.4375,
    "time_time": 2313.7924897670746,
    "target_noise": 0.001,
    "feature_noise": 0.0,
    "true_model": " h/(2*3.1415926535)*omega**3/(3.1415926535**2*c**2*(exp((h/(2*3.1415926535))*omega/(kb*T))-1))",
    "model_size": 22,
    "symbolic_model": "(-0.00744849*x0**3*x2 + 0.10099826*x0**2*x1*x3)/x4**2",
    "mse_train": 0.0003086306155298015,
    "mae_train": 0.0058060697499796934,
    "r2_train": 0.9999644158115564,
    "mse_test": 0.00034224410101842785,
    "mae_test": 0.0041774262123155746,
    "r2_test": 0.999962842623138
}