{
    "dataset": "feynman_I_41_16",
    "algorithm": "RILSROLSRegressor",
    "params": {
        "complexity_penalty": 0.001,
        "error_tolerance": 1e-16,
        "max_fit_calls": 1000000,
        "max_seconds": 7200,
        "random_state": 21962
    },
    "random_state": 21962,
    "process_time": 3881.375,
    "time_time": 4179.503514766693,
    "target_noise": 0.001,
    "feature_noise": 0.0,
    "true_model": " h/(2*3.1415926535)*omega**3/(3.1415926535**2*c**2*(exp((h/(2*3.1415926535))*omega/(kb*T))-1))",
    "model_size": 22,
    "symbolic_model": "(-0.00729493*x0**3*x2 + 0.10075034*x0**2*x1*x3)/x4**2",
    "mse_train": 0.0002811811509621892,
    "mae_train": 0.006207435218625944,
    "r2_train": 0.9999684485449128,
    "mse_test": 0.0002476586651652256,
    "mae_test": 0.004638067479907157,
    "r2_test": 0.9999720765624573
}