{
    "dataset": "feynman_I_41_16",
    "algorithm": "RILSROLSRegressor",
    "params": {
        "complexity_penalty": 0.001,
        "error_tolerance": 1e-16,
        "max_fit_calls": 1000000,
        "max_seconds": 7200,
        "random_state": 5390
    },
    "random_state": 5390,
    "process_time": 2427.265625,
    "time_time": 2427.42479968071,
    "target_noise": 0.0,
    "feature_noise": 0.0,
    "true_model": " h/(2*3.1415926535)*omega**3/(3.1415926535**2*c**2*(exp((h/(2*3.1415926535))*omega/(kb*T))-1))",
    "model_size": 25,
    "symbolic_model": "(-0.03211232*x0**3*sin(0.25*x2) + 0.10083515*x0**2*x1*x3)/x4**2",
    "mse_train": 0.0012371803243249487,
    "mae_train": 0.013212464609265317,
    "r2_train": 0.9998696404615338,
    "mse_test": 0.0010415953264887572,
    "mae_test": 0.012573026667155627,
    "r2_test": 0.9998838187902142
}