{
    "dataset": "feynman_I_41_16",
    "algorithm": "RILSROLSRegressor",
    "params": {
        "complexity_penalty": 0.001,
        "error_tolerance": 1e-16,
        "max_fit_calls": 1000000,
        "max_seconds": 7200,
        "random_state": 860
    },
    "random_state": 860,
    "process_time": 2601.046875,
    "time_time": 2602.474200487137,
    "target_noise": 0.1,
    "feature_noise": 0.0,
    "true_model": " h/(2*3.1415926535)*omega**3/(3.1415926535**2*c**2*(exp((h/(2*3.1415926535))*omega/(kb*T))-1))",
    "model_size": 34,
    "symbolic_model": "0.1037752*x0**2*x1*x3/x4**2 - 0.15683459*x0**2/x4**2 + 3.66562119/(x2**2*x4**2)",
    "mse_train": 0.1472814260515756,
    "mae_train": 0.29525923854434794,
    "r2_train": 0.9818727862003706,
    "mse_test": 0.04092439007082184,
    "mae_test": 0.08702254399198045,
    "r2_test": 0.9956418585108542
}