{
    "dataset": "feynman_I_41_16",
    "algorithm": "RILSROLSRegressor",
    "params": {
        "complexity_penalty": 0.001,
        "error_tolerance": 1e-16,
        "max_fit_calls": 1000000,
        "max_seconds": 7200,
        "random_state": 860
    },
    "random_state": 860,
    "process_time": 2757.4375,
    "time_time": 2757.638250350952,
    "target_noise": 0.0,
    "feature_noise": 0.0,
    "true_model": " h/(2*3.1415926535)*omega**3/(3.1415926535**2*c**2*(exp((h/(2*3.1415926535))*omega/(kb*T))-1))",
    "model_size": 22,
    "symbolic_model": "(-0.00687058*x0**3*x2 + 0.10048228*x0**2*x1*x3)/x4**2",
    "mse_train": 0.0003199868410798602,
    "mae_train": 0.007491141426001819,
    "r2_train": 0.9999599795579903,
    "mse_test": 0.0002765659966157582,
    "mae_test": 0.007357482077388279,
    "r2_test": 0.9999705477896615
}