{
    "dataset": "feynman_I_41_16",
    "algorithm": "RILSROLSRegressor",
    "params": {
        "complexity_penalty": 0.001,
        "error_tolerance": 1e-16,
        "max_fit_calls": 1000000,
        "max_seconds": 7200,
        "random_state": 29910
    },
    "random_state": 29910,
    "process_time": 2503.84375,
    "time_time": 2503.9252610206604,
    "target_noise": 0.0,
    "feature_noise": 0.0,
    "true_model": " h/(2*3.1415926535)*omega**3/(3.1415926535**2*c**2*(exp((h/(2*3.1415926535))*omega/(kb*T))-1))",
    "model_size": 22,
    "symbolic_model": "(-0.00737377*x0**3*x2 + 0.1010338*x0**2*x1*x3)/x4**2",
    "mse_train": 0.0002498532803134116,
    "mae_train": 0.0046819685213357175,
    "r2_train": 0.9999725313101742,
    "mse_test": 0.0003385070613369729,
    "mae_test": 0.004787606921805221,
    "r2_test": 0.9999620594988967
}