{
    "dataset": "feynman_I_41_16",
    "algorithm": "RILSROLSRegressor",
    "params": {
        "complexity_penalty": 0.001,
        "error_tolerance": 1e-16,
        "max_fit_calls": 1000000,
        "max_seconds": 7200,
        "random_state": 23654
    },
    "random_state": 23654,
    "process_time": 2304.78125,
    "time_time": 2304.840267419815,
    "target_noise": 0.0,
    "feature_noise": 0.0,
    "true_model": " h/(2*3.1415926535)*omega**3/(3.1415926535**2*c**2*(exp((h/(2*3.1415926535))*omega/(kb*T))-1))",
    "model_size": 22,
    "symbolic_model": "(-0.00697325*x0**3*x2 + 0.10066029*x0**2*x1*x3)/x4**2",
    "mse_train": 0.00030244172244159746,
    "mae_train": 0.00666853027988086,
    "r2_train": 0.9999642138199437,
    "mse_test": 0.00030723060105683974,
    "mae_test": 0.006905032899166696,
    "r2_test": 0.999967087501531
}