{
    "dataset": "feynman_II_15_4",
    "algorithm": "RILSROLSRegressor",
    "params": {
        "complexity_penalty": 0.001,
        "error_tolerance": 1e-16,
        "max_fit_calls": 1000000,
        "max_seconds": 7200,
        "random_state": 28020
    },
    "random_state": 28020,
    "process_time": 2323.109375,
    "time_time": 2324.178819656372,
    "target_noise": 0.1,
    "feature_noise": 0.0,
    "true_model": " -mom*B*cos(theta)",
    "model_size": 34,
    "symbolic_model": "3.40203532/(x0**0.5*x2) - 1.04075696*x0*x1*cos(x2) + 0.30848405*x2 - 1.93444622 + 0.01366434/cos(8*x2)",
    "mse_train": 6.571960960336038,
    "mae_train": 0.6185997330565532,
    "r2_train": 0.7670696256648775,
    "mse_test": 1159.1836437463764,
    "mae_test": 0.554162662771478,
    "r2_test": -41.60975822225343
}