{
    "dataset": "feynman_II_15_4",
    "algorithm": "RILSROLSRegressor",
    "params": {
        "complexity_penalty": 0.001,
        "error_tolerance": 1e-16,
        "max_fit_calls": 1000000,
        "max_seconds": 7200,
        "random_state": 21962
    },
    "random_state": 21962,
    "process_time": 12.328125,
    "time_time": 12.322091102600098,
    "target_noise": 0.0,
    "feature_noise": 0.0,
    "true_model": " -mom*B*cos(theta)",
    "model_size": 9,
    "symbolic_model": "-x0*x1*cos(x2)",
    "mse_train": 1.1322628663353527e-29,
    "mae_train": 1.7440414347077992e-15,
    "r2_train": 1.0,
    "mse_test": 1.126584047315086e-29,
    "mae_test": 1.708450878597917e-15,
    "r2_test": 1.0
}