{
    "dataset": "feynman_II_15_4",
    "algorithm": "RILSROLSRegressor",
    "params": {
        "complexity_penalty": 0.001,
        "error_tolerance": 1e-16,
        "max_fit_calls": 1000000,
        "max_seconds": 7200,
        "random_state": 28020
    },
    "random_state": 28020,
    "process_time": 2641.59375,
    "time_time": 4246.004556655884,
    "target_noise": 0.01,
    "feature_noise": 0.0,
    "true_model": " -mom*B*cos(theta)",
    "model_size": 9,
    "symbolic_model": "-1.00046571*x0*x1*cos(x2)",
    "mse_train": 0.004457711687531741,
    "mae_train": 0.053002035424751875,
    "r2_train": 0.9998394514022267,
    "mse_test": 9.484995489992784e-06,
    "mae_test": 0.0023018091461633155,
    "r2_test": 0.9999996513465603
}