{
    "dataset": "feynman_II_15_4",
    "algorithm": "RILSROLSRegressor",
    "params": {
        "complexity_penalty": 0.001,
        "error_tolerance": 1e-16,
        "max_fit_calls": 1000000,
        "max_seconds": 7200,
        "random_state": 860
    },
    "random_state": 860,
    "process_time": 40.453125,
    "time_time": 40.47083640098572,
    "target_noise": 0.0,
    "feature_noise": 0.0,
    "true_model": " -mom*B*cos(theta)",
    "model_size": 9,
    "symbolic_model": "-x0*x1*cos(x2)",
    "mse_train": 1.1263781975717337e-29,
    "mae_train": 1.701188728732081e-15,
    "r2_train": 1.0,
    "mse_test": 1.0835834632159761e-29,
    "mae_test": 1.7005372630884975e-15,
    "r2_test": 1.0
}