{
    "dataset": "feynman_II_15_4",
    "algorithm": "RILSROLSRegressor",
    "params": {
        "complexity_penalty": 0.001,
        "error_tolerance": 1e-16,
        "max_fit_calls": 1000000,
        "max_seconds": 7200,
        "random_state": 860
    },
    "random_state": 860,
    "process_time": 2143.28125,
    "time_time": 2144.1208066940308,
    "target_noise": 0.1,
    "feature_noise": 0.0,
    "true_model": " -mom*B*cos(theta)",
    "model_size": 24,
    "symbolic_model": "-1.01864231*x0*x1*cos(x2) - 0.11504335*x2*cos(x0*x2 + log(x0) + sin(x2))",
    "mse_train": 0.5315959011449639,
    "mae_train": 0.5830289385615166,
    "r2_train": 0.9811580042823527,
    "mse_test": 0.08268844165540197,
    "mae_test": 0.2346356273165715,
    "r2_test": 0.9969266039696456
}