{
    "dataset": "feynman_II_15_4",
    "algorithm": "RILSROLSRegressor",
    "params": {
        "complexity_penalty": 0.001,
        "error_tolerance": 1e-16,
        "max_fit_calls": 1000000,
        "max_seconds": 7200,
        "random_state": 16850
    },
    "random_state": 16850,
    "process_time": 4.46875,
    "time_time": 4.470999240875244,
    "target_noise": 0.0,
    "feature_noise": 0.0,
    "true_model": " -mom*B*cos(theta)",
    "model_size": 9,
    "symbolic_model": "-x0*x1*cos(x2)",
    "mse_train": 1.0544220442870149e-29,
    "mae_train": 1.6727497425400584e-15,
    "r2_train": 1.0,
    "mse_test": 1.0720997189631805e-29,
    "mae_test": 1.6913865447110155e-15,
    "r2_test": 1.0
}