{
    "dataset": "feynman_II_15_4",
    "algorithm": "RILSROLSRegressor",
    "params": {
        "complexity_penalty": 0.001,
        "error_tolerance": 1e-16,
        "max_fit_calls": 1000000,
        "max_seconds": 7200,
        "random_state": 21962
    },
    "random_state": 21962,
    "process_time": 1921.421875,
    "time_time": 1925.476901769638,
    "target_noise": 0.001,
    "feature_noise": 0.0,
    "true_model": " -mom*B*cos(theta)",
    "model_size": 9,
    "symbolic_model": "-1.00007685*x0*x1*cos(x2)",
    "mse_train": 4.3997155961609966e-05,
    "mae_train": 0.00530569260930589,
    "r2_train": 0.9999984086806374,
    "mse_test": 2.5501297414940173e-07,
    "mae_test": 0.0003768050882237831,
    "r2_test": 0.9999999905649871
}