{
    "dataset": "feynman_II_15_4",
    "algorithm": "RILSROLSRegressor",
    "params": {
        "complexity_penalty": 0.001,
        "error_tolerance": 1e-16,
        "max_fit_calls": 1000000,
        "max_seconds": 7200,
        "random_state": 29910
    },
    "random_state": 29910,
    "process_time": 3046.15625,
    "time_time": 3481.880484342575,
    "target_noise": 0.01,
    "feature_noise": 0.0,
    "true_model": " -mom*B*cos(theta)",
    "model_size": 9,
    "symbolic_model": "-1.0000852*x0*x1*cos(x2)",
    "mse_train": 0.004380984330487376,
    "mae_train": 0.05291656743086875,
    "r2_train": 0.999838059421982,
    "mse_test": 3.2176019587049873e-07,
    "mae_test": 0.00042420882214272096,
    "r2_test": 0.9999999883505264
}