{
    "dataset": "feynman_I_47_23",
    "algorithm": "RILSROLSRegressor",
    "params": {
        "complexity_penalty": 0.001,
        "error_tolerance": 1e-16,
        "max_fit_calls": 1000000,
        "max_seconds": 7200,
        "random_state": 16850
    },
    "random_state": 16850,
    "process_time": 2537.828125,
    "time_time": 2539.122828245163,
    "target_noise": 0.01,
    "feature_noise": 0.0,
    "true_model": " sqrt(gamma*pr/rho)",
    "model_size": 10,
    "symbolic_model": "(x0*x1/x2)**0.5",
    "mse_train": 0.00037013341999888824,
    "mae_train": 0.01538718163712229,
    "r2_train": 0.9991750924304822,
    "mse_test": 9.258589273642845e-32,
    "mae_test": 1.9121149108514146e-16,
    "r2_test": 1.0
}