{
    "dataset": "feynman_I_47_23",
    "algorithm": "RILSROLSRegressor",
    "params": {
        "complexity_penalty": 0.001,
        "error_tolerance": 1e-16,
        "max_fit_calls": 1000000,
        "max_seconds": 7200,
        "random_state": 860
    },
    "random_state": 860,
    "process_time": 2655.34375,
    "time_time": 2656.2113733291626,
    "target_noise": 0.001,
    "feature_noise": 0.0,
    "true_model": " sqrt(gamma*pr/rho)",
    "model_size": 10,
    "symbolic_model": "(x0*x1/x2)**0.5",
    "mse_train": 3.6459420808810484e-06,
    "mae_train": 0.0015284159634225514,
    "r2_train": 0.999991994275785,
    "mse_test": 9.11156532243228e-32,
    "mae_test": 1.900035684343493e-16,
    "r2_test": 1.0
}