{
    "dataset": "feynman_I_47_23",
    "algorithm": "RILSROLSRegressor",
    "params": {
        "complexity_penalty": 0.001,
        "error_tolerance": 1e-16,
        "max_fit_calls": 1000000,
        "max_seconds": 7200,
        "random_state": 23654
    },
    "random_state": 23654,
    "process_time": 2212.96875,
    "time_time": 2214.2870836257935,
    "target_noise": 0.001,
    "feature_noise": 0.0,
    "true_model": " sqrt(gamma*pr/rho)",
    "model_size": 10,
    "symbolic_model": "(x0*x1/x2)**0.5",
    "mse_train": 3.680906791895476e-06,
    "mae_train": 0.0015343561074734006,
    "r2_train": 0.9999919638393231,
    "mse_test": 9.40778259234277e-32,
    "mae_test": 1.9306778398231473e-16,
    "r2_test": 1.0
}