{
    "dataset": "feynman_I_47_23",
    "algorithm": "RILSROLSRegressor",
    "params": {
        "complexity_penalty": 0.001,
        "error_tolerance": 1e-16,
        "max_fit_calls": 1000000,
        "max_seconds": 7200,
        "random_state": 16850
    },
    "random_state": 16850,
    "process_time": 1839.28125,
    "time_time": 1840.0089416503906,
    "target_noise": 0.1,
    "feature_noise": 0.0,
    "true_model": " sqrt(gamma*pr/rho)",
    "model_size": 16,
    "symbolic_model": "3.40266938*(x0*x1/x2 + 1)**0.25 - 3.04844806",
    "mse_train": 0.03806280824564684,
    "mae_train": 0.15623121264050538,
    "r2_train": 0.9223513227276937,
    "mse_test": 0.001005581779867385,
    "mae_test": 0.024081484273842758,
    "r2_test": 0.9977783532324284
}