{
    "dataset": "feynman_test_18",
    "algorithm": "RILSROLSRegressor",
    "params": {
        "complexity_penalty": 0.001,
        "error_tolerance": 1e-16,
        "fitness_type": "FitnessType.BIC",
        "initial_sample_size": 0.01,
        "max_fit_calls": 1000000,
        "max_seconds": 7200,
        "random_perturbations_order": false,
        "random_state": 15795,
        "verbose": false
    },
    "random_state": 15795,
    "process_time": 2493.15625,
    "time_time": 2493.4481089115143,
    "target_noise": 0.001,
    "feature_noise": 0.0,
    "true_model": " 3/(8*3.1415926535*G)*(c**2*k_f/r**2+H_G**2)",
    "model_size": 26,
    "symbolic_model": "(0.11933383*x1*x4**2 + 0.1193842*x2**2*x3**2)/(x0*x2**2)",
    "mse_train": 1.1767189827272213e-06,
    "mae_train": 0.0008668286672297276,
    "r2_train": 0.9999978251065539,
    "mse_test": 2.2931909668640368e-08,
    "mae_test": 8.3745517564951e-05,
    "r2_test": 0.9999999588436511
}