{
    "dataset": "feynman_test_18",
    "algorithm": "RILSROLSRegressor",
    "params": {
        "complexity_penalty": 0.001,
        "error_tolerance": 1e-16,
        "fitness_type": "FitnessType.BIC",
        "initial_sample_size": 0.01,
        "max_fit_calls": 1000000,
        "max_seconds": 7200,
        "random_perturbations_order": false,
        "random_state": 16850,
        "verbose": false
    },
    "random_state": 16850,
    "process_time": 84.09375,
    "time_time": 84.09304332733154,
    "target_noise": 0.0,
    "feature_noise": 0.0,
    "true_model": " 3/(8*3.1415926535*G)*(c**2*k_f/r**2+H_G**2)",
    "model_size": 26,
    "symbolic_model": "0.11936621*x1*x4**2/(x0*x2**2) + 0.11936621*x3**2/x0",
    "mse_train": 5.924675516001075e-16,
    "mae_train": 1.7738574099748076e-08,
    "r2_train": 0.9999999999999989,
    "mse_test": 6.093783981473532e-16,
    "mae_test": 1.790609044454883e-08,
    "r2_test": 0.9999999999999989
}