{
    "dataset": "feynman_test_18",
    "algorithm": "RILSROLSRegressor",
    "params": {
        "complexity_penalty": 0.001,
        "error_tolerance": 1e-16,
        "fitness_type": "FitnessType.BIC",
        "initial_sample_size": 0.01,
        "max_fit_calls": 1000000,
        "max_seconds": 7200,
        "random_perturbations_order": false,
        "random_state": 29910,
        "verbose": false
    },
    "random_state": 29910,
    "process_time": 42.34375,
    "time_time": 42.3410165309906,
    "target_noise": 0.0,
    "feature_noise": 0.0,
    "true_model": " 3/(8*3.1415926535*G)*(c**2*k_f/r**2+H_G**2)",
    "model_size": 24,
    "symbolic_model": "0.11936621*(x1*x4**2 + x2**2*x3**2)/(x0*x2**2)",
    "mse_train": 6.078584445959212e-16,
    "mae_train": 1.7907988833874843e-08,
    "r2_train": 0.9999999999999989,
    "mse_test": 5.946601776321558e-16,
    "mae_test": 1.7771005245243443e-08,
    "r2_test": 0.9999999999999989
}