{
    "dataset": "feynman_III_19_51",
    "algorithm": "RILSROLSRegressor",
    "params": {
        "complexity_penalty": 0.001,
        "error_tolerance": 1e-16,
        "max_fit_calls": 1000000,
        "max_seconds": 7200,
        "random_state": 4426
    },
    "random_state": 4426,
    "process_time": 2604.109375,
    "time_time": 2605.35182261467,
    "target_noise": 0.1,
    "feature_noise": 0.0,
    "true_model": " -m*q**4/(2*(4*3.1415926535*epsilon)**2*(h/(2*3.1415926535))**2)*(1/n**2)",
    "model_size": 40,
    "symbolic_model": "-0.19306796*x1**3/(x3**2*(0.31830989*x2*x4 + 1/x0)**2) - 4.06635464*(1 - 0.5*x1)**2/(x2**2*x4**2)",
    "mse_train": 1.50699753862279,
    "mae_train": 0.27914266296701845,
    "r2_train": 0.6870931977566781,
    "mse_test": 1.5058949263935277,
    "mae_test": 0.16462135845587064,
    "r2_test": 0.7133302396202503
}