{
    "dataset": "feynman_III_19_51",
    "algorithm": "RILSROLSRegressor",
    "params": {
        "complexity_penalty": 0.001,
        "error_tolerance": 1e-16,
        "max_fit_calls": 1000000,
        "max_seconds": 7200,
        "random_state": 28020
    },
    "random_state": 28020,
    "process_time": 2642.796875,
    "time_time": 2643.113949537277,
    "target_noise": 0.001,
    "feature_noise": 0.0,
    "true_model": " -m*q**4/(2*(4*3.1415926535*epsilon)**2*(h/(2*3.1415926535))**2)*(1/n**2)",
    "model_size": 38,
    "symbolic_model": "-0.43184808*0.01**x3*x0*x1**4/x2**2 - 0.39989696*x0*x1**4/(x2**2*(x3 + x4 - 0.5)**3) + 0.02627203",
    "mse_train": 0.045272508511469696,
    "mae_train": 0.066099638051533,
    "r2_train": 0.9885353331231426,
    "mse_test": 0.03645707960682891,
    "mae_test": 0.0671707773350426,
    "r2_test": 0.9910131863856914
}