{
    "dataset": "feynman_III_19_51",
    "algorithm": "RILSROLSRegressor",
    "params": {
        "complexity_penalty": 0.001,
        "error_tolerance": 1e-16,
        "max_fit_calls": 1000000,
        "max_seconds": 7200,
        "random_state": 29910
    },
    "random_state": 29910,
    "process_time": 690.46875,
    "time_time": 690.5391025543213,
    "target_noise": 0.0,
    "feature_noise": 0.0,
    "true_model": " -m*q**4/(2*(4*3.1415926535*epsilon)**2*(h/(2*3.1415926535))**2)*(1/n**2)",
    "model_size": 20,
    "symbolic_model": "-0.125*x0*x1**4/(x2**2*x3**2*x4**2)",
    "mse_train": 1.0817285673373706e-30,
    "mae_train": 2.3926776765393827e-16,
    "r2_train": 1.0,
    "mse_test": 1.3510349399853896e-30,
    "mae_test": 2.416838285762297e-16,
    "r2_test": 1.0
}