{
    "dataset": "feynman_III_19_51",
    "algorithm": "RILSROLSRegressor",
    "params": {
        "complexity_penalty": 0.001,
        "error_tolerance": 1e-16,
        "max_fit_calls": 1000000,
        "max_seconds": 7200,
        "random_state": 860
    },
    "random_state": 860,
    "process_time": 2395.828125,
    "time_time": 2396.8543813228607,
    "target_noise": 0.1,
    "feature_noise": 0.0,
    "true_model": " -m*q**4/(2*(4*3.1415926535*epsilon)**2*(h/(2*3.1415926535))**2)*(1/n**2)",
    "model_size": 20,
    "symbolic_model": "-0.12553984*x0*x1**4/(x2**2*x3**2*x4**2)",
    "mse_train": 0.04448147245343995,
    "mae_train": 0.16876567016177174,
    "r2_train": 0.9893939838936194,
    "mse_test": 8.837206870180573e-05,
    "mae_test": 0.001981881262175875,
    "r2_test": 0.9999804811056834
}