{
    "dataset": "feynman_III_19_51",
    "algorithm": "RILSROLSRegressor",
    "params": {
        "complexity_penalty": 0.001,
        "error_tolerance": 1e-16,
        "max_fit_calls": 1000000,
        "max_seconds": 7200,
        "random_state": 4426
    },
    "random_state": 4426,
    "process_time": 3245.625,
    "time_time": 3246.476854801178,
    "target_noise": 0.01,
    "feature_noise": 0.0,
    "true_model": " -m*q**4/(2*(4*3.1415926535*epsilon)**2*(h/(2*3.1415926535))**2)*(1/n**2)",
    "model_size": 57,
    "symbolic_model": "-0.00272793*x0*x1**3/x2**4 - 0.16251877*x0/(x2/(2*x1 + 1) + x3*x4/(2*x1 + x2*(x1 - x2 + 0.5)**2*exp(-x2) - 1))**3",
    "mse_train": 0.23956679364816108,
    "mae_train": 0.06101293954454776,
    "r2_train": 0.949527591860171,
    "mse_test": 0.2886459057577639,
    "mae_test": 0.05692491869256329,
    "r2_test": 0.945051908212253
}