{
    "dataset": "feynman_III_19_51",
    "algorithm": "RILSROLSRegressor",
    "params": {
        "complexity_penalty": 0.001,
        "error_tolerance": 1e-16,
        "max_fit_calls": 1000000,
        "max_seconds": 7200,
        "random_state": 14423
    },
    "random_state": 14423,
    "process_time": 2695.296875,
    "time_time": 2696.34313249588,
    "target_noise": 0.1,
    "feature_noise": 0.0,
    "true_model": " -m*q**4/(2*(4*3.1415926535*epsilon)**2*(h/(2*3.1415926535))**2)*(1/n**2)",
    "model_size": 40,
    "symbolic_model": "-0.58411859*x0*exp(x1)/(x2**2*x3**2*x4**2) - 163.49779261*cos(x0/(x3**2*x4**2*(x2 + x3)**2)) + 163.50887494",
    "mse_train": 0.15296556418971002,
    "mae_train": 0.1790204984716501,
    "r2_train": 0.957999682120406,
    "mse_test": 0.14581837470061706,
    "mae_test": 0.04592511394934538,
    "r2_test": 0.9710357575579966
}