{
    "dataset": "feynman_III_19_51",
    "algorithm": "RILSROLSRegressor",
    "params": {
        "complexity_penalty": 0.001,
        "error_tolerance": 1e-16,
        "max_fit_calls": 1000000,
        "max_seconds": 7200,
        "random_state": 21962
    },
    "random_state": 21962,
    "process_time": 2459.953125,
    "time_time": 2461.6713733673096,
    "target_noise": 0.1,
    "feature_noise": 0.0,
    "true_model": " -m*q**4/(2*(4*3.1415926535*epsilon)**2*(h/(2*3.1415926535))**2)*(1/n**2)",
    "model_size": 20,
    "symbolic_model": "-0.12755564*x0*x1**4/(x2**2*x3**2*x4**2)",
    "mse_train": 0.040445087651238394,
    "mae_train": 0.15947678173104873,
    "r2_train": 0.9890692887398154,
    "mse_test": 0.001530503054602892,
    "mae_test": 0.008802380462225496,
    "r2_test": 0.9995597071916389
}