{
    "dataset": "feynman_III_19_51",
    "algorithm": "RILSROLSRegressor",
    "params": {
        "complexity_penalty": 0.001,
        "error_tolerance": 1e-16,
        "max_fit_calls": 1000000,
        "max_seconds": 7200,
        "random_state": 23654
    },
    "random_state": 23654,
    "process_time": 2698.09375,
    "time_time": 2702.055832862854,
    "target_noise": 0.01,
    "feature_noise": 0.0,
    "true_model": " -m*q**4/(2*(4*3.1415926535*epsilon)**2*(h/(2*3.1415926535))**2)*(1/n**2)",
    "model_size": 20,
    "symbolic_model": "-0.12512734*x0*x1**4/(x2**2*x3**2*x4**2)",
    "mse_train": 0.0006252679772630206,
    "mae_train": 0.019966897777869468,
    "r2_train": 0.9998943025735079,
    "mse_test": 3.612674275264205e-06,
    "mae_test": 0.00043874798918188177,
    "r2_test": 0.9999989037989597
}