{
    "dataset": "feynman_III_13_18",
    "algorithm": "RILSROLSRegressor",
    "params": {
        "complexity_penalty": 0.001,
        "error_tolerance": 1e-16,
        "max_fit_calls": 1000000,
        "max_seconds": 7200,
        "random_state": 4426
    },
    "random_state": 4426,
    "process_time": 4114.984375,
    "time_time": 4125.585014104843,
    "target_noise": 0.001,
    "feature_noise": 0.0,
    "true_model": " 2*E_n*d**2*k/(h/(2*3.1415926535))",
    "model_size": 14,
    "symbolic_model": "12.56574727*x0*x1**2*x2/x3",
    "mse_train": 0.5454537397638862,
    "mae_train": 0.5906827347078202,
    "r2_train": 0.9999982757976486,
    "mse_test": 0.0012689540658057505,
    "mae_test": 0.023082837787977636,
    "r2_test": 0.9999999957584578
}