{
    "dataset": "feynman_III_13_18",
    "algorithm": "RILSROLSRegressor",
    "params": {
        "complexity_penalty": 0.001,
        "error_tolerance": 1e-16,
        "max_fit_calls": 1000000,
        "max_seconds": 7200,
        "random_state": 14423
    },
    "random_state": 14423,
    "process_time": 6.75,
    "time_time": 6.761000394821167,
    "target_noise": 0.0,
    "feature_noise": 0.0,
    "true_model": " 2*E_n*d**2*k/(h/(2*3.1415926535))",
    "model_size": 14,
    "symbolic_model": "12.56637061*x0*x1**2*x2/x3",
    "mse_train": 6.0642525577795e-14,
    "mae_train": 1.602810417584699e-07,
    "r2_train": 1.0,
    "mse_test": 6.640843383186251e-14,
    "mae_test": 1.6542340493137074e-07,
    "r2_test": 1.0
}