{
    "dataset": "feynman_III_13_18",
    "algorithm": "RILSROLSRegressor",
    "params": {
        "complexity_penalty": 0.001,
        "error_tolerance": 1e-16,
        "max_fit_calls": 1000000,
        "max_seconds": 7200,
        "random_state": 28020
    },
    "random_state": 28020,
    "process_time": 2877.875,
    "time_time": 2878.1691479682922,
    "target_noise": 0.001,
    "feature_noise": 0.0,
    "true_model": " 2*E_n*d**2*k/(h/(2*3.1415926535))",
    "model_size": 14,
    "symbolic_model": "12.56632804*x0*x1**2*x2/x3",
    "mse_train": 0.5199832219721409,
    "mae_train": 0.5721719359607075,
    "r2_train": 0.9999982315825264,
    "mse_test": 6.210251483706955e-06,
    "mae_test": 0.0016095683818456623,
    "r2_test": 0.9999999999803061
}