{
    "dataset": "feynman_III_13_18",
    "algorithm": "RILSROLSRegressor",
    "params": {
        "complexity_penalty": 0.001,
        "error_tolerance": 1e-16,
        "max_fit_calls": 1000000,
        "max_seconds": 7200,
        "random_state": 5390
    },
    "random_state": 5390,
    "process_time": 6.359375,
    "time_time": 6.3600404262542725,
    "target_noise": 0.0,
    "feature_noise": 0.0,
    "true_model": " 2*E_n*d**2*k/(h/(2*3.1415926535))",
    "model_size": 14,
    "symbolic_model": "12.56637061*x0*x1**2*x2/x3",
    "mse_train": 6.496280858574313e-14,
    "mae_train": 1.6347922121138225e-07,
    "r2_train": 1.0,
    "mse_test": 6.346603996775024e-14,
    "mae_test": 1.6396008869975276e-07,
    "r2_test": 1.0
}