{
    "dataset": "feynman_III_13_18",
    "algorithm": "RILSROLSRegressor",
    "params": {
        "complexity_penalty": 0.001,
        "error_tolerance": 1e-16,
        "max_fit_calls": 1000000,
        "max_seconds": 7200,
        "random_state": 860
    },
    "random_state": 860,
    "process_time": 5392.484375,
    "time_time": 5392.765412092209,
    "target_noise": 0.001,
    "feature_noise": 0.0,
    "true_model": " 2*E_n*d**2*k/(h/(2*3.1415926535))",
    "model_size": 14,
    "symbolic_model": "12.56672725*x0*x1**2*x2/x3",
    "mse_train": 0.5466236706958705,
    "mae_train": 0.5917869898564956,
    "r2_train": 0.9999982113626563,
    "mse_test": 0.00043800508601020015,
    "mae_test": 0.013532493480692711,
    "r2_test": 0.999999998615864
}