{
    "dataset": "feynman_II_2_42",
    "algorithm": "RILSROLSRegressor",
    "params": {
        "complexity_penalty": 0.001,
        "error_tolerance": 1e-16,
        "fitness_type": "FitnessType.BIC",
        "initial_sample_size": 0.01,
        "max_fit_calls": 1000000,
        "max_seconds": 7200,
        "random_perturbations_order": false,
        "random_state": 23654,
        "verbose": false
    },
    "random_state": 23654,
    "process_time": 2976.21875,
    "time_time": 2980.0445199012756,
    "target_noise": 0.0,
    "feature_noise": 0.0,
    "true_model": " kappa*(T2-T1)*A/d",
    "model_size": 48,
    "symbolic_model": "-1.39532553*x0*x3*log(sin(1/x2)/(x1 + x1**(-3)))*log(1/(x1/x2 + 0.1/x1**3))/x4 + 0.05987228*x2*cos(x2) + 0.14875203",
    "mse_train": 0.020663042637341016,
    "mae_train": 0.08807822918561764,
    "r2_train": 0.999637695822132,
    "mse_test": 0.018869389107932222,
    "mae_test": 0.08583414217334988,
    "r2_test": 0.9996631943431001
}