{
    "dataset": "feynman_I_26_2",
    "algorithm": "RILSROLSRegressor",
    "params": {
        "complexity_penalty": 0.001,
        "error_tolerance": 1e-16,
        "max_fit_calls": 1000000,
        "max_seconds": 7200,
        "random_state": 15795
    },
    "random_state": 15795,
    "process_time": 1995.453125,
    "time_time": 1997.8238849639893,
    "target_noise": 0.01,
    "feature_noise": 0.0,
    "true_model": " arcsin(n*sin(theta2))",
    "model_size": 12,
    "symbolic_model": "1.49754611*x0**x0*sin(x0)*sin(x1)",
    "mse_train": 0.0007250272770407252,
    "mae_train": 0.016999270422947806,
    "r2_train": 0.9970868008242822,
    "mse_test": 0.00070211310805086,
    "mae_test": 0.01617732458481206,
    "r2_test": 0.9971913092451188
}