{
    "dataset": "feynman_I_26_2",
    "algorithm": "RILSROLSRegressor",
    "params": {
        "complexity_penalty": 0.001,
        "error_tolerance": 1e-16,
        "max_fit_calls": 1000000,
        "max_seconds": 7200,
        "random_state": 16850
    },
    "random_state": 16850,
    "process_time": 2108.015625,
    "time_time": 2108.779039621353,
    "target_noise": 0.1,
    "feature_noise": 0.0,
    "true_model": " arcsin(n*sin(theta2))",
    "model_size": 12,
    "symbolic_model": "1.21774654*(x0 + 3)**log(x0)*sin(x1)",
    "mse_train": 0.0034189609591144176,
    "mae_train": 0.045886291720822064,
    "r2_train": 0.9866332485688817,
    "mse_test": 0.000762909674373281,
    "mae_test": 0.01619419919547545,
    "r2_test": 0.9969412803603261
}