{
    "dataset": "feynman_I_26_2",
    "algorithm": "RILSROLSRegressor",
    "params": {
        "complexity_penalty": 0.001,
        "error_tolerance": 1e-16,
        "max_fit_calls": 1000000,
        "max_seconds": 7200,
        "random_state": 5390
    },
    "random_state": 5390,
    "process_time": 1855.09375,
    "time_time": 1855.181229352951,
    "target_noise": 0.0,
    "feature_noise": 0.0,
    "true_model": " arcsin(n*sin(theta2))",
    "model_size": 16,
    "symbolic_model": "2.34876609*x0*sin(x1) - 1.55557941*sin(x0)*sin(sin(x1))",
    "mse_train": 0.0004013029994251004,
    "mae_train": 0.012429717735641424,
    "r2_train": 0.9984055093236451,
    "mse_test": 0.00038527109168761173,
    "mae_test": 0.012330763935519844,
    "r2_test": 0.998446504563169
}