{
    "dataset": "feynman_I_26_2",
    "algorithm": "RILSROLSRegressor",
    "params": {
        "complexity_penalty": 0.001,
        "error_tolerance": 1e-16,
        "max_fit_calls": 1000000,
        "max_seconds": 7200,
        "random_state": 16850
    },
    "random_state": 16850,
    "process_time": 2367.21875,
    "time_time": 2368.1786506175995,
    "target_noise": 0.01,
    "feature_noise": 0.0,
    "true_model": " arcsin(n*sin(theta2))",
    "model_size": 11,
    "symbolic_model": "0.89979975*1.34147098**x0*x0*sin(x1)",
    "mse_train": 0.0008304577044210655,
    "mae_train": 0.016404037881889346,
    "r2_train": 0.9967211023011516,
    "mse_test": 0.0007870087483091202,
    "mae_test": 0.015046650028458898,
    "r2_test": 0.9968446603891532
}