{
    "dataset": "feynman_I_26_2",
    "algorithm": "RILSROLSRegressor",
    "params": {
        "complexity_penalty": 0.001,
        "error_tolerance": 1e-16,
        "max_fit_calls": 1000000,
        "max_seconds": 7200,
        "random_state": 14423
    },
    "random_state": 14423,
    "process_time": 1968.046875,
    "time_time": 1969.0967507362366,
    "target_noise": 0.01,
    "feature_noise": 0.0,
    "true_model": " arcsin(n*sin(theta2))",
    "model_size": 11,
    "symbolic_model": "0.89773671*1.34147098**x0*x0*sin(x1)",
    "mse_train": 0.0008421869945327565,
    "mae_train": 0.016153345645871182,
    "r2_train": 0.9966030636804274,
    "mse_test": 0.0008148170883896813,
    "mae_test": 0.015185525583103501,
    "r2_test": 0.9967883699079901
}