{
    "dataset": "feynman_I_26_2",
    "algorithm": "RILSROLSRegressor",
    "params": {
        "complexity_penalty": 0.001,
        "error_tolerance": 1e-16,
        "max_fit_calls": 1000000,
        "max_seconds": 7200,
        "random_state": 16850
    },
    "random_state": 16850,
    "process_time": 1953.828125,
    "time_time": 1953.9346022605896,
    "target_noise": 0.0,
    "feature_noise": 0.0,
    "true_model": " arcsin(n*sin(theta2))",
    "model_size": 11,
    "symbolic_model": "0.90035421*1.34147098**x0*x0*sin(x1)",
    "mse_train": 0.0008003427327053993,
    "mae_train": 0.015402401348073596,
    "r2_train": 0.9968398062809891,
    "mse_test": 0.0007858423438424823,
    "mae_test": 0.015063068833365984,
    "r2_test": 0.9968493368329967
}