{
    "dataset": "feynman_I_26_2",
    "algorithm": "RILSROLSRegressor",
    "params": {
        "complexity_penalty": 0.001,
        "error_tolerance": 1e-16,
        "max_fit_calls": 1000000,
        "max_seconds": 7200,
        "random_state": 28020
    },
    "random_state": 28020,
    "process_time": 2057.734375,
    "time_time": 2074.1496856212616,
    "target_noise": 0.01,
    "feature_noise": 0.0,
    "true_model": " arcsin(n*sin(theta2))",
    "model_size": 24,
    "symbolic_model": "8.89868514*sin(0.5*x0)*sin(x1) - 3.40156823*sin(x0**2*sin(x1))/x0",
    "mse_train": 0.00013153553988989132,
    "mae_train": 0.008299312002734555,
    "r2_train": 0.9994854936900333,
    "mse_test": 0.0001028257615353703,
    "mae_test": 0.006894334261082599,
    "r2_test": 0.9995877376376439
}