{
    "dataset": "feynman_I_26_2",
    "algorithm": "RILSROLSRegressor",
    "params": {
        "complexity_penalty": 0.001,
        "error_tolerance": 1e-16,
        "max_fit_calls": 1000000,
        "max_seconds": 7200,
        "random_state": 5390
    },
    "random_state": 5390,
    "process_time": 2249.765625,
    "time_time": 2362.3306572437286,
    "target_noise": 0.001,
    "feature_noise": 0.0,
    "true_model": " arcsin(n*sin(theta2))",
    "model_size": 16,
    "symbolic_model": "2.34962399*x0*sin(x1) - 1.55642992*sin(x0)*sin(sin(x1))",
    "mse_train": 0.00040123596825624705,
    "mae_train": 0.012457502357432202,
    "r2_train": 0.9984058247201093,
    "mse_test": 0.0003849710902123519,
    "mae_test": 0.012348664492715697,
    "r2_test": 0.9984477142332764
}