{
    "dataset": "feynman_I_26_2",
    "algorithm": "RILSROLSRegressor",
    "params": {
        "complexity_penalty": 0.001,
        "error_tolerance": 1e-16,
        "max_fit_calls": 1000000,
        "max_seconds": 7200,
        "random_state": 4426
    },
    "random_state": 4426,
    "process_time": 2173.15625,
    "time_time": 2186.7612636089325,
    "target_noise": 0.1,
    "feature_noise": 0.0,
    "true_model": " arcsin(n*sin(theta2))",
    "model_size": 7,
    "symbolic_model": "1.07492081*x0*sin(x1)",
    "mse_train": 0.005001327225243444,
    "mae_train": 0.050881740597594184,
    "r2_train": 0.9803566916966574,
    "mse_test": 0.002325063813100214,
    "mae_test": 0.02356442788445148,
    "r2_test": 0.9907000469064987
}