{
    "dataset": "feynman_II_11_27",
    "algorithm": "RILSROLSRegressor",
    "params": {
        "complexity_penalty": 0.001,
        "error_tolerance": 1e-16,
        "max_fit_calls": 1000000,
        "max_seconds": 7200,
        "random_state": 21962
    },
    "random_state": 21962,
    "process_time": 2952.03125,
    "time_time": 2958.631823539734,
    "target_noise": 0.01,
    "feature_noise": 0.0,
    "true_model": " n*alpha/(1-(n*alpha/3))*epsilon*Ef",
    "model_size": 26,
    "symbolic_model": "0.52720147*x0**2*x1**2*x2*x3 + 0.93597954*x0*x1*x2*x3 + 0.0075421",
    "mse_train": 0.0001407784639668024,
    "mae_train": 0.009235223062808665,
    "r2_train": 0.9997127785483089,
    "mse_test": 4.4018051925927836e-05,
    "mae_test": 0.00501875667700956,
    "r2_test": 0.9999091221319362
}