{
    "dataset": "feynman_II_11_27",
    "algorithm": "RILSROLSRegressor",
    "params": {
        "complexity_penalty": 0.001,
        "error_tolerance": 1e-16,
        "max_fit_calls": 1000000,
        "max_seconds": 7200,
        "random_state": 21962
    },
    "random_state": 21962,
    "process_time": 2165.421875,
    "time_time": 2165.5862119197845,
    "target_noise": 0.0,
    "feature_noise": 0.0,
    "true_model": " n*alpha/(1-(n*alpha/3))*epsilon*Ef",
    "model_size": 26,
    "symbolic_model": "0.52079438*x0**2*x1**2*x2*x3 + 0.94042962*x0*x1*x2*x3 + 0.00621145",
    "mse_train": 4.835465192150417e-05,
    "mae_train": 0.004818155843512146,
    "r2_train": 0.9999013033031019,
    "mse_test": 4.304621891237259e-05,
    "mae_test": 0.004741314431976336,
    "r2_test": 0.9999111285385925
}