{
    "dataset": "feynman_II_11_27",
    "algorithm": "RILSROLSRegressor",
    "params": {
        "complexity_penalty": 0.001,
        "error_tolerance": 1e-16,
        "max_fit_calls": 1000000,
        "max_seconds": 7200,
        "random_state": 16850
    },
    "random_state": 16850,
    "process_time": 2135.390625,
    "time_time": 2137.03800201416,
    "target_noise": 0.1,
    "feature_noise": 0.0,
    "true_model": " n*alpha/(1-(n*alpha/3))*epsilon*Ef",
    "model_size": 20,
    "symbolic_model": "x2*(0.47181373*x0**2*x1**3 + 1.09164739*x0*x1*x3)",
    "mse_train": 0.011602914484708925,
    "mae_train": 0.08503405140193461,
    "r2_train": 0.9774233970343275,
    "mse_test": 0.0017006620404735032,
    "mae_test": 0.023982513798677524,
    "r2_test": 0.9966078084025237
}