{
    "dataset": "feynman_II_35_21",
    "algorithm": "RILSROLSRegressor",
    "params": {
        "complexity_penalty": 0.001,
        "error_tolerance": 1e-16,
        "fitness_type": "FitnessType.BIC",
        "initial_sample_size": 0.01,
        "max_fit_calls": 1000000,
        "max_seconds": 7200,
        "random_perturbations_order": false,
        "random_state": 4426,
        "verbose": false
    },
    "random_state": 4426,
    "process_time": 2589.734375,
    "time_time": 2590.0631120204926,
    "target_noise": 0.0,
    "feature_noise": 0.0,
    "true_model": " n_rho*mom*tanh(mom*B/(kb*T))",
    "model_size": 39,
    "symbolic_model": "1.09133352*x0*x1 - 0.36234213*x0*x3*x4/x2 + 0.03277049*x0*x3**2*x4**2*sin(x2**(-2))/x1",
    "mse_train": 0.2195883390409858,
    "mae_train": 0.30193815013314235,
    "r2_train": 0.9911200002076352,
    "mse_test": 0.22637217642978336,
    "mae_test": 0.3014059266286314,
    "r2_test": 0.9910327094249065
}