{
    "dataset": "feynman_II_35_21",
    "algorithm": "RILSROLSRegressor",
    "params": {
        "complexity_penalty": 0.001,
        "error_tolerance": 1e-16,
        "fitness_type": "FitnessType.BIC",
        "initial_sample_size": 0.01,
        "max_fit_calls": 1000000,
        "max_seconds": 7200,
        "random_perturbations_order": false,
        "random_state": 29910,
        "verbose": false
    },
    "random_state": 29910,
    "process_time": 2654.359375,
    "time_time": 2654.621034145355,
    "target_noise": 0.0,
    "feature_noise": 0.0,
    "true_model": " n_rho*mom*tanh(mom*B/(kb*T))",
    "model_size": 44,
    "symbolic_model": "1.48751087*x0*x1*sin((x1*x2*sin(1/x3)*sin(1/x4))**0.5) - 0.48677978*x0*x1 - 0.19369073*x4**0.5*cos(x3/x2**12) + 0.38661812",
    "mse_train": 2.3791516657168548,
    "mae_train": 0.34372848054962657,
    "r2_train": 0.9067017701603168,
    "mse_test": 2.560085495096845,
    "mae_test": 0.35025333321181934,
    "r2_test": 0.8980919949892399
}