{
    "dataset": "feynman_II_35_21",
    "algorithm": "RILSROLSRegressor",
    "params": {
        "complexity_penalty": 0.001,
        "error_tolerance": 1e-16,
        "fitness_type": "FitnessType.BIC",
        "initial_sample_size": 0.01,
        "max_fit_calls": 1000000,
        "max_seconds": 7200,
        "random_perturbations_order": false,
        "random_state": 15795,
        "verbose": false
    },
    "random_state": 15795,
    "process_time": 2827.640625,
    "time_time": 2827.840718984604,
    "target_noise": 0.001,
    "feature_noise": 0.0,
    "true_model": " n_rho*mom*tanh(mom*B/(kb*T))",
    "model_size": 25,
    "symbolic_model": "x0*x1*(-0.78901448*x3*x4**0.5*sin(1/(0.5*x1*x2 + x3)) + 1.28267945)",
    "mse_train": 0.26992560855598974,
    "mae_train": 0.3475812744259354,
    "r2_train": 0.9892699868789717,
    "mse_test": 0.2765129301496891,
    "mae_test": 0.35414868600813765,
    "r2_test": 0.9891050056960269
}