{
    "dataset": "feynman_test_3",
    "algorithm": "RILSROLSRegressor",
    "params": {
        "complexity_penalty": 0.001,
        "error_tolerance": 1e-16,
        "max_fit_calls": 1000000,
        "max_seconds": 7200,
        "random_state": 21962
    },
    "random_state": 21962,
    "process_time": 2546.84375,
    "time_time": 2553.0315539836884,
    "target_noise": 0.1,
    "feature_noise": 0.0,
    "true_model": " d*(1-alpha**2)/(1+alpha*cos(theta1-theta2))",
    "model_size": 39,
    "symbolic_model": "-1.68937822*x0*x1*(x2 - 0.84147098*x3 - 1)**2/x3 - 0.65505159*x0*x2*log(x1) + 1.23719968*x0 + 0.99655355*x3 - 4.37141431",
    "mse_train": 0.2516976773536696,
    "mae_train": 0.4009134734911801,
    "r2_train": 0.9305142425989232,
    "mse_test": 0.033874205932142916,
    "mae_test": 0.14004584533274972,
    "r2_test": 0.9899608130961636
}