{
    "dataset": "feynman_test_3",
    "algorithm": "RILSROLSRegressor",
    "params": {
        "complexity_penalty": 0.001,
        "error_tolerance": 1e-16,
        "max_fit_calls": 1000000,
        "max_seconds": 7200,
        "random_state": 4426
    },
    "random_state": 4426,
    "process_time": 3679.453125,
    "time_time": 4064.0255856513977,
    "target_noise": 0.01,
    "feature_noise": 0.0,
    "true_model": " d*(1-alpha**2)/(1+alpha*cos(theta1-theta2))",
    "model_size": 25,
    "symbolic_model": "x0*(-0.42887479*x1**2*x3*log(x2/x3)**2 - 0.99048169*x1 + 0.97570946)",
    "mse_train": 0.0058693182261494985,
    "mae_train": 0.05175860703285824,
    "r2_train": 0.9982914271282044,
    "mse_test": 0.0032364723704419026,
    "mae_test": 0.02758353933435336,
    "r2_test": 0.9990411729068309
}