{
    "dataset": "feynman_test_3",
    "algorithm": "RILSROLSRegressor",
    "params": {
        "complexity_penalty": 0.001,
        "error_tolerance": 1e-16,
        "max_fit_calls": 1000000,
        "max_seconds": 7200,
        "random_state": 21962
    },
    "random_state": 21962,
    "process_time": 2384.5,
    "time_time": 2384.612333536148,
    "target_noise": 0.0,
    "feature_noise": 0.0,
    "true_model": " d*(1-alpha**2)/(1+alpha*cos(theta1-theta2))",
    "model_size": 28,
    "symbolic_model": "x0*(-1.64039824*x1 + 1.27639519*log(x1)**2*log(2 - (x2 - x3)**2) + 1.85582761)",
    "mse_train": 3.831313439759028e-05,
    "mae_train": 0.004427229284156906,
    "r2_train": 0.9999887236182866,
    "mse_test": 3.9628696828771206e-05,
    "mae_test": 0.0044438443858177395,
    "r2_test": 0.9999882553735719
}