{
    "dataset": "feynman_test_3",
    "algorithm": "RILSROLSRegressor",
    "params": {
        "complexity_penalty": 0.001,
        "error_tolerance": 1e-16,
        "max_fit_calls": 1000000,
        "max_seconds": 7200,
        "random_state": 29910
    },
    "random_state": 29910,
    "process_time": 2316.140625,
    "time_time": 2317.5436849594116,
    "target_noise": 0.01,
    "feature_noise": 0.0,
    "true_model": " d*(1-alpha**2)/(1+alpha*cos(theta1-theta2))",
    "model_size": 22,
    "symbolic_model": "x0*(-0.09760486*x1**2*(x2 - x3)**2 - 0.98263256*x1 + 0.95872771)",
    "mse_train": 0.003872374817121274,
    "mae_train": 0.04619848298891797,
    "r2_train": 0.9988597661705322,
    "mse_test": 0.0014394113933183345,
    "mae_test": 0.022502951631903738,
    "r2_test": 0.999569110381919
}