{
    "dataset": "feynman_test_3",
    "algorithm": "RILSROLSRegressor",
    "params": {
        "complexity_penalty": 0.001,
        "error_tolerance": 1e-16,
        "max_fit_calls": 1000000,
        "max_seconds": 7200,
        "random_state": 14423
    },
    "random_state": 14423,
    "process_time": 2946.578125,
    "time_time": 2947.785399913788,
    "target_noise": 0.1,
    "feature_noise": 0.0,
    "true_model": " d*(1-alpha**2)/(1+alpha*cos(theta1-theta2))",
    "model_size": 52,
    "symbolic_model": "(x1*(-0.23032179*x0*x1**2 - 1.16585266*x1*((x2 - x3)**2*cos(x2)**2)**0.5 + 2.2041823*x1 + 1.13934997*cos(x1 + x2 + 1) - 8.1378693) + 1.55411141*x3)/x1",
    "mse_train": 0.2988651444851282,
    "mae_train": 0.43357694953121345,
    "r2_train": 0.9173518063410251,
    "mse_test": 0.08911820497080691,
    "mae_test": 0.2267880449641918,
    "r2_test": 0.9737339542834349
}