{
    "dataset": "feynman_test_3",
    "algorithm": "RILSROLSRegressor",
    "params": {
        "complexity_penalty": 0.001,
        "error_tolerance": 1e-16,
        "max_fit_calls": 1000000,
        "max_seconds": 7200,
        "random_state": 23654
    },
    "random_state": 23654,
    "process_time": 2204.671875,
    "time_time": 2204.869992017746,
    "target_noise": 0.1,
    "feature_noise": 0.0,
    "true_model": " d*(1-alpha**2)/(1+alpha*cos(theta1-theta2))",
    "model_size": 27,
    "symbolic_model": "-0.9614875*x0*x1 - 1.69055334*(x2 - x3)**2 + 1.30917292 - 3.161721*cos(x0)/x1",
    "mse_train": 0.27868692527782524,
    "mae_train": 0.4177880306885792,
    "r2_train": 0.9234540620250863,
    "mse_test": 0.05862409691455043,
    "mae_test": 0.15403841943471394,
    "r2_test": 0.9827448420565345
}