{
    "dataset": "feynman_test_3",
    "algorithm": "RILSROLSRegressor",
    "params": {
        "complexity_penalty": 0.001,
        "error_tolerance": 1e-16,
        "max_fit_calls": 1000000,
        "max_seconds": 7200,
        "random_state": 14423
    },
    "random_state": 14423,
    "process_time": 2704.75,
    "time_time": 2706.729001045227,
    "target_noise": 0.0,
    "feature_noise": 0.0,
    "true_model": " d*(1-alpha**2)/(1+alpha*cos(theta1-theta2))",
    "model_size": 39,
    "symbolic_model": "0.22448258*x0*x1*x3/sin(x3) - 0.9975235*x0/sin(x3) - 14.37317171*x2 + 14.35849707*x3*log(x2) - 21.16602362*x3 + 62.92546276",
    "mse_train": 0.03005241631785504,
    "mae_train": 0.1072005029661079,
    "r2_train": 0.9911457257088098,
    "mse_test": 0.03159840300444897,
    "mae_test": 0.10800544839040314,
    "r2_test": 0.9906869185913565
}