{
    "dataset": "feynman_test_3",
    "algorithm": "RILSROLSRegressor",
    "params": {
        "complexity_penalty": 0.001,
        "error_tolerance": 1e-16,
        "max_fit_calls": 1000000,
        "max_seconds": 7200,
        "random_state": 28020
    },
    "random_state": 28020,
    "process_time": 2527.265625,
    "time_time": 2529.1866326332092,
    "target_noise": 0.0,
    "feature_noise": 0.0,
    "true_model": " d*(1-alpha**2)/(1+alpha*cos(theta1-theta2))",
    "model_size": 32,
    "symbolic_model": "x0*(-1.74903596*x1/cos(x2 - x3)**0.5 + 0.74944692*x1 + 2.2708422/cos(x2 - x3)**0.5 - 1.27357282)",
    "mse_train": 5.131380996998313e-05,
    "mae_train": 0.0037690329452576025,
    "r2_train": 0.9999846629120678,
    "mse_test": 5.289450713000374e-05,
    "mae_test": 0.0037662297302645726,
    "r2_test": 0.9999845330752891
}