{
    "dataset": "feynman_test_3",
    "algorithm": "RILSROLSRegressor",
    "params": {
        "complexity_penalty": 0.001,
        "error_tolerance": 1e-16,
        "max_fit_calls": 1000000,
        "max_seconds": 7200,
        "random_state": 4426
    },
    "random_state": 4426,
    "process_time": 2657.78125,
    "time_time": 2657.8721644878387,
    "target_noise": 0.0,
    "feature_noise": 0.0,
    "true_model": " d*(1-alpha**2)/(1+alpha*cos(theta1-theta2))",
    "model_size": 25,
    "symbolic_model": "x0*(-0.43032517*x1**2*x3*log(x2/x3)**2 - 0.99039684*x1 + 0.9772542)",
    "mse_train": 0.0035106535277416315,
    "mae_train": 0.02796503155422895,
    "r2_train": 0.998976954076337,
    "mse_test": 0.0032167865225570147,
    "mae_test": 0.027455457816486513,
    "r2_test": 0.999047004974015
}