{
    "dataset": "feynman_test_3",
    "algorithm": "RILSROLSRegressor",
    "params": {
        "complexity_penalty": 0.001,
        "error_tolerance": 1e-16,
        "max_fit_calls": 1000000,
        "max_seconds": 7200,
        "random_state": 15795
    },
    "random_state": 15795,
    "process_time": 2426.5625,
    "time_time": 2427.137326478958,
    "target_noise": 0.01,
    "feature_noise": 0.0,
    "true_model": " d*(1-alpha**2)/(1+alpha*cos(theta1-theta2))",
    "model_size": 23,
    "symbolic_model": "x0*(-0.98525754*x1 - 0.78355687*(x2 - x3)**2*log(x1)**2 + 0.9664427)",
    "mse_train": 0.003428077580972787,
    "mae_train": 0.04543086620354481,
    "r2_train": 0.9989876080051083,
    "mse_test": 0.0013021470691385372,
    "mae_test": 0.025404004784498876,
    "r2_test": 0.999615432486898
}