{
    "dataset": "strogatz_vdp1",
    "algorithm": "RILSROLSRegressor",
    "params": {
        "complexity_penalty": 0.001,
        "error_tolerance": 1e-16,
        "max_fit_calls": 1000000,
        "max_seconds": 7200,
        "random_state": 23654
    },
    "random_state": 23654,
    "process_time": 14.578125,
    "time_time": 14.946070432662964,
    "target_noise": 0.0,
    "feature_noise": 0.0,
    "true_model": " 10 *  (y - (1)/(3) * (x**3-x))",
    "model_size": 14,
    "symbolic_model": "-3.33333333*x0**3 + 3.33333333*x0 + 10*x1",
    "mse_train": 1.0915203209352363e-17,
    "mae_train": 1.9880294622326435e-09,
    "r2_train": 1.0,
    "mse_test": 5.809472981898145e-18,
    "mae_test": 1.5613577860479345e-09,
    "r2_test": 1.0
}