{
    "dataset": "strogatz_vdp1",
    "algorithm": "RILSROLSRegressor",
    "params": {
        "complexity_penalty": 0.001,
        "error_tolerance": 1e-16,
        "max_fit_calls": 1000000,
        "max_seconds": 7200,
        "random_state": 15795
    },
    "random_state": 15795,
    "process_time": 2358.890625,
    "time_time": 2359.1454305648804,
    "target_noise": 0.001,
    "feature_noise": 0.0,
    "true_model": " 10 *  (y - (1)/(3) * (x**3-x))",
    "model_size": 14,
    "symbolic_model": "-3.33308355*x0**3 + 3.33322073*x0 + 9.99814626*x1",
    "mse_train": 2.3101576251006646e-06,
    "mae_train": 0.0011947175816148555,
    "r2_train": 0.9999991044361634,
    "mse_test": 1.3019054955961888e-07,
    "mae_test": 0.00024717139707986657,
    "r2_test": 0.9999999716823612
}