{
    "dataset": "strogatz_vdp1",
    "algorithm": "RILSROLSRegressor",
    "params": {
        "complexity_penalty": 0.001,
        "error_tolerance": 1e-16,
        "max_fit_calls": 1000000,
        "max_seconds": 7200,
        "random_state": 14423
    },
    "random_state": 14423,
    "process_time": 2114.109375,
    "time_time": 2115.349999189377,
    "target_noise": 0.001,
    "feature_noise": 0.0,
    "true_model": " 10 *  (y - (1)/(3) * (x**3-x))",
    "model_size": 14,
    "symbolic_model": "-3.33231102*x0**3 + 3.33234041*x0 + 9.9984657*x1",
    "mse_train": 3.313031920220489e-06,
    "mae_train": 0.0013881861950759717,
    "r2_train": 0.9999988710980414,
    "mse_test": 5.898965522130978e-07,
    "mae_test": 0.0004239901073693224,
    "r2_test": 0.9999998307929532
}