{
    "dataset": "strogatz_vdp1",
    "algorithm": "RILSROLSRegressor",
    "params": {
        "complexity_penalty": 0.001,
        "error_tolerance": 1e-16,
        "max_fit_calls": 1000000,
        "max_seconds": 7200,
        "random_state": 860
    },
    "random_state": 860,
    "process_time": 2472.90625,
    "time_time": 2474.3190019130707,
    "target_noise": 0.001,
    "feature_noise": 0.0,
    "true_model": " 10 *  (y - (1)/(3) * (x**3-x))",
    "model_size": 14,
    "symbolic_model": "-3.33319002*x0**3 + 3.33319002*x0 + 10.00009014*x1",
    "mse_train": 2.8811169578924807e-06,
    "mae_train": 0.0013553338412101883,
    "r2_train": 0.9999990997682995,
    "mse_test": 2.520728989543113e-08,
    "mae_test": 9.794749333400885e-05,
    "r2_test": 0.9999999908050844
}