{
    "dataset": "strogatz_vdp1",
    "algorithm": "RILSROLSRegressor",
    "params": {
        "complexity_penalty": 0.001,
        "error_tolerance": 1e-16,
        "max_fit_calls": 1000000,
        "max_seconds": 7200,
        "random_state": 860
    },
    "random_state": 860,
    "process_time": 2225.15625,
    "time_time": 2225.7680633068085,
    "target_noise": 0.01,
    "feature_noise": 0.0,
    "true_model": " 10 *  (y - (1)/(3) * (x**3-x))",
    "model_size": 14,
    "symbolic_model": "-3.33190022*x0**3 + 3.33190022*x0 + 10.00090142*x1",
    "mse_train": 0.00028811166788195256,
    "mae_train": 0.013553337887879137,
    "r2_train": 0.9999099728599978,
    "mse_test": 2.5206841283643274e-06,
    "mae_test": 0.0009794671583390805,
    "r2_test": 0.9999990805248071
}