{
    "dataset": "feynman_III_9_52",
    "algorithm": "RILSROLSRegressor",
    "params": {
        "complexity_penalty": 0.001,
        "error_tolerance": 1e-16,
        "max_fit_calls": 1000000,
        "max_seconds": 7200,
        "random_state": 28020
    },
    "random_state": 28020,
    "process_time": 6909.15625,
    "time_time": 6911.172111749649,
    "target_noise": 0.001,
    "feature_noise": 0.0,
    "true_model": " (p_d*Ef*t/(h/(2*3.1415926535)))*sin((omega-omega_0)*t/2)**2/((omega-omega_0)*t/2)**2",
    "model_size": 223,
    "symbolic_model": "-0.25076975*2.2**x5*x2**2/x4**2 - 0.03101949*x0**2*x1**4/(x3**2*(-x1 + x4 + x5)**2) + 0.97041355*x0**2*x1*cos(-1.30404987*x2 + 1.18549988*x2*x5/x4 + 0.5/(x4 - 1))**4/x3**2 + 7.32020026*x0*x1*x2/(x3 + x4) + 2.9494909*x0*x1*x2*cos(1.30404987*x2 - 1.18549988*x2*x5/x4)/x3 - 0.37721544*x0*x2*x4*cos(-1.30404987*x2 + 1.18549988*x2*x5/x4 - 0.5*x4 + 0.5 + 0.5/(x4 - 1))**2 + 0.69254549*x2 + 3.83887548*x2*cos(-1.30404987*x2 + 1.18549988*x2*x5/x4 + 0.5/(x3*(x4 - 1)))**2/x3 - 1.20921089*x4/x5 - 2.8801464*cos(1.30404987*x2 - 1.18549988*x2*x5/x4) + 1.69866826",
    "mse_train": 2210755.923928065,
    "mae_train": 23.42437077362736,
    "r2_train": -10701.640587661808,
    "mse_test": 3812324062.061021,
    "mae_test": 608.8729312219472,
    "r2_test": -18092450.384756386
}