{
    "dataset": "feynman_III_9_52",
    "algorithm": "RILSROLSRegressor",
    "params": {
        "complexity_penalty": 0.001,
        "error_tolerance": 1e-16,
        "max_fit_calls": 1000000,
        "max_seconds": 7200,
        "random_state": 14423
    },
    "random_state": 14423,
    "process_time": 5567.8125,
    "time_time": 5571.619215726852,
    "target_noise": 0.1,
    "feature_noise": 0.0,
    "true_model": " (p_d*Ef*t/(h/(2*3.1415926535)))*sin((omega-omega_0)*t/2)**2/((omega-omega_0)*t/2)**2",
    "model_size": 138,
    "symbolic_model": "0.46081123*x0**2*x1*x2*cos(x4 - x5) + 5.773217*x0*x1 - 5.10633083*x0 - 0.31077378*x1**4*x5*cos(x2)**4*cos(2*x0**2*x5**2 + x0*x2*x5 + x4*exp(x0))/x3**2 + 0.66375474*x1*x2*cos(x4 - x5) - 2.90482626*x1*x3 + 3.60801144*x2**2*cos(x3*x4 - x3*x5)/x3 + 0.97012886*x2*cos(2*x3*x4 - x3*x5) - 4.28239395*cos(x3*x4 - x3*x5) + 10.78737758",
    "mse_train": 36.907273674236485,
    "mae_train": 4.038111187366088,
    "r2_train": 0.8278167668679564,
    "mse_test": 31.878428673232026,
    "mae_test": 3.5601477937457866,
    "r2_test": 0.8410354936568395
}