{
    "dataset": "feynman_III_9_52",
    "algorithm": "RILSROLSRegressor",
    "params": {
        "complexity_penalty": 0.001,
        "error_tolerance": 1e-16,
        "max_fit_calls": 1000000,
        "max_seconds": 7200,
        "random_state": 21962
    },
    "random_state": 21962,
    "process_time": 6932.453125,
    "time_time": 7250.6787185668945,
    "target_noise": 0.001,
    "feature_noise": 0.0,
    "true_model": " (p_d*Ef*t/(h/(2*3.1415926535)))*sin((omega-omega_0)*t/2)**2/((omega-omega_0)*t/2)**2",
    "model_size": 211,
    "symbolic_model": "-1.58699929*x0*x1*x2**2/(x3*(0.9 + (x4 - x5)**(-2))) + 6.31448841*x0*x1*x2/x3 - 1.70447893*x0*x1*x2/(x3*(0.9 + (x4 - x5)**(-2))) + 0.81255763*x0*x1*sin(2.46195309*x2/(1 + (x4 - x5)**(-2))) + 0.03176468*x1**3*x2**2*x4/x3**2 - 0.01338781*x1**3*x2**2*x5**2/x3**2 - 0.29355313*x1**2*x2*x4/x3 - 3.78956226*x1*x2*x4/(x3*(x5 + x5**(-2))) - 1.5098429*x1*x2*x5/(x3*x4) + 0.60132787*x2**2/(1 + (x4 - x5)**(-2)) - 1.4865509*x3 + 3.48193732 + 2.69883526*(x1**3*x2**2*x4)**0.5/x3",
    "mse_train": 6.790664156860338,
    "mae_train": 1.3965086657728285,
    "r2_train": 0.9671869661564535,
    "mse_test": 6.018674356322274,
    "mae_test": 1.3751014415488898,
    "r2_test": 0.9706768046401463
}