{
    "dataset": "feynman_III_9_52",
    "algorithm": "RILSROLSRegressor",
    "params": {
        "complexity_penalty": 0.001,
        "error_tolerance": 1e-16,
        "max_fit_calls": 1000000,
        "max_seconds": 7200,
        "random_state": 16850
    },
    "random_state": 16850,
    "process_time": 7117.359375,
    "time_time": 7241.5923392772675,
    "target_noise": 0.01,
    "feature_noise": 0.0,
    "true_model": " (p_d*Ef*t/(h/(2*3.1415926535)))*sin((omega-omega_0)*t/2)**2/((omega-omega_0)*t/2)**2",
    "model_size": 258,
    "symbolic_model": "48.3538426*x0**2/(x3*x5/x4 + x4)**2 + 72.1516412*x1*x2**2/(x3 + 1/x5 + 1/x0)**5 - 54.32954083*x1*x2*x5/(x3 + 1/x5 + 1/x0)**5 + 1.34663651*x1*x2*cos(1.16999091*x2*x4/x5 - 1.16999091*x2) - 0.39622972*x1*x2*cos(1.16999091*x2*x4/x5 + 3.16999091*x2) + 84.78924903*x1*x4/(x3 + 1/x5 + 1/x0)**5 + 1.05381493*x1*x4/x5 - 0.06437738*x2**2*x4**2 + 0.23410604*x2**2*(0.5*x4 + 1)**2*cos(1.16999091*x2*x3*x4/(x0*x5) - 1.16999091*x2*x3/x0)**2 + 2.47022284*x2*x4/x5 + 0.87374633*x2*cos(1.16999091*x2 - 1.16999091*x4*exp(x2)/x5) + 2.04335986*x2*cos(1.16999091*x2*x4/x5 - 1.16999091*x2) + 92.42271267*x4**2/(x4 + x5)**2 - 27.68311064*x4/x5 + 6.13493693 - 13.85912136/x1",
    "mse_train": 67.30667606209836,
    "mae_train": 5.1959957846203295,
    "r2_train": 0.6652819485771316,
    "mse_test": 65.54597941744102,
    "mae_test": 5.207075764724386,
    "r2_test": 0.6835009154844226
}