{
    "dataset": "feynman_III_9_52",
    "algorithm": "RILSROLSRegressor",
    "params": {
        "complexity_penalty": 0.001,
        "error_tolerance": 1e-16,
        "max_fit_calls": 1000000,
        "max_seconds": 7200,
        "random_state": 29910
    },
    "random_state": 29910,
    "process_time": 5138.609375,
    "time_time": 5141.510374546051,
    "target_noise": 0.1,
    "feature_noise": 0.0,
    "true_model": " (p_d*Ef*t/(h/(2*3.1415926535)))*sin((omega-omega_0)*t/2)**2/((omega-omega_0)*t/2)**2",
    "model_size": 165,
    "symbolic_model": "-1.01069979*x0**2 - 1.87645515*x0*x1*((x4 - x5)**2)**0.5 + 2.36158237*x0*x1 + 6.58891689*x0*x1/x3 - 1.53886661*x0*x2*((x4 - x5)**2)**0.5 - 3.18178259*x0*x2*((x4 - x5)**2)**0.5/x3 + 7.84124244*x0*((x4 - x5)**2)**0.5 + 12.73856114*x0*log(x2)/x3 + 3.88898484*x2*(x4 - x5)**2 - 11.26609764*x2*((x4 - x5)**2)**0.5 + 8.41054932*x2 + 25.76537125*(((x4 - x5)**2)**0.5/x0)**0.5 - 4.85595854*(x4 - x5)**2 - 16.0414549 - 10.52681435/x0",
    "mse_train": 15.038484252524382,
    "mae_train": 2.7538060877278787,
    "r2_train": 0.9291106453129133,
    "mse_test": 10.202123131980319,
    "mae_test": 1.9575277885354514,
    "r2_test": 0.9493753734556705
}