{
    "dataset": "feynman_III_15_12",
    "algorithm": "RILSROLSRegressor",
    "params": {
        "complexity_penalty": 0.001,
        "error_tolerance": 1e-16,
        "max_fit_calls": 1000000,
        "max_seconds": 7200,
        "random_state": 860
    },
    "random_state": 860,
    "process_time": 2207.953125,
    "time_time": 2208.5386593341827,
    "target_noise": 0.01,
    "feature_noise": 0.0,
    "true_model": " 2*U*(1-cos(k*d))",
    "model_size": 13,
    "symbolic_model": "2.00216317*x0*(1 - cos(x1*x2))",
    "mse_train": 0.006738939936679804,
    "mae_train": 0.06571586462482697,
    "r2_train": 0.9997435904035652,
    "mse_test": 7.623144897070393e-05,
    "mae_test": 0.006753388815881327,
    "r2_test": 0.9999970879080844
}