{
    "dataset": "feynman_III_15_12",
    "algorithm": "RILSROLSRegressor",
    "params": {
        "complexity_penalty": 0.001,
        "error_tolerance": 1e-16,
        "max_fit_calls": 1000000,
        "max_seconds": 7200,
        "random_state": 860
    },
    "random_state": 860,
    "process_time": 2272.015625,
    "time_time": 2272.1644167900085,
    "target_noise": 0.001,
    "feature_noise": 0.0,
    "true_model": " 2*U*(1-cos(k*d))",
    "model_size": 13,
    "symbolic_model": "2.00021632*x0*(1 - cos(x1*x2))",
    "mse_train": 6.73894221005686e-05,
    "mae_train": 0.006571587556868068,
    "r2_train": 0.9999974352999237,
    "mse_test": 7.623356342234836e-07,
    "mae_test": 0.0006753482475488027,
    "r2_test": 0.9999999708782731
}