{
    "dataset": "feynman_III_15_12",
    "algorithm": "RILSROLSRegressor",
    "params": {
        "complexity_penalty": 0.001,
        "error_tolerance": 1e-16,
        "max_fit_calls": 1000000,
        "max_seconds": 7200,
        "random_state": 23654
    },
    "random_state": 23654,
    "process_time": 2318.671875,
    "time_time": 2324.723719596863,
    "target_noise": 0.1,
    "feature_noise": 0.0,
    "true_model": " 2*U*(1-cos(k*d))",
    "model_size": 11,
    "symbolic_model": "x0*(1.96611728 - 2.01825847*cos(x1*x2))",
    "mse_train": 0.6698926971046649,
    "mae_train": 0.6538228742612362,
    "r2_train": 0.9752269964422384,
    "mse_test": 0.013037194625400527,
    "mae_test": 0.09927930516278072,
    "r2_test": 0.9995016774990566
}