{
    "dataset": "feynman_III_15_12",
    "algorithm": "RILSROLSRegressor",
    "params": {
        "complexity_penalty": 0.001,
        "error_tolerance": 1e-16,
        "max_fit_calls": 1000000,
        "max_seconds": 7200,
        "random_state": 28020
    },
    "random_state": 28020,
    "process_time": 2739.578125,
    "time_time": 4705.2270312309265,
    "target_noise": 0.01,
    "feature_noise": 0.0,
    "true_model": " 2*U*(1-cos(k*d))",
    "model_size": 13,
    "symbolic_model": "2.00056224*x0*(1 - cos(x1*x2))",
    "mse_train": 0.00647208344410323,
    "mae_train": 0.06382190404151929,
    "r2_train": 0.9997476601992221,
    "mse_test": 5.229776732476641e-06,
    "mae_test": 0.0017643989634076053,
    "r2_test": 0.9999998047401908
}