{
    "dataset": "feynman_test_2",
    "algorithm": "RILSROLSRegressor",
    "params": {
        "complexity_penalty": 0.001,
        "error_tolerance": 1e-16,
        "fitness_type": "FitnessType.BIC",
        "initial_sample_size": 0.01,
        "max_fit_calls": 1000000,
        "max_seconds": 7200,
        "random_perturbations_order": false,
        "random_state": 16850,
        "verbose": false
    },
    "random_state": 16850,
    "process_time": 2943.140625,
    "time_time": 2943.4014325141907,
    "target_noise": 0.0,
    "feature_noise": 0.0,
    "true_model": " m*k_G/L**2*(1+sqrt(1+2*E_n*L**2/(m*k_G**2))*cos(theta1-theta2))",
    "model_size": 52,
    "symbolic_model": "0.97028585*x0*x1*cos(x4 - x5)/x2**2 + 1.00040356*x0*x1/x2**2 + 1.52241746*x3*cos(x4 - x5)/(x1 + x2/(x0/x3)**0.5)",
    "mse_train": 3.473733900305229e-05,
    "mae_train": 0.002361308204353706,
    "r2_train": 0.9999916047096741,
    "mse_test": 3.17374881229789e-05,
    "mae_test": 0.002350475810623,
    "r2_test": 0.9999924224913901
}