{
    "dataset": "feynman_test_2",
    "algorithm": "RILSROLSRegressor",
    "params": {
        "complexity_penalty": 0.001,
        "error_tolerance": 1e-16,
        "fitness_type": "FitnessType.BIC",
        "initial_sample_size": 0.01,
        "max_fit_calls": 1000000,
        "max_seconds": 7200,
        "random_perturbations_order": false,
        "random_state": 14423,
        "verbose": false
    },
    "random_state": 14423,
    "process_time": 2454.453125,
    "time_time": 2456.25723528862,
    "target_noise": 0.0,
    "feature_noise": 0.0,
    "true_model": " m*k_G/L**2*(1+sqrt(1+2*E_n*L**2/(m*k_G**2))*cos(theta1-theta2))",
    "model_size": 42,
    "symbolic_model": "0.92092323*x0*x1/x2**2 + 1.15793435*x0*cos(x4 - x5)/x2 + 1.1800389*x1*cos(x4 - x5)/x2**2 + 0.10185854",
    "mse_train": 0.04269499598087254,
    "mae_train": 0.1364838845114957,
    "r2_train": 0.9889703604063416,
    "mse_test": 0.04742456615289304,
    "mae_test": 0.14006301853299213,
    "r2_test": 0.9886385668362716
}