{
    "dataset": "feynman_test_2",
    "algorithm": "RILSROLSRegressor",
    "params": {
        "complexity_penalty": 0.001,
        "error_tolerance": 1e-16,
        "fitness_type": "FitnessType.BIC",
        "initial_sample_size": 0.01,
        "max_fit_calls": 1000000,
        "max_seconds": 7200,
        "random_perturbations_order": false,
        "random_state": 23654,
        "verbose": false
    },
    "random_state": 23654,
    "process_time": 2822.625,
    "time_time": 2822.91202712059,
    "target_noise": 0.0,
    "feature_noise": 0.0,
    "true_model": " m*k_G/L**2*(1+sqrt(1+2*E_n*L**2/(m*k_G**2))*cos(theta1-theta2))",
    "model_size": 59,
    "symbolic_model": "0.90595957*x0*x1*cos(x4 - x5)/x2**2 + 0.9972373*x0*x1/x2**2 + 0.2586507*x0*cos(x4 - x5)/x2 + 1.11992259*x3*cos(x4 - x5)/(x1 + x2)",
    "mse_train": 0.0005333344823715293,
    "mae_train": 0.014783451151931252,
    "r2_train": 0.999873376755234,
    "mse_test": 0.0005168190526212732,
    "mae_test": 0.014647086866684905,
    "r2_test": 0.9998727811700916
}