{
    "dataset": "feynman_test_2",
    "algorithm": "RILSROLSRegressor",
    "params": {
        "complexity_penalty": 0.001,
        "error_tolerance": 1e-16,
        "fitness_type": "FitnessType.BIC",
        "initial_sample_size": 0.01,
        "max_fit_calls": 1000000,
        "max_seconds": 7200,
        "random_perturbations_order": false,
        "random_state": 15795,
        "verbose": false
    },
    "random_state": 15795,
    "process_time": 3268.421875,
    "time_time": 3268.7736706733704,
    "target_noise": 0.0,
    "feature_noise": 0.0,
    "true_model": " m*k_G/L**2*(1+sqrt(1+2*E_n*L**2/(m*k_G**2))*cos(theta1-theta2))",
    "model_size": 118,
    "symbolic_model": "(x0*x1*x2**5*cos(x4 + x5) + x0*x1*x2**3*(x2 + 1)**3 + x0*x2**2*x3*(x0*x3*(x2 + 1)**3/x2**3)**(x5 + 0.5)*(x2 + 1)**6 + 1.73205081*x2**5*(3**x2*x0*x3/x2**3)**0.5*(x0*x3*(x2 + 1)**3/x2**3)**(x2 + x5)*(x2 + 1)**3*cos(x4 + x5))/(x2**5*(x2 + 1)**3)",
    "mse_train": 1.6559007272514953e+22,
    "mae_train": 8207871102.518897,
    "r2_train": -3.928156958818538e+21,
    "mse_test": 5.109520144647845e+22,
    "mae_test": 11128011390.142124,
    "r2_test": -1.258505648262915e+22
}