{
    "dataset": "feynman_test_2",
    "algorithm": "RILSROLSRegressor",
    "params": {
        "complexity_penalty": 0.001,
        "error_tolerance": 1e-16,
        "fitness_type": "FitnessType.BIC",
        "initial_sample_size": 0.01,
        "max_fit_calls": 1000000,
        "max_seconds": 7200,
        "random_perturbations_order": false,
        "random_state": 15795,
        "verbose": false
    },
    "random_state": 15795,
    "process_time": 3254.734375,
    "time_time": 3255.009888648987,
    "target_noise": 0.001,
    "feature_noise": 0.0,
    "true_model": " m*k_G/L**2*(1+sqrt(1+2*E_n*L**2/(m*k_G**2))*cos(theta1-theta2))",
    "model_size": 94,
    "symbolic_model": "(x0*x1*x2**2*cos(x4 + x5) + x0*x1*(x0*(x2 + 1)**3)**0.5*(x0*x3*(x2 + 1)**3/x2**3)**(x2 + x5)*(x2 + 1)**3 + x2**2*(x0*x3*(x2 + 1)**3/x2**3)**(x2 + 0.5)*(x2 + 1)**3*cos(x4 + x5))/(x2**2*(x2 + 1)**3)",
    "mse_train": 1.7521503898042792e+23,
    "mae_train": 31548328971.83951,
    "r2_train": -4.156403649225051e+22,
    "mse_test": 1.2611097665810287e+24,
    "mae_test": 50205197011.45428,
    "r2_test": -3.106189464746962e+23
}