{
    "dataset": "feynman_I_40_1",
    "algorithm": "RILSROLSRegressor",
    "params": {
        "complexity_penalty": 0.001,
        "error_tolerance": 1e-16,
        "fitness_type": "FitnessType.BIC",
        "initial_sample_size": 0.01,
        "max_fit_calls": 1000000,
        "max_seconds": 7200,
        "random_perturbations_order": false,
        "random_state": 23654,
        "verbose": false
    },
    "random_state": 23654,
    "process_time": 2483.6875,
    "time_time": 2483.848767518997,
    "target_noise": 0.0,
    "feature_noise": 0.0,
    "true_model": " n_0*exp(-m*g*x/(kb*T))",
    "model_size": 28,
    "symbolic_model": "8.98756348 - 9.16706489/(0.1*x0*x3*x5/(x1*x2*x4) + 1)**0.5",
    "mse_train": 0.022605011993450393,
    "mae_train": 0.10827707191170889,
    "r2_train": 0.9476670903355175,
    "mse_test": 0.021050362811257457,
    "mae_test": 0.10652048907668629,
    "r2_test": 0.9499131036265038
}