{
    "dataset": "feynman_I_40_1",
    "algorithm": "RILSROLSRegressor",
    "params": {
        "complexity_penalty": 0.001,
        "error_tolerance": 1e-16,
        "fitness_type": "FitnessType.BIC",
        "initial_sample_size": 0.01,
        "max_fit_calls": 1000000,
        "max_seconds": 7200,
        "random_perturbations_order": false,
        "random_state": 860,
        "verbose": false
    },
    "random_state": 860,
    "process_time": 2510.515625,
    "time_time": 2510.7672896385193,
    "target_noise": 0.0,
    "feature_noise": 0.0,
    "true_model": " n_0*exp(-m*g*x/(kb*T))",
    "model_size": 28,
    "symbolic_model": "-0.01431123*x0*x2 + 0.38814225*x3*x5*sin(x0*sin(1/x2)/(x1*x4))",
    "mse_train": 0.05549669721181267,
    "mae_train": 0.10391111225631135,
    "r2_train": 0.869298387957788,
    "mse_test": 0.05833978560417025,
    "mae_test": 0.1024761365324591,
    "r2_test": 0.8636537684190182
}