{
    "dataset": "feynman_I_40_1",
    "algorithm": "RILSROLSRegressor",
    "params": {
        "complexity_penalty": 0.001,
        "error_tolerance": 1e-16,
        "fitness_type": "FitnessType.BIC",
        "initial_sample_size": 0.01,
        "max_fit_calls": 1000000,
        "max_seconds": 7200,
        "random_perturbations_order": false,
        "random_state": 23654,
        "verbose": false
    },
    "random_state": 23654,
    "process_time": 2454.25,
    "time_time": 2454.487192630768,
    "target_noise": 0.001,
    "feature_noise": 0.0,
    "true_model": " n_0*exp(-m*g*x/(kb*T))",
    "model_size": 28,
    "symbolic_model": "8.99106434 - 9.17091862/(0.1*x0*x3*x5/(x1*x2*x4) + 1)**0.5",
    "mse_train": 0.022597120630633297,
    "mae_train": 0.10826571855196915,
    "r2_train": 0.9476877933193569,
    "mse_test": 0.021040232977780744,
    "mae_test": 0.10651168394365397,
    "r2_test": 0.9499372063901559
}