{
    "dataset": "feynman_II_8_31",
    "algorithm": "RILSROLSRegressor",
    "params": {
        "complexity_penalty": 0.001,
        "error_tolerance": 1e-16,
        "max_fit_calls": 1000000,
        "max_seconds": 7200,
        "random_state": 21962
    },
    "random_state": 21962,
    "process_time": 2224.171875,
    "time_time": 2224.6136107444763,
    "target_noise": 0.01,
    "feature_noise": 0.0,
    "true_model": " epsilon*Ef**2/2",
    "model_size": 8,
    "symbolic_model": "0.50048761*x0*x1**2",
    "mse_train": 0.041163932070588105,
    "mae_train": 0.16232620302844844,
    "r2_train": 0.9997521117686136,
    "mse_test": 0.00038709137991475303,
    "mae_test": 0.015176690543682071,
    "r2_test": 0.9999976515301762
}