{
    "dataset": "feynman_II_8_31",
    "algorithm": "RILSROLSRegressor",
    "params": {
        "complexity_penalty": 0.001,
        "error_tolerance": 1e-16,
        "max_fit_calls": 1000000,
        "max_seconds": 7200,
        "random_state": 14423
    },
    "random_state": 14423,
    "process_time": 1773.546875,
    "time_time": 1775.9099974632263,
    "target_noise": 0.001,
    "feature_noise": 0.0,
    "true_model": " epsilon*Ef**2/2",
    "model_size": 8,
    "symbolic_model": "0.49994884*x0*x1**2",
    "mse_train": 0.00039358911067278134,
    "mae_train": 0.01576912877071666,
    "r2_train": 0.9999975186576849,
    "mse_test": 4.297714576203897e-06,
    "mae_test": 0.0016016861815067716,
    "r2_test": 0.9999999740264371
}