{
    "dataset": "feynman_II_8_31",
    "algorithm": "RILSROLSRegressor",
    "params": {
        "complexity_penalty": 0.001,
        "error_tolerance": 1e-16,
        "max_fit_calls": 1000000,
        "max_seconds": 7200,
        "random_state": 15795
    },
    "random_state": 15795,
    "process_time": 2165.90625,
    "time_time": 2166.1457221508026,
    "target_noise": 0.001,
    "feature_noise": 0.0,
    "true_model": " epsilon*Ef**2/2",
    "model_size": 8,
    "symbolic_model": "0.49995851*x0*x1**2",
    "mse_train": 0.0004127133993550658,
    "mae_train": 0.016219499270080272,
    "r2_train": 0.9999975424961247,
    "mse_test": 2.825883390596455e-06,
    "mae_test": 0.0012979298655926461,
    "r2_test": 0.9999999829503311
}