{
    "dataset": "feynman_II_8_31",
    "algorithm": "RILSROLSRegressor",
    "params": {
        "complexity_penalty": 0.001,
        "error_tolerance": 1e-16,
        "max_fit_calls": 1000000,
        "max_seconds": 7200,
        "random_state": 4426
    },
    "random_state": 4426,
    "process_time": 2.28125,
    "time_time": 2.2780253887176514,
    "target_noise": 0.0,
    "feature_noise": 0.0,
    "true_model": " epsilon*Ef**2/2",
    "model_size": 8,
    "symbolic_model": "0.5*x0*x1**2",
    "mse_train": 3.3098977790051804e-29,
    "mae_train": 3.0651592375363634e-15,
    "r2_train": 1.0,
    "mse_test": 3.2517707850710994e-29,
    "mae_test": 3.080198318627936e-15,
    "r2_test": 1.0
}