{
    "dataset": "feynman_II_8_31",
    "algorithm": "RILSROLSRegressor",
    "params": {
        "complexity_penalty": 0.001,
        "error_tolerance": 1e-16,
        "max_fit_calls": 1000000,
        "max_seconds": 7200,
        "random_state": 860
    },
    "random_state": 860,
    "process_time": 2.3125,
    "time_time": 2.306039571762085,
    "target_noise": 0.0,
    "feature_noise": 0.0,
    "true_model": " epsilon*Ef**2/2",
    "model_size": 8,
    "symbolic_model": "0.5*x0*x1**2",
    "mse_train": 3.2292501867336236e-29,
    "mae_train": 3.0806468487298845e-15,
    "r2_train": 1.0,
    "mse_test": 3.1965917396879263e-29,
    "mae_test": 3.0704816467164164e-15,
    "r2_test": 1.0
}