{
    "dataset": "feynman_II_8_31",
    "algorithm": "RILSROLSRegressor",
    "params": {
        "complexity_penalty": 0.001,
        "error_tolerance": 1e-16,
        "max_fit_calls": 1000000,
        "max_seconds": 7200,
        "random_state": 16850
    },
    "random_state": 16850,
    "process_time": 2533.625,
    "time_time": 2534.915397167206,
    "target_noise": 0.01,
    "feature_noise": 0.0,
    "true_model": " epsilon*Ef**2/2",
    "model_size": 8,
    "symbolic_model": "0.50025591*x0*x1**2",
    "mse_train": 0.040070151449975853,
    "mae_train": 0.16024318924553912,
    "r2_train": 0.9997422010363406,
    "mse_test": 0.00010917999220091535,
    "mae_test": 0.008059440360315485,
    "r2_test": 0.9999993532958262
}