{
    "dataset": "feynman_II_8_31",
    "algorithm": "RILSROLSRegressor",
    "params": {
        "complexity_penalty": 0.001,
        "error_tolerance": 1e-16,
        "max_fit_calls": 1000000,
        "max_seconds": 7200,
        "random_state": 14423
    },
    "random_state": 14423,
    "process_time": 2.125,
    "time_time": 2.124154806137085,
    "target_noise": 0.0,
    "feature_noise": 0.0,
    "true_model": " epsilon*Ef**2/2",
    "model_size": 8,
    "symbolic_model": "0.5*x0*x1**2",
    "mse_train": 3.14671684712004e-29,
    "mae_train": 3.037325946309011e-15,
    "r2_train": 1.0,
    "mse_test": 3.1824373563769654e-29,
    "mae_test": 3.0751223789593494e-15,
    "r2_test": 1.0
}