{
    "dataset": "feynman_II_8_31",
    "algorithm": "RILSROLSRegressor",
    "params": {
        "complexity_penalty": 0.001,
        "error_tolerance": 1e-16,
        "max_fit_calls": 1000000,
        "max_seconds": 7200,
        "random_state": 28020
    },
    "random_state": 28020,
    "process_time": 3050.734375,
    "time_time": 4227.724020957947,
    "target_noise": 0.01,
    "feature_noise": 0.0,
    "true_model": " epsilon*Ef**2/2",
    "model_size": 8,
    "symbolic_model": "0.50039447*x0*x1**2",
    "mse_train": 0.04130308064139519,
    "mae_train": 0.1613762805397089,
    "r2_train": 0.9997500432190697,
    "mse_test": 0.0002541684892915798,
    "mae_test": 0.01230836989443604,
    "r2_test": 0.9999984591674713
}