{
    "dataset": "feynman_II_8_31",
    "algorithm": "RILSROLSRegressor",
    "params": {
        "complexity_penalty": 0.001,
        "error_tolerance": 1e-16,
        "max_fit_calls": 1000000,
        "max_seconds": 7200,
        "random_state": 16850
    },
    "random_state": 16850,
    "process_time": 2083.3125,
    "time_time": 2083.652128458023,
    "target_noise": 0.001,
    "feature_noise": 0.0,
    "true_model": " epsilon*Ef**2/2",
    "model_size": 8,
    "symbolic_model": "0.50002559*x0*x1**2",
    "mse_train": 0.00040070142384097566,
    "mae_train": 0.016024316644688535,
    "r2_train": 0.9999974212277525,
    "mse_test": 1.0917145968120144e-06,
    "mae_test": 0.0008059125427716744,
    "r2_test": 0.9999999935334637
}