{
    "dataset": "feynman_II_8_31",
    "algorithm": "RILSROLSRegressor",
    "params": {
        "complexity_penalty": 0.001,
        "error_tolerance": 1e-16,
        "max_fit_calls": 1000000,
        "max_seconds": 7200,
        "random_state": 15795
    },
    "random_state": 15795,
    "process_time": 2542.328125,
    "time_time": 2542.87664270401,
    "target_noise": 0.01,
    "feature_noise": 0.0,
    "true_model": " epsilon*Ef**2/2",
    "model_size": 8,
    "symbolic_model": "0.49972183*x0*x1**2",
    "mse_train": 0.04112011580390511,
    "mae_train": 0.16190169278722477,
    "r2_train": 0.9997552193274899,
    "mse_test": 0.00012702463281643616,
    "mae_test": 0.008701980012345456,
    "r2_test": 0.9999992336102994
}