{
    "dataset": "feynman_II_8_31",
    "algorithm": "RILSROLSRegressor",
    "params": {
        "complexity_penalty": 0.001,
        "error_tolerance": 1e-16,
        "max_fit_calls": 1000000,
        "max_seconds": 7200,
        "random_state": 5390
    },
    "random_state": 5390,
    "process_time": 2.21875,
    "time_time": 2.225025177001953,
    "target_noise": 0.0,
    "feature_noise": 0.0,
    "true_model": " epsilon*Ef**2/2",
    "model_size": 8,
    "symbolic_model": "0.5*x0*x1**2",
    "mse_train": 3.487875276281938e-29,
    "mae_train": 3.2231550761707696e-15,
    "r2_train": 1.0,
    "mse_test": 3.1851490164348565e-29,
    "mae_test": 3.066511489180357e-15,
    "r2_test": 1.0
}