{
    "dataset": "feynman_II_8_31",
    "algorithm": "RILSROLSRegressor",
    "params": {
        "complexity_penalty": 0.001,
        "error_tolerance": 1e-16,
        "max_fit_calls": 1000000,
        "max_seconds": 7200,
        "random_state": 860
    },
    "random_state": 860,
    "process_time": 2279.671875,
    "time_time": 2280.2944328784943,
    "target_noise": 0.01,
    "feature_noise": 0.0,
    "true_model": " epsilon*Ef**2/2",
    "model_size": 8,
    "symbolic_model": "0.50028659*x0*x1**2",
    "mse_train": 0.04190112093086236,
    "mae_train": 0.1638918467147866,
    "r2_train": 0.9997467992084532,
    "mse_test": 0.00013094681908688477,
    "mae_test": 0.00882006497876987,
    "r2_test": 0.9999991906301945
}