{
    "dataset": "feynman_II_8_31",
    "algorithm": "RILSROLSRegressor",
    "params": {
        "complexity_penalty": 0.001,
        "error_tolerance": 1e-16,
        "max_fit_calls": 1000000,
        "max_seconds": 7200,
        "random_state": 15795
    },
    "random_state": 15795,
    "process_time": 2.4375,
    "time_time": 2.431997299194336,
    "target_noise": 0.0,
    "feature_noise": 0.0,
    "true_model": " epsilon*Ef**2/2",
    "model_size": 8,
    "symbolic_model": "0.5*x0*x1**2",
    "mse_train": 3.3890630523320196e-29,
    "mae_train": 3.142819338108893e-15,
    "r2_train": 1.0,
    "mse_test": 3.2658172916532714e-29,
    "mae_test": 3.0795543892736533e-15,
    "r2_test": 1.0
}