{
    "dataset": "feynman_I_12_2",
    "algorithm": "RILSROLSRegressor",
    "params": {
        "complexity_penalty": 0.001,
        "error_tolerance": 1e-16,
        "max_fit_calls": 1000000,
        "max_seconds": 7200,
        "random_state": 5390
    },
    "random_state": 5390,
    "process_time": 2410.046875,
    "time_time": 2411.1974017620087,
    "target_noise": 0.001,
    "feature_noise": 0.0,
    "true_model": " q1*q2*r/(4*3.1415926535*epsilon*r**3)",
    "model_size": 14,
    "symbolic_model": "0.07958643*x0*x1/(x2*x3**2)",
    "mse_train": 1.1253276669871063e-08,
    "mae_train": 8.470516309081301e-05,
    "r2_train": 0.9999985474587374,
    "mse_test": 1.462271486106756e-10,
    "mae_test": 6.506880337982205e-06,
    "r2_test": 0.9999999821618452
}