{
    "dataset": "feynman_I_12_2",
    "algorithm": "RILSROLSRegressor",
    "params": {
        "complexity_penalty": 0.001,
        "error_tolerance": 1e-16,
        "max_fit_calls": 1000000,
        "max_seconds": 7200,
        "random_state": 14423
    },
    "random_state": 14423,
    "process_time": 2238.265625,
    "time_time": 2243.4705469608307,
    "target_noise": 0.001,
    "feature_noise": 0.0,
    "true_model": " q1*q2*r/(4*3.1415926535*epsilon*r**3)",
    "model_size": 14,
    "symbolic_model": "0.07957525*x0*x1/(x2*x3**2)",
    "mse_train": 1.2015470419852298e-08,
    "mae_train": 8.708434211516929e-05,
    "r2_train": 0.9999986233748402,
    "mse_test": 8.316850521993808e-12,
    "mae_test": 1.5899080609213356e-06,
    "r2_test": 0.9999999988803495
}