{
    "dataset": "feynman_I_12_2",
    "algorithm": "RILSROLSRegressor",
    "params": {
        "complexity_penalty": 0.001,
        "error_tolerance": 1e-16,
        "max_fit_calls": 1000000,
        "max_seconds": 7200,
        "random_state": 15795
    },
    "random_state": 15795,
    "process_time": 10.265625,
    "time_time": 10.265036821365356,
    "target_noise": 0.0,
    "feature_noise": 0.0,
    "true_model": " q1*q2*r/(4*3.1415926535*epsilon*r**3)",
    "model_size": 14,
    "symbolic_model": "0.07957747*x0*x1/(x2*x3**2)",
    "mse_train": 4.0226263933549726e-18,
    "mae_train": 1.1156022085204554e-09,
    "r2_train": 0.9999999999999994,
    "mse_test": 4.434553807145962e-18,
    "mae_test": 1.1305613100981697e-09,
    "r2_test": 0.9999999999999994
}