{
    "dataset": "feynman_I_43_43",
    "algorithm": "RILSROLSRegressor",
    "params": {
        "complexity_penalty": 0.001,
        "error_tolerance": 1e-16,
        "max_fit_calls": 1000000,
        "max_seconds": 7200,
        "random_state": 28020
    },
    "random_state": 28020,
    "process_time": 3056.859375,
    "time_time": 4661.6215171813965,
    "target_noise": 0.001,
    "feature_noise": 0.0,
    "true_model": " 1/(gamma-1)*kb*v/A",
    "model_size": 16,
    "symbolic_model": "0.99990759*x1*x3/(x2*(x0 - 1))",
    "mse_train": 5.409411578444408e-06,
    "mae_train": 0.0018457846811509456,
    "r2_train": 0.9999978739540336,
    "mse_test": 4.6400949100249506e-08,
    "mae_test": 0.00015581660224996076,
    "r2_test": 0.9999999820882609
}