{
    "dataset": "feynman_I_43_43",
    "algorithm": "RILSROLSRegressor",
    "params": {
        "complexity_penalty": 0.001,
        "error_tolerance": 1e-16,
        "max_fit_calls": 1000000,
        "max_seconds": 7200,
        "random_state": 4426
    },
    "random_state": 4426,
    "process_time": 2485.28125,
    "time_time": 2487.215705871582,
    "target_noise": 0.01,
    "feature_noise": 0.0,
    "true_model": " 1/(gamma-1)*kb*v/A",
    "model_size": 16,
    "symbolic_model": "1.00085859*x1*x3/(x2*(x0 - 1))",
    "mse_train": 0.0005515895023458683,
    "mae_train": 0.018786751793736352,
    "r2_train": 0.9997857645841675,
    "mse_test": 3.7854720148719284e-06,
    "mae_test": 0.001412207764329925,
    "r2_test": 0.9999984420200758
}