{
    "dataset": "feynman_I_43_43",
    "algorithm": "RILSROLSRegressor",
    "params": {
        "complexity_penalty": 0.001,
        "error_tolerance": 1e-16,
        "max_fit_calls": 1000000,
        "max_seconds": 7200,
        "random_state": 16850
    },
    "random_state": 16850,
    "process_time": 19.234375,
    "time_time": 19.237051725387573,
    "target_noise": 0.0,
    "feature_noise": 0.0,
    "true_model": " 1/(gamma-1)*kb*v/A",
    "model_size": 18,
    "symbolic_model": "-x1*x3/(x2*(1 - x0))",
    "mse_train": 4.909590243881663e-31,
    "mae_train": 3.7900516058897435e-16,
    "r2_train": 1.0,
    "mse_test": 4.972594499784766e-31,
    "mae_test": 3.8094694065904375e-16,
    "r2_test": 1.0
}