{
    "dataset": "feynman_I_43_43",
    "algorithm": "RILSROLSRegressor",
    "params": {
        "complexity_penalty": 0.001,
        "error_tolerance": 1e-16,
        "max_fit_calls": 1000000,
        "max_seconds": 7200,
        "random_state": 21962
    },
    "random_state": 21962,
    "process_time": 2679.28125,
    "time_time": 3438.230480194092,
    "target_noise": 0.01,
    "feature_noise": 0.0,
    "true_model": " 1/(gamma-1)*kb*v/A",
    "model_size": 16,
    "symbolic_model": "-1.00255638*x1*x3/(-x0*x2 + x2)",
    "mse_train": 0.0005451988865659381,
    "mae_train": 0.018679510623478033,
    "r2_train": 0.9997708735536034,
    "mse_test": 3.517503108799915e-05,
    "mae_test": 0.004284495361387918,
    "r2_test": 0.9999863319174856
}