{
    "dataset": "feynman_I_43_43",
    "algorithm": "RILSROLSRegressor",
    "params": {
        "complexity_penalty": 0.001,
        "error_tolerance": 1e-16,
        "max_fit_calls": 1000000,
        "max_seconds": 7200,
        "random_state": 860
    },
    "random_state": 860,
    "process_time": 25.703125,
    "time_time": 25.7010760307312,
    "target_noise": 0.0,
    "feature_noise": 0.0,
    "true_model": " 1/(gamma-1)*kb*v/A",
    "model_size": 14,
    "symbolic_model": "x1*x3/(x2*(x0 - 1))",
    "mse_train": 5.209235476500168e-31,
    "mae_train": 3.869807252421253e-16,
    "r2_train": 1.0,
    "mse_test": 4.89338130932091e-31,
    "mae_test": 3.791916780571114e-16,
    "r2_test": 1.0
}