{
    "dataset": "feynman_I_43_43",
    "algorithm": "RILSROLSRegressor",
    "params": {
        "complexity_penalty": 0.001,
        "error_tolerance": 1e-16,
        "max_fit_calls": 1000000,
        "max_seconds": 7200,
        "random_state": 28020
    },
    "random_state": 28020,
    "process_time": 2278.359375,
    "time_time": 2285.142940759659,
    "target_noise": 0.01,
    "feature_noise": 0.0,
    "true_model": " 1/(gamma-1)*kb*v/A",
    "model_size": 16,
    "symbolic_model": "0.99907592*x1*x3/(x2*(x0 - 1))",
    "mse_train": 0.0005409409509585874,
    "mae_train": 0.018457843067836398,
    "r2_train": 0.9997874476272645,
    "mse_test": 4.6398940640194385e-06,
    "mae_test": 0.0015581322996110366,
    "r2_test": 0.9999982089036197
}