{
    "dataset": "feynman_I_43_43",
    "algorithm": "RILSROLSRegressor",
    "params": {
        "complexity_penalty": 0.001,
        "error_tolerance": 1e-16,
        "max_fit_calls": 1000000,
        "max_seconds": 7200,
        "random_state": 23654
    },
    "random_state": 23654,
    "process_time": 2191.046875,
    "time_time": 2192.2910799980164,
    "target_noise": 0.001,
    "feature_noise": 0.0,
    "true_model": " 1/(gamma-1)*kb*v/A",
    "model_size": 16,
    "symbolic_model": "-1.00000513*x1*x3/(-x0*x2 + x2)",
    "mse_train": 5.594116564446583e-06,
    "mae_train": 0.0018916335140831421,
    "r2_train": 0.9999979041328091,
    "mse_test": 1.378711951108352e-10,
    "mae_test": 8.526893134952557e-06,
    "r2_test": 0.9999999999443192
}