{
    "dataset": "feynman_I_43_43",
    "algorithm": "RILSROLSRegressor",
    "params": {
        "complexity_penalty": 0.001,
        "error_tolerance": 1e-16,
        "max_fit_calls": 1000000,
        "max_seconds": 7200,
        "random_state": 5390
    },
    "random_state": 5390,
    "process_time": 2134.53125,
    "time_time": 2134.784828901291,
    "target_noise": 0.01,
    "feature_noise": 0.0,
    "true_model": " 1/(gamma-1)*kb*v/A",
    "model_size": 16,
    "symbolic_model": "1.00191565*x1*x3/(x2*(x0 - 1))",
    "mse_train": 0.0005489745677078065,
    "mae_train": 0.018736816714321532,
    "r2_train": 0.9997789019481909,
    "mse_test": 1.98552146058597e-05,
    "mae_test": 0.00321976859013553,
    "r2_test": 0.9999923207592273
}