{
    "dataset": "feynman_I_43_43",
    "algorithm": "RILSROLSRegressor",
    "params": {
        "complexity_penalty": 0.001,
        "error_tolerance": 1e-16,
        "max_fit_calls": 1000000,
        "max_seconds": 7200,
        "random_state": 23654
    },
    "random_state": 23654,
    "process_time": 2242.703125,
    "time_time": 2246.241703748703,
    "target_noise": 0.01,
    "feature_noise": 0.0,
    "true_model": " 1/(gamma-1)*kb*v/A",
    "model_size": 16,
    "symbolic_model": "-1.00005131*x1*x3/(-x0*x2 + x2)",
    "mse_train": 0.0005594116776629046,
    "mae_train": 0.01891633569510432,
    "r2_train": 0.9997903930009266,
    "mse_test": 1.379249513079882e-08,
    "mae_test": 8.528555297506281e-05,
    "r2_test": 0.9999999944297514
}