{
    "dataset": "feynman_I_15_3t",
    "algorithm": "RILSROLSRegressor",
    "params": {
        "complexity_penalty": 0.001,
        "error_tolerance": 1e-16,
        "fitness_type": "FitnessType.BIC",
        "initial_sample_size": 0.01,
        "max_fit_calls": 1000000,
        "max_seconds": 7200,
        "random_perturbations_order": false,
        "random_state": 5390,
        "verbose": false
    },
    "random_state": 5390,
    "process_time": 2834.109375,
    "time_time": 2834.3986456394196,
    "target_noise": 0.0,
    "feature_noise": 0.0,
    "true_model": " (t-u*x/c**2)/sqrt(1-u**2/c**2)",
    "model_size": 37,
    "symbolic_model": "-1.17185637*x0*x2/x1**2 + 0.99420892*x3 + 0.00726444/sin(x2/x0) + 0.62865594*x2**2*x3/x1**2",
    "mse_train": 6.732872695837164e-05,
    "mae_train": 0.0038093520391762623,
    "r2_train": 0.9999536420194669,
    "mse_test": 6.196185660553496e-05,
    "mae_test": 0.003770895800620702,
    "r2_test": 0.9999577125594409
}