{
    "dataset": "feynman_I_15_3t",
    "algorithm": "RILSROLSRegressor",
    "params": {
        "complexity_penalty": 0.001,
        "error_tolerance": 1e-16,
        "fitness_type": "FitnessType.BIC",
        "initial_sample_size": 0.01,
        "max_fit_calls": 1000000,
        "max_seconds": 7200,
        "random_perturbations_order": false,
        "random_state": 14423,
        "verbose": false
    },
    "random_state": 14423,
    "process_time": 2974.59375,
    "time_time": 2976.816250562668,
    "target_noise": 0.0,
    "feature_noise": 0.0,
    "true_model": " (t-u*x/c**2)/sqrt(1-u**2/c**2)",
    "model_size": 38,
    "symbolic_model": "-0.93970391*x0*x2/(0.33333333 - x1)**2 + 0.21935482*x2**2*x3/(x1 - 1)**1.57079633 - 0.02622765*x2 + 0.9945156*x3 + 0.04006498",
    "mse_train": 5.0108430931157534e-05,
    "mae_train": 0.0038373715172724887,
    "r2_train": 0.9999660589254683,
    "mse_test": 4.7803908061235434e-05,
    "mae_test": 0.0038811495546232254,
    "r2_test": 0.9999674450990264
}