{
    "dataset": "feynman_I_15_3t",
    "algorithm": "RILSROLSRegressor",
    "params": {
        "complexity_penalty": 0.001,
        "error_tolerance": 1e-16,
        "fitness_type": "FitnessType.BIC",
        "initial_sample_size": 0.01,
        "max_fit_calls": 1000000,
        "max_seconds": 7200,
        "random_perturbations_order": false,
        "random_state": 4426,
        "verbose": false
    },
    "random_state": 4426,
    "process_time": 3074.078125,
    "time_time": 3074.3479268550873,
    "target_noise": 0.0,
    "feature_noise": 0.0,
    "true_model": " (t-u*x/c**2)/sqrt(1-u**2/c**2)",
    "model_size": 105,
    "symbolic_model": "x0*x2**2*x3/(x1**2*(x1 + x2)) + x0*x2**2*x3/x1**3 + x0*x2**3*x3/x1**4 + x2**2*x3**2/x1**2 + x2**2*x3/x1**2 + x2**2*x3/(x1**2*cos(x2*x3**0.5/x1)) + x2**2*x3/(x1**2*(x1 + x2 + x3))",
    "mse_train": 5.536976283869247,
    "mae_train": 1.9189442347085508,
    "r2_train": -2.792631898774683,
    "mse_test": 5.624305499263884,
    "mae_test": 1.929676465973306,
    "r2_test": -2.8470520938416786
}