{
    "dataset": "feynman_I_15_3t",
    "algorithm": "RILSROLSRegressor",
    "params": {
        "complexity_penalty": 0.001,
        "error_tolerance": 1e-16,
        "fitness_type": "FitnessType.BIC",
        "initial_sample_size": 0.01,
        "max_fit_calls": 1000000,
        "max_seconds": 7200,
        "random_perturbations_order": false,
        "random_state": 23654,
        "verbose": false
    },
    "random_state": 23654,
    "process_time": 2746.359375,
    "time_time": 2747.5001525878906,
    "target_noise": 0.001,
    "feature_noise": 0.0,
    "true_model": " (t-u*x/c**2)/sqrt(1-u**2/c**2)",
    "model_size": 34,
    "symbolic_model": "0.00640062*x0/x2 - 1.14763672*x0*x2/x1**2 + 0.99467097*x3 + 0.61717228*x2**2*x3/x1**2",
    "mse_train": 9.200341415449616e-05,
    "mae_train": 0.004607324191036952,
    "r2_train": 0.9999361311832423,
    "mse_test": 6.756197630187718e-05,
    "mae_test": 0.003401541440881292,
    "r2_test": 0.9999534126091516
}