{
    "dataset": "strogatz_predprey2",
    "algorithm": "RILSROLSRegressor",
    "params": {
        "complexity_penalty": 0.001,
        "error_tolerance": 1e-16,
        "max_fit_calls": 1000000,
        "max_seconds": 7200,
        "random_state": 21962
    },
    "random_state": 21962,
    "process_time": 2465.421875,
    "time_time": 2465.74045085907,
    "target_noise": 0.01,
    "feature_noise": 0.0,
    "true_model": " y * ( (x)/(1+x) - 0.075 * y )",
    "model_size": 18,
    "symbolic_model": "1.00004294*x0*x1/(x0 + 1) - 0.07501263*x1**2",
    "mse_train": 0.00026037219912476283,
    "mae_train": 0.012601038805784724,
    "r2_train": 0.9998888898438457,
    "mse_test": 2.2495812743919858e-07,
    "mae_test": 0.0003058774448986872,
    "r2_test": 0.9999999182118564
}