{
    "dataset": "strogatz_predprey2",
    "algorithm": "RILSROLSRegressor",
    "params": {
        "complexity_penalty": 0.001,
        "error_tolerance": 1e-16,
        "max_fit_calls": 1000000,
        "max_seconds": 7200,
        "random_state": 21962
    },
    "random_state": 21962,
    "process_time": 49.203125,
    "time_time": 49.20921087265015,
    "target_noise": 0.0,
    "feature_noise": 0.0,
    "true_model": " y * ( (x)/(1+x) - 0.075 * y )",
    "model_size": 18,
    "symbolic_model": "-0.075*x1**2 + x1 - x1/(x0 + 1)",
    "mse_train": 4.7273935045452656e-29,
    "mae_train": 3.4438019565670904e-15,
    "r2_train": 1.0,
    "mse_test": 1.1758392138566605e-28,
    "mae_test": 4.591500790684933e-15,
    "r2_test": 1.0
}