{
    "dataset": "strogatz_predprey2",
    "algorithm": "RILSROLSRegressor",
    "params": {
        "complexity_penalty": 0.001,
        "error_tolerance": 1e-16,
        "max_fit_calls": 1000000,
        "max_seconds": 7200,
        "random_state": 29910
    },
    "random_state": 29910,
    "process_time": 2682.8125,
    "time_time": 2683.4600121974945,
    "target_noise": 0.1,
    "feature_noise": 0.0,
    "true_model": " y * ( (x)/(1+x) - 0.075 * y )",
    "model_size": 18,
    "symbolic_model": "1.01898272*x0*x1/(x0 + 1) - 0.07605024*x1**2",
    "mse_train": 0.027720502604777746,
    "mae_train": 0.1306552130028683,
    "r2_train": 0.9886406085510515,
    "mse_test": 0.0008050667741956067,
    "mae_test": 0.02360828370711407,
    "r2_test": 0.9996727927244209
}