{
    "dataset": "strogatz_predprey2",
    "algorithm": "RILSROLSRegressor",
    "params": {
        "complexity_penalty": 0.001,
        "error_tolerance": 1e-16,
        "max_fit_calls": 1000000,
        "max_seconds": 7200,
        "random_state": 23654
    },
    "random_state": 23654,
    "process_time": 2468.171875,
    "time_time": 2474.1521372795105,
    "target_noise": 0.01,
    "feature_noise": 0.0,
    "true_model": " y * ( (x)/(1+x) - 0.075 * y )",
    "model_size": 18,
    "symbolic_model": "1.00220814*x0*x1/(x0 + 1) - 0.07513078*x1**2",
    "mse_train": 0.00027341468369805876,
    "mae_train": 0.01315061160836899,
    "r2_train": 0.9998916758028893,
    "mse_test": 8.59259621516467e-06,
    "mae_test": 0.002412328676517789,
    "r2_test": 0.9999961740307123
}