{
    "dataset": "strogatz_predprey2",
    "algorithm": "RILSROLSRegressor",
    "params": {
        "complexity_penalty": 0.001,
        "error_tolerance": 1e-16,
        "max_fit_calls": 1000000,
        "max_seconds": 7200,
        "random_state": 4426
    },
    "random_state": 4426,
    "process_time": 2244.015625,
    "time_time": 2244.221813440323,
    "target_noise": 0.01,
    "feature_noise": 0.0,
    "true_model": " y * ( (x)/(1+x) - 0.075 * y )",
    "model_size": 18,
    "symbolic_model": "1.00011112*x0*x1/(x0 + 1) - 0.07499135*x1**2",
    "mse_train": 0.0002476259834627909,
    "mae_train": 0.012559398327355774,
    "r2_train": 0.9998968018565806,
    "mse_test": 3.2338388788218973e-07,
    "mae_test": 0.0003987982047247871,
    "r2_test": 0.9999998715359858
}