{
    "dataset": "feynman_III_10_19",
    "algorithm": "RILSROLSRegressor",
    "params": {
        "complexity_penalty": 0.001,
        "error_tolerance": 1e-16,
        "max_fit_calls": 1000000,
        "max_seconds": 7200,
        "random_state": 21962
    },
    "random_state": 21962,
    "process_time": 5037.0,
    "time_time": 5076.6880424022675,
    "target_noise": 0.01,
    "feature_noise": 0.0,
    "true_model": " mom*sqrt(Bx**2+By**2+Bz**2)",
    "model_size": 65,
    "symbolic_model": "0.41465388*x0*x1 + 0.83364652*x0*x3 + 0.91158529*x0/(1/(x1**2/(x2 + 1)**2 + x2) + x3/(x2*(x1/x2 + x2 - 1))) + 0.00334139*exp(x1) - 0.29553983 + 0.53736183*x3/x1**2",
    "mse_train": 0.0701290258793599,
    "mae_train": 0.19916157597940465,
    "r2_train": 0.9986845132059807,
    "mse_test": 0.03814067004875084,
    "mae_test": 0.12323450621474842,
    "r2_test": 0.9992719950365395
}