{
    "dataset": "feynman_III_10_19",
    "algorithm": "RILSROLSRegressor",
    "params": {
        "complexity_penalty": 0.001,
        "error_tolerance": 1e-16,
        "max_fit_calls": 1000000,
        "max_seconds": 7200,
        "random_state": 16850
    },
    "random_state": 16850,
    "process_time": 4128.171875,
    "time_time": 4204.603097915649,
    "target_noise": 0.1,
    "feature_noise": 0.0,
    "true_model": " mom*sqrt(Bx**2+By**2+Bz**2)",
    "model_size": 73,
    "symbolic_model": "0.0131968*x0*x1**2*x3 + 0.21040282*x0*x1**2/x3 + 0.67918111*x0*x3 + 1.12172352*x2 + 3.94694129*log(x0) - 1.76443793 + 0.04486706*x2**2*(1 - x0)**2/x1 + 7.80703804*x2/(x0*x1*x3**10)",
    "mse_train": 4.754594781394145,
    "mae_train": 1.6841643443134358,
    "r2_train": 0.916698632687621,
    "mse_test": 1.452228015985377,
    "mae_test": 0.697698017745456,
    "r2_test": 0.9727618023414049
}