{
    "dataset": "feynman_II_34_29a",
    "algorithm": "RILSROLSRegressor",
    "params": {
        "complexity_penalty": 0.001,
        "error_tolerance": 1e-16,
        "fitness_type": "FitnessType.BIC",
        "initial_sample_size": 0.01,
        "max_fit_calls": 1000000,
        "max_seconds": 7200,
        "random_perturbations_order": false,
        "random_state": 14423,
        "verbose": false
    },
    "random_state": 14423,
    "process_time": 2.78125,
    "time_time": 2.7849979400634766,
    "target_noise": 0.0,
    "feature_noise": 0.0,
    "true_model": " q*h/(4*3.1415926535*m)",
    "model_size": 10,
    "symbolic_model": "0.07957747*x0*x1/x2",
    "mse_train": 5.176800054115301e-17,
    "mae_train": 5.625338889628934e-09,
    "r2_train": 0.999999999999999,
    "mse_test": 5.102078530476693e-17,
    "mae_test": 5.607445101560166e-09,
    "r2_test": 0.999999999999999
}