{
    "dataset": "feynman_II_34_29a",
    "algorithm": "RILSROLSRegressor",
    "params": {
        "complexity_penalty": 0.001,
        "error_tolerance": 1e-16,
        "fitness_type": "FitnessType.BIC",
        "initial_sample_size": 0.01,
        "max_fit_calls": 1000000,
        "max_seconds": 7200,
        "random_perturbations_order": false,
        "random_state": 23654,
        "verbose": false
    },
    "random_state": 23654,
    "process_time": 1923.828125,
    "time_time": 1924.0299680233002,
    "target_noise": 0.001,
    "feature_noise": 0.0,
    "true_model": " q*h/(4*3.1415926535*m)",
    "model_size": 10,
    "symbolic_model": "0.07958474*x0*x1/x2",
    "mse_train": 1.4293534334702458e-07,
    "mae_train": 0.00030242929347179217,
    "r2_train": 0.9999974063067218,
    "mse_test": 1.1362703756075834e-09,
    "mae_test": 2.6448058714619956e-05,
    "r2_test": 0.9999999782963814
}