{
    "dataset": "feynman_test_12",
    "algorithm": "RILSROLSRegressor",
    "params": {
        "complexity_penalty": 0.001,
        "error_tolerance": 1e-16,
        "fitness_type": "FitnessType.BIC",
        "initial_sample_size": 0.01,
        "max_fit_calls": 1000000,
        "max_seconds": 7200,
        "random_perturbations_order": false,
        "random_state": 5390,
        "verbose": false
    },
    "random_state": 5390,
    "process_time": 2887.109375,
    "time_time": 2887.2597212791443,
    "target_noise": 0.0,
    "feature_noise": 0.0,
    "true_model": " q/(4*3.1415926535*epsilon*y**2)*(4*3.1415926535*epsilon*Volt*d-q*d*y**3/(y**2-d**2)**2)",
    "model_size": 56,
    "symbolic_model": "0.076229*x0**2*x1/(x4*(x1*x3 + 2*x1 + x3)**2) - 0.01999685*x0**2/(x4*(x1 - x3)**2) + 1.00000178*x0*x2*x3/x1**2 - 2.174e-5",
    "mse_train": 2.2043413284845826e-09,
    "mae_train": 2.6956517099448483e-05,
    "r2_train": 0.9999999999897172,
    "mse_test": 2.324242676924105e-09,
    "mae_test": 2.737074074347258e-05,
    "r2_test": 0.9999999999890985
}