{
    "dataset": "feynman_test_12",
    "algorithm": "RILSROLSRegressor",
    "params": {
        "complexity_penalty": 0.001,
        "error_tolerance": 1e-16,
        "fitness_type": "FitnessType.BIC",
        "initial_sample_size": 0.01,
        "max_fit_calls": 1000000,
        "max_seconds": 7200,
        "random_perturbations_order": false,
        "random_state": 860,
        "verbose": false
    },
    "random_state": 860,
    "process_time": 94.296875,
    "time_time": 94.32719206809998,
    "target_noise": 0.0,
    "feature_noise": 0.0,
    "true_model": " q/(4*3.1415926535*epsilon*y**2)*(4*3.1415926535*epsilon*Volt*d-q*d*y**3/(y**2-d**2)**2)",
    "model_size": 44,
    "symbolic_model": "0.01989437*x0**2/(x4*(x1 + x3)**2) - 0.01989437*x0**2/(x4*(x1 - x3)**2) + x0*x2*x3/x1**2",
    "mse_train": 3.990376966002159e-18,
    "mae_train": 1.117228587399488e-09,
    "r2_train": 1.0,
    "mse_test": 3.831732435573948e-18,
    "mae_test": 1.099119777303592e-09,
    "r2_test": 1.0
}