{
    "dataset": "feynman_test_12",
    "algorithm": "RILSROLSRegressor",
    "params": {
        "complexity_penalty": 0.001,
        "error_tolerance": 1e-16,
        "fitness_type": "FitnessType.BIC",
        "initial_sample_size": 0.01,
        "max_fit_calls": 1000000,
        "max_seconds": 7200,
        "random_perturbations_order": false,
        "random_state": 23654,
        "verbose": false
    },
    "random_state": 23654,
    "process_time": 2910.984375,
    "time_time": 2911.198803424835,
    "target_noise": 0.0,
    "feature_noise": 0.0,
    "true_model": " q/(4*3.1415926535*epsilon*y**2)*(4*3.1415926535*epsilon*Volt*d-q*d*y**3/(y**2-d**2)**2)",
    "model_size": 40,
    "symbolic_model": "0.06846172*x0**2*x1/(x4*(x3 + 0.5)**2*(x1 - x3 + 0.5)) + 0.99999556*x0*x2*x3/x1**2",
    "mse_train": 6.176955374519531e-08,
    "mae_train": 0.000114173308292791,
    "r2_train": 0.9999999997135917,
    "mse_test": 6.053456918351458e-08,
    "mae_test": 0.00011726713374402166,
    "r2_test": 0.9999999997116973
}