{
    "dataset": "feynman_I_27_6",
    "algorithm": "RILSROLSRegressor",
    "params": {
        "complexity_penalty": 0.001,
        "error_tolerance": 1e-16,
        "max_fit_calls": 1000000,
        "max_seconds": 7200,
        "random_state": 29910
    },
    "random_state": 29910,
    "process_time": 2723.875,
    "time_time": 2731.143039703369,
    "target_noise": 0.001,
    "feature_noise": 0.0,
    "true_model": " 1/(1/d1+n/d2)",
    "model_size": 12,
    "symbolic_model": "x1/(x2 + x1/x0)",
    "mse_train": 7.393861191590794e-07,
    "mae_train": 0.000687498235697248,
    "r2_train": 0.9999941621799023,
    "mse_test": 2.200468946843703e-32,
    "mae_test": 9.840905867974925e-17,
    "r2_test": 1.0
}