{
    "dataset": "feynman_I_27_6",
    "algorithm": "RILSROLSRegressor",
    "params": {
        "complexity_penalty": 0.001,
        "error_tolerance": 1e-16,
        "max_fit_calls": 1000000,
        "max_seconds": 7200,
        "random_state": 21962
    },
    "random_state": 21962,
    "process_time": 8.4375,
    "time_time": 8.431285381317139,
    "target_noise": 0.0,
    "feature_noise": 0.0,
    "true_model": " 1/(1/d1+n/d2)",
    "model_size": 12,
    "symbolic_model": "x1/(x2 + x1/x0)",
    "mse_train": 2.2032330414998875e-32,
    "mae_train": 9.864886685306828e-17,
    "r2_train": 1.0,
    "mse_test": 2.2706714044325512e-32,
    "mae_test": 9.932610289808962e-17,
    "r2_test": 1.0
}