{
    "dataset": "feynman_I_27_6",
    "algorithm": "RILSROLSRegressor",
    "params": {
        "complexity_penalty": 0.001,
        "error_tolerance": 1e-16,
        "max_fit_calls": 1000000,
        "max_seconds": 7200,
        "random_state": 28020
    },
    "random_state": 28020,
    "process_time": 2462.90625,
    "time_time": 2504.7545642852783,
    "target_noise": 0.01,
    "feature_noise": 0.0,
    "true_model": " 1/(1/d1+n/d2)",
    "model_size": 14,
    "symbolic_model": "0.99994902*x1/(x2 + x1/x0)",
    "mse_train": 7.32508252729823e-05,
    "mae_train": 0.006791154735601012,
    "r2_train": 0.9994324254980856,
    "mse_test": 1.866630349230661e-09,
    "mae_test": 3.919814435349832e-05,
    "r2_test": 0.9999999853051443
}