{
    "dataset": "feynman_I_27_6",
    "algorithm": "RILSROLSRegressor",
    "params": {
        "complexity_penalty": 0.001,
        "error_tolerance": 1e-16,
        "max_fit_calls": 1000000,
        "max_seconds": 7200,
        "random_state": 4426
    },
    "random_state": 4426,
    "process_time": 2039.796875,
    "time_time": 2040.039517879486,
    "target_noise": 0.001,
    "feature_noise": 0.0,
    "true_model": " 1/(1/d1+n/d2)",
    "model_size": 14,
    "symbolic_model": "0.99996013*x1/(x2 + x1/x0)",
    "mse_train": 7.30604673928562e-07,
    "mae_train": 0.0006836670245060758,
    "r2_train": 0.999994389510548,
    "mse_test": 1.1547044975494976e-09,
    "mae_test": 3.07952955179538e-05,
    "r2_test": 0.9999999911049199
}