{
    "dataset": "feynman_I_30_5",
    "algorithm": "RILSROLSRegressor",
    "params": {
        "complexity_penalty": 0.001,
        "error_tolerance": 1e-16,
        "fitness_type": "FitnessType.BIC",
        "initial_sample_size": 0.01,
        "max_fit_calls": 1000000,
        "max_seconds": 7200,
        "random_perturbations_order": false,
        "random_state": 15795,
        "verbose": false
    },
    "random_state": 15795,
    "process_time": 2315.28125,
    "time_time": 2315.6476736068726,
    "target_noise": 0.001,
    "feature_noise": 0.0,
    "true_model": " arcsin(lambd/(n*d))",
    "model_size": 28,
    "symbolic_model": "0.96992184*x0/(x1*x2) - 0.04553622*cos(1/log(x1*x2/x0)) + 0.0444561",
    "mse_train": 1.6148020871113443e-05,
    "mae_train": 0.0003391839975983862,
    "r2_train": 0.9988546643513796,
    "mse_test": 2.5309119711828186e-05,
    "mae_test": 0.0002392523476061177,
    "r2_test": 0.9982542136253811
}