{
    "dataset": "feynman_test_9",
    "algorithm": "RILSROLSRegressor",
    "params": {
        "complexity_penalty": 0.001,
        "error_tolerance": 1e-16,
        "max_fit_calls": 1000000,
        "max_seconds": 7200,
        "random_state": 14423
    },
    "random_state": 14423,
    "process_time": 6307.546875,
    "time_time": 6313.414022684097,
    "target_noise": 0.0,
    "feature_noise": 0.0,
    "true_model": " -32/5*G**4/c**5*(m1*m2)**2*(m1+m2)/r**5",
    "model_size": 221,
    "symbolic_model": "-8.6181927*x0**2*x2**2*(x0 + x3/x4)**4/(x1**4*(x4 + 1)**2) - 147.3977649*x0 + 25.78651266*x2*(x0**2 + x3)**4/(0.60653066*x0 + x4*exp(x1) - 0.30326533)**2 - 4.77422017*x2*(x0**2 + x3)**4/(x4*exp(x1) - sin(0.5/x4 - x2/(x0*x4)))**2 - 81.18140471*x3*x4 - 1.29573395*x4*(x0**2 + x3)**4/(0.5*x4*exp(x1) - 0.5*sin(x0*x2**2 - 0.5)/x4 + 1/x2)**2 + 3.081e-5*(x0**2 + x3)**4/(x0 + x4*cos(exp(x1)) - 0.5)**2 + 0.00877044*(x3 + log(x2))**8*cos(1.16921869*x2**2*x3)/(-x0**2 - x0 + x3 + x4*exp(x1**2) - 0.5*exp(x1**2))**4 + 777.22278728 - 581.54675549/x4",
    "mse_train": 5.347791811189347e+16,
    "mae_train": 4603400.834032267,
    "r2_train": -1114584040.6941662,
    "mse_test": 2.855707871157724e+22,
    "mae_test": 1844131428.3661625,
    "r2_test": -546039821660975.75
}