{
    "dataset": "feynman_test_9",
    "algorithm": "RILSROLSRegressor",
    "params": {
        "complexity_penalty": 0.001,
        "error_tolerance": 1e-16,
        "max_fit_calls": 1000000,
        "max_seconds": 7200,
        "random_state": 29910
    },
    "random_state": 29910,
    "process_time": 7197.515625,
    "time_time": 7239.303984165192,
    "target_noise": 0.001,
    "feature_noise": 0.0,
    "true_model": " -32/5*G**4/c**5*(m1*m2)**2*(m1+m2)/r**5",
    "model_size": 254,
    "symbolic_model": "-53.86584322*x0**4*(0.5 - cos(x2 + x3))**3/(x1**4*x4**4) - 53.24706129*x0**4*x2**2*x3**2/(x1**5*x4**4) + 96.14783595*x0**4*x2**2*log(x3)**2/(x1**5*x4**3) + 6.15194568*x0**4*x3**2*(0.5 - cos(x2))**3/(x1**5*x4**4) - 129.46337794*x0**4/x1**5 - 216.04724809*x0**4/(x1**5*(0.5 - x4)) - 2.6447023*x0*x3**4*(x1 - x2)**2/x4**8 + 1.17072401*x0*(x1 + x2**2 - x2)**2/x1**8 + 1.75128422*x1*x3**4*(x1 - x2)**2/x4**8 + 26.57615427*x2*x3/log(x2*x3) - 4.46022104*x3*(x0 - x2)**2 + 3.52302842*x3*(x1 - x2)**2 - 91.63079316 + 27.8713795/x3 - 0.11027356*x2**7*sin(log(x3 - 0.5)**3)**2/(x1**10*x4**3)",
    "mse_train": 757026.8241728678,
    "mae_train": 120.24959665383028,
    "r2_train": 0.9828254354183221,
    "mse_test": 954785.4274016803,
    "mae_test": 123.32553547672212,
    "r2_test": 0.9799558583132996
}