{
    "dataset": "feynman_test_9",
    "algorithm": "RILSROLSRegressor",
    "params": {
        "complexity_penalty": 0.001,
        "error_tolerance": 1e-16,
        "max_fit_calls": 1000000,
        "max_seconds": 7200,
        "random_state": 29910
    },
    "random_state": 29910,
    "process_time": 7250.953125,
    "time_time": 7251.255227088928,
    "target_noise": 0.0,
    "feature_noise": 0.0,
    "true_model": " -32/5*G**4/c**5*(m1*m2)**2*(m1+m2)/r**5",
    "model_size": 292,
    "symbolic_model": "-3.70785782*x0**2*x2**2*sin(x4**(-3))*sin(2*x3 + 1/x1) + 136.12098206*x0*x2*cos(x0**3*x2**3)/(x1**8*x3) - 2.84693621*x2**2*x4 + 3.23408373*x2**2*(x0**2 + x3)**3*sin(1/x1)*sin(x4**(-3)) + 11.42494569*x2**2*(x0**2 + x3/x0)**3*cos(x1)/(x0 + x1 - x4**2 + 10*x4) + 0.7121038*x2**2*(x0**2 + x3/x0)**3/x4 - 137.91997268 + 233.04180344/x4 - 7.70780216*x2**2*(x0**2 + x3)**3/(x1**2*x4**3) - 0.00046553*(x0**2 + x3)**6*(x2 + 1)**4/(x1**5*x4**4) - 75.04530306*(-x0**2 + x0 + x3**2*log(x0**2) + x3 + 1)**3*cos(x2**3)/(x1**8*(x1**2*x4 + x1*x4)**4) + 925.20795823*(x3*(x0 - x4)**2 + x3)**3/(x1**8*x3**7) - 12.68353982*x2**2*x3/(x0**15*x1**2) + 10.30206251*x3**2/(x0**15*x1**2)",
    "mse_train": 10582514.27296221,
    "mae_train": 516.4112546131611,
    "r2_train": 0.7599153665997069,
    "mse_test": 10862899.636465162,
    "mae_test": 497.1892282398975,
    "r2_test": 0.7719513796578801
}