{
    "dataset": "feynman_test_9",
    "algorithm": "RILSROLSRegressor",
    "params": {
        "complexity_penalty": 0.001,
        "error_tolerance": 1e-16,
        "max_fit_calls": 1000000,
        "max_seconds": 7200,
        "random_state": 860
    },
    "random_state": 860,
    "process_time": 5443.515625,
    "time_time": 5443.842827796936,
    "target_noise": 0.0,
    "feature_noise": 0.0,
    "true_model": " -32/5*G**4/c**5*(m1*m2)**2*(m1+m2)/r**5",
    "model_size": 153,
    "symbolic_model": "6.46080762*x0**2*x2**2*(x2/x4 - x3/x4)**4*log(x3)**2/x1**4 - 109.24608401*x0 + 3.21691873*x4*(x2/x4 - x3/x4)**4*sin(x3) + 72.10613944 - 1.284e-5/(x2 - x3)**5 + 93.09158335/x2 - 13.27219535*x2**2*x4*(x2/x4 - x3/x4)**4*log(x3)**2/(x1**4*x3) - 5.14844156*(x0*x1*x4 - x0*x2 - x0*x3 + 0.55555556/x3)**4/(x1**4*x4**4)",
    "mse_train": 2.5979277774428647e+19,
    "mae_train": 53173826.25844818,
    "r2_train": -604968947991.2289,
    "mse_test": 4.482432547518316e+22,
    "mae_test": 2327048122.267196,
    "r2_test": -943662215355266.4
}