{
    "dataset": "feynman_test_9",
    "algorithm": "RILSROLSRegressor",
    "params": {
        "complexity_penalty": 0.001,
        "error_tolerance": 1e-16,
        "max_fit_calls": 1000000,
        "max_seconds": 7200,
        "random_state": 21962
    },
    "random_state": 21962,
    "process_time": 7236.1875,
    "time_time": 7236.4695563316345,
    "target_noise": 0.0,
    "feature_noise": 0.0,
    "true_model": " -32/5*G**4/c**5*(m1*m2)**2*(m1+m2)/r**5",
    "model_size": 299,
    "symbolic_model": "-0.26025625*x0**9*x3*sin(x1**(-7))*sin(9.42477796*x1**3*x4**4 - 1/x4**4) + 11.59550479*x0**9*sin(x1**(-7))*sin(x4**(-4) - 3/(x1*x4**4)) - 0.09291112*x0**4*x1**x4*(x2 + 1/(x0 + x2))**4*(x3 + 1/x3)**4*sin(x4**(-5))/(x1 + x4)**4 + 0.09130947*x0**4*(x2 + 1/(x0 + x2))**4*(x3 + 1/x3)**4*sin(x4**(-5))/x1**3 - 0.36030748*x0**4*x3*(x2 + 1)**4/(x1**4*x4**5) - 0.052092*x0**4*(x2 + 1)**4*(x3 + 1)**4*sin(x4**(-5))/x1**4 - 52.57384884*x0*x1*x4 + 309.8562581*x0 + 63.67954343*x1*x4 - 608.92497159 - 0.06448389*(x2 + 1/x1)**4*(x3 + 1)**4*sin(1/(x3*x4**5))/x1**4 + 1080.49868012*(-0.1*x2 - 0.5 + 1/x2)**4*(0.5*x3 + 0.5*x2/(x1*x3) - 1/(x1*x3))**4*sin(x4**(-5))/x1**4 + 0.53567871*(x2 + 1)**4/(x1**4*x4**5) + 281.3488379/x0",
    "mse_train": 105602.44923942511,
    "mae_train": 85.47022984169698,
    "r2_train": 0.9968051531185691,
    "mse_test": 175725.3780998717,
    "mae_test": 93.18065782450601,
    "r2_test": 0.9965156410353122
}