{
    "dataset": "feynman_test_9",
    "algorithm": "RILSROLSRegressor",
    "params": {
        "complexity_penalty": 0.001,
        "error_tolerance": 1e-16,
        "max_fit_calls": 1000000,
        "max_seconds": 7200,
        "random_state": 23654
    },
    "random_state": 23654,
    "process_time": 7227.75,
    "time_time": 7227.971529722214,
    "target_noise": 0.0,
    "feature_noise": 0.0,
    "true_model": " -32/5*G**4/c**5*(m1*m2)**2*(m1+m2)/r**5",
    "model_size": 305,
    "symbolic_model": "-2.03510111*x0**4/x4**5 - 10.22984355*x0**4*(-0.5*x1**2 - x1 + x2*x3 + x3 - x4)**2/(x1**4*x4**4) + 12.20216356*x0**4*(x1**2/x4 - x1*x3 + x1/x4 + x2*x3 - x4 + 1/x4)**2/(x1**4*x4**5) - 0.16644622*x0**4*x2**5*x3/(x1**5*x4**5) - 2.45699928*x0**4*x2*(x1**2/x4 - 0.5*x1*x3 + x1 + x2*x3)**2/(x1**5*x4**5) + 2.40941918*x0**4*x3*(x1**2/x4 - x1*x3 + x1 + x2*x3 - x4 + 1)**2/(x1**5*x4**4) - 14.19488111*x0**4*x3*(x1**2/x4 - x1*x3 + x1 + x2*x3 - x4 + 1)**2/(x1**5*x4**5) - 0.00815676*x0**4*(x1*x3 + 2)**x3/(x1**5*x4**5) + 0.67725813*x2*x3 - 4.81175605 - 0.32054567*(x0*x2/x4 + x1**2 + x1 + 1)**4*sin(x0**4*x2)/(x1**32*x4**8)",
    "mse_train": 2788.7943599590826,
    "mae_train": 16.505082192362995,
    "r2_train": 0.9999353159880188,
    "mse_test": 3650.3039356840636,
    "mae_test": 17.45666924801006,
    "r2_test": 0.9999221462812892
}