{
    "dataset": "feynman_test_9",
    "algorithm": "RILSROLSRegressor",
    "params": {
        "complexity_penalty": 0.001,
        "error_tolerance": 1e-16,
        "max_fit_calls": 1000000,
        "max_seconds": 7200,
        "random_state": 14423
    },
    "random_state": 14423,
    "process_time": 3591.546875,
    "time_time": 3593.935022354126,
    "target_noise": 0.1,
    "feature_noise": 0.0,
    "true_model": " -32/5*G**4/c**5*(m1*m2)**2*(m1+m2)/r**5",
    "model_size": 84,
    "symbolic_model": "0.19538961*x0**5*x3**4 - 2.56170218*x0**2*x2**2*(x0 + x3)**4/(x1**5*x4**5) - 1.31672399*(x0 + x3)**4 + 1663.42835758 - 1894.16852872/x1 + 8809.62359751*x4*log(-x0 + x3 + x4)**4*sin(x4**(-7))/x1**5 - 4774.51820344/(x1**5*x4**7)",
    "mse_train": 1393949.0447776993,
    "mae_train": 783.935395365022,
    "r2_train": 0.971198719330655,
    "mse_test": 953560.7863521535,
    "mae_test": 474.26894965532625,
    "r2_test": 0.9817669668882643
}