{
    "dataset": "feynman_test_9",
    "algorithm": "RILSROLSRegressor",
    "params": {
        "complexity_penalty": 0.001,
        "error_tolerance": 1e-16,
        "max_fit_calls": 1000000,
        "max_seconds": 7200,
        "random_state": 23654
    },
    "random_state": 23654,
    "process_time": 4846.796875,
    "time_time": 4857.39768576622,
    "target_noise": 0.1,
    "feature_noise": 0.0,
    "true_model": " -32/5*G**4/c**5*(m1*m2)**2*(m1+m2)/r**5",
    "model_size": 102,
    "symbolic_model": "-32.52256536*x0**4*x2**2*x3**2/(x1**4*x4**4) - 0.08990781*x0**4*x2**4*x3**4/(x1**7*x4**8) + 45.64281319*x0**3*x3**2/x4**4 - 2.20527199*x1**2*(5/x4)**x3/x2 - 26.18448687*x4**8*sin(x2**4*cos(8/x0**8)/x3**8)/x2",
    "mse_train": 872390.7477793037,
    "mae_train": 661.2980094320167,
    "r2_train": 0.9800268268604283,
    "mse_test": 694491.7982688668,
    "mae_test": 322.3356388380047,
    "r2_test": 0.9851878720068183
}