{
    "dataset": "feynman_test_9",
    "algorithm": "RILSROLSRegressor",
    "params": {
        "complexity_penalty": 0.001,
        "error_tolerance": 1e-16,
        "max_fit_calls": 1000000,
        "max_seconds": 7200,
        "random_state": 4426
    },
    "random_state": 4426,
    "process_time": 3844.09375,
    "time_time": 3868.332685947418,
    "target_noise": 0.1,
    "feature_noise": 0.0,
    "true_model": " -32/5*G**4/c**5*(m1*m2)**2*(m1+m2)/r**5",
    "model_size": 105,
    "symbolic_model": "-4.33165974*x0**2*x2**2*(0.5*x0 + x3)**4/(x1**5*x4**4) + 649.34626807*x1 + 5.94779992*(-0.31830989*x0 + 0.63661977*x3 + 1)**4*cos(18.07962759*x0**3*x2**2/(x1**5*x4**4)) - 1230.42430702 + 1.18519692*x3*(x0/x4 + x3)**4/x1**4 + 1.07697083*x2**2*(0.5*x0 + x3)**4/(x1**5*x4**3)",
    "mse_train": 2290547.7862086357,
    "mae_train": 781.99134128456,
    "r2_train": 0.9425410032117775,
    "mse_test": 1650473.222117202,
    "mae_test": 495.8170502663681,
    "r2_test": 0.9630467836547758
}