{
    "dataset": "feynman_test_9",
    "algorithm": "RILSROLSRegressor",
    "params": {
        "complexity_penalty": 0.001,
        "error_tolerance": 1e-16,
        "max_fit_calls": 1000000,
        "max_seconds": 7200,
        "random_state": 4426
    },
    "random_state": 4426,
    "process_time": 7188.765625,
    "time_time": 7218.796717643738,
    "target_noise": 0.01,
    "feature_noise": 0.0,
    "true_model": " -32/5*G**4/c**5*(m1*m2)**2*(m1+m2)/r**5",
    "model_size": 185,
    "symbolic_model": "4.77438565*x0**2*x2**2*x3**4/(x1**3*x4**4) + 223.95773442*x0**2*x2**2*x3**4/(x1**4*(x0 + x2 + exp(x4))**3) - 11.8947042*x0**2*x2**2*x3**4/(x1**4*x4**4) + 10.66702648*x2**2*(x1 - x3)**4*sin(1/(x1**3*x4**3)) - 1.36429897*x2*(x1 - x3)**4 + 95.50415486*x4 - 137.52010151 - 6.14626085*x2**3*log(x0**2)/x1**3 + 1621.79237636*(1 - x2)**2*(x0 - x4**0.5)**2/(x1**3*x4**4) - 2394.03746024*x3*(1 - x2)**2*(x0 - x4**0.5)**2/(x1**4*x4**4)",
    "mse_train": 335482.70012820815,
    "mae_train": 152.18393279225717,
    "r2_train": 0.9914815145596358,
    "mse_test": 368681.23974869505,
    "mae_test": 130.84322116130704,
    "r2_test": 0.9917454234141513
}