{
    "dataset": "feynman_test_9",
    "algorithm": "RILSROLSRegressor",
    "params": {
        "complexity_penalty": 0.001,
        "error_tolerance": 1e-16,
        "max_fit_calls": 1000000,
        "max_seconds": 7200,
        "random_state": 28020
    },
    "random_state": 28020,
    "process_time": 6212.921875,
    "time_time": 6216.96541595459,
    "target_noise": 0.0,
    "feature_noise": 0.0,
    "true_model": " -32/5*G**4/c**5*(m1*m2)**2*(m1+m2)/r**5",
    "model_size": 234,
    "symbolic_model": "-1166.43271781*x0*x2**2/((x1 + x4)**9*sin(1/x0)**4) - 2446.07745833*x2**2*x3**2/((x1 + x4)**9*sin(1/x0)**4) + 362.88225775*x2/(x4 + (x1/x3)**0.5)**5 + 0.00024954*x3**2/((x1 + x4)**5*sin(x0*x1 + x0)**4) - 3.51172462 - 0.48853615*x3**4/(x1**3*x4**5*sin(1/x0)**4) - 2.37717766*x2**3*x3**2/(x1**4*x4**5*sin(1/x0)**4) - 314.11973472*x3**3*(0.5 - x2)**2/(x1**4*(x1*x4 - 0.5*x1 + x4 + 1/x0)**5*sin(1/x0)**4) + 9.31932318*(x1 + x3)**6*cos(46.19787969*x0)/(x1**8*(x1*x4 - 0.5*x1 + x4/x0 + x0**(-2))**10*sin(1/x0)**4) + 0.02028038*x2*x3**3*x4**5/(x0**5*x1**3)",
    "mse_train": 9588587902444.455,
    "mae_train": 37605.68499750151,
    "r2_train": -210025.74328175347,
    "mse_test": 5.12257121494732e+17,
    "mae_test": 5866073.473664517,
    "r2_test": -11692064724.87616
}