{
    "dataset": "feynman_test_9",
    "algorithm": "RILSROLSRegressor",
    "params": {
        "complexity_penalty": 0.001,
        "error_tolerance": 1e-16,
        "max_fit_calls": 1000000,
        "max_seconds": 7200,
        "random_state": 23654
    },
    "random_state": 23654,
    "process_time": 5220.015625,
    "time_time": 5222.419597387314,
    "target_noise": 0.01,
    "feature_noise": 0.0,
    "true_model": " -32/5*G**4/c**5*(m1*m2)**2*(m1+m2)/r**5",
    "model_size": 179,
    "symbolic_model": "2.95307641*x0**4*(-x1**2 - x1 + x2*x3)**2/(x1**2*x4) - 57.53979786*x0**4*(-x1**2 + x2*x3 - sin(x1 - 0.5))**2/(x1**4*x4**4) - 149.37899258*x0/x4**5 - 3.16165984*x4*(-x1**2 - x1 + x2*x3 + 0.5)**2 + 47.67953444*(-0.83333333*x1**2 - x1 + 0.83333333*x2*x3)**2/(x1**2*x4) - 9.62249002*x3*(-x1**2 - x1 + x2*x3 + 0.5)**2/(x1**4*x4**4) - 1.5194181*x2*(-x1**2 - x1*x3 + x2*x3 + 0.5)**2/x0",
    "mse_train": 227332.01272393035,
    "mae_train": 146.08589722044965,
    "r2_train": 0.9947290059284004,
    "mse_test": 336344.21459944634,
    "mae_test": 128.20520593351898,
    "r2_test": 0.9928264472397924
}