{
    "dataset": "strogatz_bacres1",
    "algorithm": "RILSROLSRegressor",
    "params": {
        "complexity_penalty": 0.001,
        "error_tolerance": 1e-16,
        "max_fit_calls": 1000000,
        "max_seconds": 7200,
        "random_state": 21962
    },
    "random_state": 21962,
    "process_time": 1747.15625,
    "time_time": 1747.5168437957764,
    "target_noise": 0.01,
    "feature_noise": 0.0,
    "true_model": " 20 - x - (x * y)/(1+0.5 * x**2)",
    "model_size": 14,
    "symbolic_model": "-1.00870122*x0 + 20.11537998 - 1.97513587*x1/x0",
    "mse_train": 0.0037020702976049255,
    "mae_train": 0.024470974976623195,
    "r2_train": 0.999398466905412,
    "mse_test": 0.0005581892275209721,
    "mae_test": 0.010032556162105362,
    "r2_test": 0.9999250579330382
}