{
    "dataset": "strogatz_bacres1",
    "algorithm": "RILSROLSRegressor",
    "params": {
        "complexity_penalty": 0.001,
        "error_tolerance": 1e-16,
        "max_fit_calls": 1000000,
        "max_seconds": 7200,
        "random_state": 23654
    },
    "random_state": 23654,
    "process_time": 1956.78125,
    "time_time": 1963.0422084331512,
    "target_noise": 0.01,
    "feature_noise": 0.0,
    "true_model": " 20 - x - (x * y)/(1+0.5 * x**2)",
    "model_size": 16,
    "symbolic_model": "-0.98487038*x0 - 2.11323471*x1/(x0 + 0.9) + 19.80232915",
    "mse_train": 0.0008829339921880511,
    "mae_train": 0.023923557969830676,
    "r2_train": 0.9998740985691386,
    "mse_test": 0.0001017836732952169,
    "mae_test": 0.007660774228713395,
    "r2_test": 0.9999786221885165
}