{
    "dataset": "strogatz_bacres1",
    "algorithm": "RILSROLSRegressor",
    "params": {
        "complexity_penalty": 0.001,
        "error_tolerance": 1e-16,
        "max_fit_calls": 1000000,
        "max_seconds": 7200,
        "random_state": 21962
    },
    "random_state": 21962,
    "process_time": 1695.734375,
    "time_time": 1696.3408617973328,
    "target_noise": 0.1,
    "feature_noise": 0.0,
    "true_model": " 20 - x - (x * y)/(1+0.5 * x**2)",
    "model_size": 14,
    "symbolic_model": "-1.00553243*x0 + 20.02873963 - 1.96022311*x1/x0",
    "mse_train": 0.06786190736086338,
    "mae_train": 0.20262657972231685,
    "r2_train": 0.9890717528555415,
    "mse_test": 0.001132515522599828,
    "mae_test": 0.020997559147388906,
    "r2_test": 0.9998479493154913
}