{
    "dataset": "strogatz_bacres1",
    "algorithm": "RILSROLSRegressor",
    "params": {
        "complexity_penalty": 0.001,
        "error_tolerance": 1e-16,
        "max_fit_calls": 1000000,
        "max_seconds": 7200,
        "random_state": 4426
    },
    "random_state": 4426,
    "process_time": 1999.5,
    "time_time": 1999.7894082069397,
    "target_noise": 0.01,
    "feature_noise": 0.0,
    "true_model": " 20 - x - (x * y)/(1+0.5 * x**2)",
    "model_size": 16,
    "symbolic_model": "-0.99846919*x0 - 2.05607176*x1/(x0 + 0.5) + 19.98973196",
    "mse_train": 0.0011355137285995634,
    "mae_train": 0.023357274229359896,
    "r2_train": 0.9998423209909155,
    "mse_test": 3.3325417299056865e-05,
    "mae_test": 0.004922505748058362,
    "r2_test": 0.9999921927183575
}