{
    "dataset": "strogatz_bacres1",
    "algorithm": "RILSROLSRegressor",
    "params": {
        "complexity_penalty": 0.001,
        "error_tolerance": 1e-16,
        "max_fit_calls": 1000000,
        "max_seconds": 7200,
        "random_state": 16850
    },
    "random_state": 16850,
    "process_time": 1938.4375,
    "time_time": 1938.519424200058,
    "target_noise": 0.0,
    "feature_noise": 0.0,
    "true_model": " 20 - x - (x * y)/(1+0.5 * x**2)",
    "model_size": 16,
    "symbolic_model": "-1.00379085*x0 - 2.00772313*x1/(x0 + 0.2) + 20.05464615",
    "mse_train": 0.00032719556688332654,
    "mae_train": 0.0043744815515048266,
    "r2_train": 0.9999518997966196,
    "mse_test": 0.0041266161526556195,
    "mae_test": 0.009360947127286197,
    "r2_test": 0.999236687470526
}