{
    "dataset": "strogatz_bacres1",
    "algorithm": "RILSROLSRegressor",
    "params": {
        "complexity_penalty": 0.001,
        "error_tolerance": 1e-16,
        "max_fit_calls": 1000000,
        "max_seconds": 7200,
        "random_state": 29910
    },
    "random_state": 29910,
    "process_time": 182.390625,
    "time_time": 182.41144824028015,
    "target_noise": 0.0,
    "feature_noise": 0.0,
    "true_model": " 20 - x - (x * y)/(1+0.5 * x**2)",
    "model_size": 20,
    "symbolic_model": "-x0 - 2*x1/(x0 + 2/x0) + 20",
    "mse_train": 3.535756927156349e-28,
    "mae_train": 1.573328273218877e-14,
    "r2_train": 1.0,
    "mse_test": 3.219958181419888e-28,
    "mae_test": 1.52357293448091e-14,
    "r2_test": 1.0
}