{
    "dataset": "strogatz_bacres2",
    "algorithm": "RILSROLSRegressor",
    "params": {
        "complexity_penalty": 0.001,
        "error_tolerance": 1e-16,
        "max_fit_calls": 1000000,
        "max_seconds": 7200,
        "random_state": 5390
    },
    "random_state": 5390,
    "process_time": 19.765625,
    "time_time": 19.775996685028076,
    "target_noise": 0.0,
    "feature_noise": 0.0,
    "true_model": " 10 - (x * y)/(1+0.5 * x**2)",
    "model_size": 16,
    "symbolic_model": "-2*x1/(x0 + 2/x0) + 10",
    "mse_train": 2.002066834111389e-28,
    "mae_train": 1.1194933868807765e-14,
    "r2_train": 1.0,
    "mse_test": 2.6151860669676152e-28,
    "mae_test": 1.2788659020657178e-14,
    "r2_test": 1.0
}