{
    "dataset": "strogatz_bacres2",
    "algorithm": "RILSROLSRegressor",
    "params": {
        "complexity_penalty": 0.001,
        "error_tolerance": 1e-16,
        "max_fit_calls": 1000000,
        "max_seconds": 7200,
        "random_state": 15795
    },
    "random_state": 15795,
    "process_time": 341.03125,
    "time_time": 347.4736931324005,
    "target_noise": 0.0,
    "feature_noise": 0.0,
    "true_model": " 10 - (x * y)/(1+0.5 * x**2)",
    "model_size": 16,
    "symbolic_model": "-2*x1/(x0 + 2/x0) + 10",
    "mse_train": 2.3406569252724634e-28,
    "mae_train": 1.212363542890671e-14,
    "r2_train": 1.0,
    "mse_test": 1.5994157934843926e-28,
    "mae_test": 1.0002554340360348e-14,
    "r2_test": 1.0
}