{
    "dataset": "strogatz_bacres2",
    "algorithm": "RILSROLSRegressor",
    "params": {
        "complexity_penalty": 0.001,
        "error_tolerance": 1e-16,
        "max_fit_calls": 1000000,
        "max_seconds": 7200,
        "random_state": 860
    },
    "random_state": 860,
    "process_time": 1778.015625,
    "time_time": 1778.1918363571167,
    "target_noise": 0.0,
    "feature_noise": 0.0,
    "true_model": " 10 - (x * y)/(1+0.5 * x**2)",
    "model_size": 12,
    "symbolic_model": "-2.0404058*x1/(x0 + 0.4) + 10.01172194",
    "mse_train": 0.0006678225373527131,
    "mae_train": 0.005022631894859954,
    "r2_train": 0.9998568227179457,
    "mse_test": 1.8039657559907567e-05,
    "mae_test": 0.00299701859523159,
    "r2_test": 0.9999963282939281
}