{
    "dataset": "strogatz_bacres2",
    "algorithm": "RILSROLSRegressor",
    "params": {
        "complexity_penalty": 0.001,
        "error_tolerance": 1e-16,
        "max_fit_calls": 1000000,
        "max_seconds": 7200,
        "random_state": 28020
    },
    "random_state": 28020,
    "process_time": 2438.5,
    "time_time": 2439.2196090221405,
    "target_noise": 0.1,
    "feature_noise": 0.0,
    "true_model": " 10 - (x * y)/(1+0.5 * x**2)",
    "model_size": 44,
    "symbolic_model": "0.10928576*x1 - 2.89204739*log(x1) - 0.18684918*sin(exp(x0) + 50) - 0.31446744*cos(x0) - 0.27416319*cos(x1 + log(x1) + sin(exp(x0))) + 16.13611352 - 2.00785878*x1/x0",
    "mse_train": 0.27937883299540717,
    "mae_train": 0.40917756696969354,
    "r2_train": 0.9421301491274132,
    "mse_test": 0.08574001010256607,
    "mae_test": 0.23928255898272835,
    "r2_test": 0.9816748253180874
}