{
    "dataset": "feynman_II_34_29b",
    "algorithm": "RILSROLSRegressor",
    "params": {
        "complexity_penalty": 0.001,
        "error_tolerance": 1e-16,
        "max_fit_calls": 1000000,
        "max_seconds": 7200,
        "random_state": 21962
    },
    "random_state": 21962,
    "process_time": 13.546875,
    "time_time": 13.547072410583496,
    "target_noise": 0.0,
    "feature_noise": 0.0,
    "true_model": " g_*mom*B*Jz/(h/(2*3.1415926535))",
    "model_size": 14,
    "symbolic_model": "6.28318531*x0*x2*x3*x4/x1",
    "mse_train": 1.8220707117253785e-14,
    "mae_train": 9.172446258212119e-08,
    "r2_train": 1.0,
    "mse_test": 1.8270438352383555e-14,
    "mae_test": 9.226847668356797e-08,
    "r2_test": 1.0
}