{
    "dataset": "feynman_II_34_29b",
    "algorithm": "RILSROLSRegressor",
    "params": {
        "complexity_penalty": 0.001,
        "error_tolerance": 1e-16,
        "max_fit_calls": 1000000,
        "max_seconds": 7200,
        "random_state": 14423
    },
    "random_state": 14423,
    "process_time": 2789.21875,
    "time_time": 3060.8163089752197,
    "target_noise": 0.001,
    "feature_noise": 0.0,
    "true_model": " g_*mom*B*Jz/(h/(2*3.1415926535))",
    "model_size": 14,
    "symbolic_model": "6.28315874*x0*x2*x3*x4/x1",
    "mse_train": 0.09018977247464693,
    "mae_train": 0.2385385922003747,
    "r2_train": 0.9999981101950519,
    "mse_test": 1.6246166599936068e-06,
    "mae_test": 0.00086869361661432,
    "r2_test": 0.9999999999666137
}