{
    "dataset": "feynman_II_34_29b",
    "algorithm": "RILSROLSRegressor",
    "params": {
        "complexity_penalty": 0.001,
        "error_tolerance": 1e-16,
        "max_fit_calls": 1000000,
        "max_seconds": 7200,
        "random_state": 16850
    },
    "random_state": 16850,
    "process_time": 3106.75,
    "time_time": 3108.2767827510834,
    "target_noise": 0.01,
    "feature_noise": 0.0,
    "true_model": " g_*mom*B*Jz/(h/(2*3.1415926535))",
    "model_size": 54,
    "symbolic_model": "-0.09324683*x0**2 + 6.27926227*x0*x2*x3*x4/x1 - 0.0293482*x3/(x0 - x1) - 0.87001298*x4 + 4.34060343 - 0.90658/(-x0*x1*x3 + x2*x3)**2",
    "mse_train": 1433487.7835840376,
    "mae_train": 31.40301305198234,
    "r2_train": -27.572059536490045,
    "mse_test": 1182841872.4753685,
    "mae_test": 381.78338876663395,
    "r2_test": -24735.393399469533
}