{
    "dataset": "feynman_test_6",
    "algorithm": "RILSROLSRegressor",
    "params": {
        "complexity_penalty": 0.001,
        "error_tolerance": 1e-16,
        "max_fit_calls": 1000000,
        "max_seconds": 7200,
        "random_state": 21962
    },
    "random_state": 21962,
    "process_time": 5031.25,
    "time_time": 6501.1093900203705,
    "target_noise": 0.01,
    "feature_noise": 0.0,
    "true_model": " sqrt(1+2*epsilon**2*E_n*L**2/(m*(Z_1*Z_2*q**2)**2))",
    "model_size": 64,
    "symbolic_model": "1.94382542*x0*x1**2*x6/(x4*x5**2*(x2*x3 + x5 + 1)**2) + 1.60378121*(x0/(x3*x4*x5**2) + 1/(x2**20*x3**(4*x4)))**2 + 0.9944948 - 0.12473012/x5**2",
    "mse_train": 0.019943734795650998,
    "mae_train": 0.0428557863755762,
    "r2_train": 0.9003173010219845,
    "mse_test": 0.0207252557219641,
    "mae_test": 0.04058158112107475,
    "r2_test": 0.8947966226725156
}