{
    "dataset": "feynman_test_6",
    "algorithm": "RILSROLSRegressor",
    "params": {
        "complexity_penalty": 0.001,
        "error_tolerance": 1e-16,
        "max_fit_calls": 1000000,
        "max_seconds": 7200,
        "random_state": 5390
    },
    "random_state": 5390,
    "process_time": 3230.15625,
    "time_time": 3231.1027421951294,
    "target_noise": 0.001,
    "feature_noise": 0.0,
    "true_model": " sqrt(1+2*epsilon**2*E_n*L**2/(m*(Z_1*Z_2*q**2)**2))",
    "model_size": 48,
    "symbolic_model": "0.09867381*(x0*x1*sin(sin(x5**(-2))/x3)/x4 + x0*x1*x6/(x2*x3*x4*x5**2) + 0.9)**2 + 0.87826154",
    "mse_train": 0.029738700866194727,
    "mae_train": 0.02954783517277467,
    "r2_train": 0.8547269003746434,
    "mse_test": 0.042989375285387356,
    "mae_test": 0.03141117233486655,
    "r2_test": 0.8042535217364791
}