{
    "dataset": "feynman_test_6",
    "algorithm": "RILSROLSRegressor",
    "params": {
        "complexity_penalty": 0.001,
        "error_tolerance": 1e-16,
        "max_fit_calls": 1000000,
        "max_seconds": 7200,
        "random_state": 5390
    },
    "random_state": 5390,
    "process_time": 2929.609375,
    "time_time": 3001.7477402687073,
    "target_noise": 0.1,
    "feature_noise": 0.0,
    "true_model": " sqrt(1+2*epsilon**2*E_n*L**2/(m*(Z_1*Z_2*q**2)**2))",
    "model_size": 38,
    "symbolic_model": "0.33133853*2**x1*x0*x6/(x2*log(x3 + x4)**2/x3 + x3 + log(x3 + x4)**4)**x5 + 0.99451556",
    "mse_train": 0.039698248179015495,
    "mae_train": 0.13461646524351853,
    "r2_train": 0.8190507439421358,
    "mse_test": 0.024628153660302902,
    "mae_test": 0.06489303610622332,
    "r2_test": 0.8878589346057371
}