{
    "dataset": "feynman_test_6",
    "algorithm": "RILSROLSRegressor",
    "params": {
        "complexity_penalty": 0.001,
        "error_tolerance": 1e-16,
        "max_fit_calls": 1000000,
        "max_seconds": 7200,
        "random_state": 28020
    },
    "random_state": 28020,
    "process_time": 4206.0,
    "time_time": 5036.954542398453,
    "target_noise": 0.001,
    "feature_noise": 0.0,
    "true_model": " sqrt(1+2*epsilon**2*E_n*L**2/(m*(Z_1*Z_2*q**2)**2))",
    "model_size": 39,
    "symbolic_model": "3.14987008*x0*x1*sin(x5**(-2))/(x3*x4*(x2*x5/x6 + x5)) + 1.0209269 - 0.5607731/x5**2",
    "mse_train": 0.0038046504562980416,
    "mae_train": 0.038492347700397035,
    "r2_train": 0.9821609579903051,
    "mse_test": 0.003583561395690292,
    "mae_test": 0.03761400037050684,
    "r2_test": 0.9827623995288143
}