{
    "dataset": "feynman_test_6",
    "algorithm": "RILSROLSRegressor",
    "params": {
        "complexity_penalty": 0.001,
        "error_tolerance": 1e-16,
        "max_fit_calls": 1000000,
        "max_seconds": 7200,
        "random_state": 23654
    },
    "random_state": 23654,
    "process_time": 2812.703125,
    "time_time": 2814.7954003810883,
    "target_noise": 0.001,
    "feature_noise": 0.0,
    "true_model": " sqrt(1+2*epsilon**2*E_n*L**2/(m*(Z_1*Z_2*q**2)**2))",
    "model_size": 41,
    "symbolic_model": "0.98999657 + 1.32730821*(x0*x1 + x6**0.5)**2*sin(1/x5)/((x2**2 + x4**2*x5**3)*(x3 + 1/x6)**2)",
    "mse_train": 0.007973932197169176,
    "mae_train": 0.03611358676660569,
    "r2_train": 0.9596880876077497,
    "mse_test": 0.009581849768013488,
    "mae_test": 0.036478196895574196,
    "r2_test": 0.9556028406395979
}