{
    "dataset": "feynman_test_6",
    "algorithm": "RILSROLSRegressor",
    "params": {
        "complexity_penalty": 0.001,
        "error_tolerance": 1e-16,
        "max_fit_calls": 1000000,
        "max_seconds": 7200,
        "random_state": 21962
    },
    "random_state": 21962,
    "process_time": 4715.609375,
    "time_time": 4858.543144226074,
    "target_noise": 0.001,
    "feature_noise": 0.0,
    "true_model": " sqrt(1+2*epsilon**2*E_n*L**2/(m*(Z_1*Z_2*q**2)**2))",
    "model_size": 56,
    "symbolic_model": "2.30060609*x0**2*x6*log(x1)/(x3**2*x4*x5**3*(x2 + x4 - 0.5)) + 2.8989466*x0*log(x1)/(x4*x5**3*(x2*x3 + x4)) + 0.9797063",
    "mse_train": 0.0094327934783003,
    "mae_train": 0.03392362521944454,
    "r2_train": 0.9528361753434648,
    "mse_test": 0.0094808617889046,
    "mae_test": 0.034128721009505064,
    "r2_test": 0.9518742401276709
}