{
    "dataset": "feynman_II_24_17",
    "algorithm": "RILSROLSRegressor",
    "params": {
        "complexity_penalty": 0.001,
        "error_tolerance": 1e-16,
        "max_fit_calls": 1000000,
        "max_seconds": 7200,
        "random_state": 14423
    },
    "random_state": 14423,
    "process_time": 2334.0,
    "time_time": 2334.854172229767,
    "target_noise": 0.01,
    "feature_noise": 0.0,
    "true_model": " sqrt(omega**2/c**2-3.1415926535**2/d**2)",
    "model_size": 20,
    "symbolic_model": "1.00015097*x0/x1 - 5.2499169*x1/(x0*x2**2)",
    "mse_train": 0.0011728930549297272,
    "mae_train": 0.027207398879350454,
    "r2_train": 0.998412887631669,
    "mse_test": 5.033868171015876e-05,
    "mae_test": 0.005422925981605191,
    "r2_test": 0.9999330868126878
}