{
    "dataset": "feynman_II_24_17",
    "algorithm": "RILSROLSRegressor",
    "params": {
        "complexity_penalty": 0.001,
        "error_tolerance": 1e-16,
        "max_fit_calls": 1000000,
        "max_seconds": 7200,
        "random_state": 14423
    },
    "random_state": 14423,
    "process_time": 1943.140625,
    "time_time": 1944.8578860759735,
    "target_noise": 0.1,
    "feature_noise": 0.0,
    "true_model": " sqrt(omega**2/c**2-3.1415926535**2/d**2)",
    "model_size": 15,
    "symbolic_model": "1.04055084*x0/x1 + 0.24285651*log(x2) - 0.61291715",
    "mse_train": 0.11533412492544244,
    "mae_train": 0.270067569488777,
    "r2_train": 0.8647022762686999,
    "mse_test": 0.0025973736610959497,
    "mae_test": 0.040634806484560096,
    "r2_test": 0.996547415538106
}