{
    "dataset": "feynman_II_24_17",
    "algorithm": "RILSROLSRegressor",
    "params": {
        "complexity_penalty": 0.001,
        "error_tolerance": 1e-16,
        "max_fit_calls": 1000000,
        "max_seconds": 7200,
        "random_state": 29910
    },
    "random_state": 29910,
    "process_time": 2004.0625,
    "time_time": 2117.636089324951,
    "target_noise": 0.01,
    "feature_noise": 0.0,
    "true_model": " sqrt(omega**2/c**2-3.1415926535**2/d**2)",
    "model_size": 14,
    "symbolic_model": "1.06140402*x0/x1 - 1.16877512/x2",
    "mse_train": 0.0019843652485763783,
    "mae_train": 0.034317004611125024,
    "r2_train": 0.9973237726306768,
    "mse_test": 0.0008165948965522692,
    "mae_test": 0.019038464636490417,
    "r2_test": 0.9989004139311409
}