{
    "dataset": "feynman_II_24_17",
    "algorithm": "RILSROLSRegressor",
    "params": {
        "complexity_penalty": 0.001,
        "error_tolerance": 1e-16,
        "max_fit_calls": 1000000,
        "max_seconds": 7200,
        "random_state": 15795
    },
    "random_state": 15795,
    "process_time": 2582.03125,
    "time_time": 2600.890329837799,
    "target_noise": 0.1,
    "feature_noise": 0.0,
    "true_model": " sqrt(omega**2/c**2-3.1415926535**2/d**2)",
    "model_size": 31,
    "symbolic_model": "1.08321125*x0/x1**(0.8*x1) - 0.09356589*x1*sin(x2) + 0.26655432*exp(x1) + 0.56548923*sin(x1)**1125 - 1.41595475",
    "mse_train": 0.13341943038734744,
    "mae_train": 0.2904595115173868,
    "r2_train": 0.8450609265766793,
    "mse_test": 0.018948005338604072,
    "mae_test": 0.08938667190908497,
    "r2_test": 0.9743856676437047
}