{
    "dataset": "feynman_test_12",
    "algorithm": "RILSROLSRegressor",
    "params": {
        "complexity_penalty": 0.001,
        "error_tolerance": 1e-16,
        "max_fit_calls": 1000000,
        "max_seconds": 7200,
        "random_state": 23654
    },
    "random_state": 23654,
    "process_time": 3744.875,
    "time_time": 3749.2904963493347,
    "target_noise": 0.01,
    "feature_noise": 0.0,
    "true_model": " q/(4*3.1415926535*epsilon*y**2)*(4*3.1415926535*epsilon*Volt*d-q*d*y**3/(y**2-d**2)**2)",
    "model_size": 12,
    "symbolic_model": "0.99876664*x0*x2*x3/x1**2",
    "mse_train": 0.045073681223358475,
    "mae_train": 0.16987428050785588,
    "r2_train": 0.9997910405020198,
    "mse_test": 0.0006872968308620671,
    "mae_test": 0.017203090783291995,
    "r2_test": 0.9999967266709493
}