{
    "dataset": "feynman_test_12",
    "algorithm": "RILSROLSRegressor",
    "params": {
        "complexity_penalty": 0.001,
        "error_tolerance": 1e-16,
        "max_fit_calls": 1000000,
        "max_seconds": 7200,
        "random_state": 860
    },
    "random_state": 860,
    "process_time": 2779.421875,
    "time_time": 2780.923142194748,
    "target_noise": 0.1,
    "feature_noise": 0.0,
    "true_model": " q/(4*3.1415926535*epsilon*y**2)*(4*3.1415926535*epsilon*Volt*d-q*d*y**3/(y**2-d**2)**2)",
    "model_size": 58,
    "symbolic_model": "2.49030116*x0*x2*x3**0.5/(x1**2 + 1/x3) + 0.34743964*x0/(x1**2 + 1/(x0 - x2)) - 0.07024026*x3**0.5/(-x1**2 + x3 + 4.14159265) - 0.67282112",
    "mse_train": 104.05434819241692,
    "mae_train": 2.363869896608154,
    "r2_train": 0.5065755866325872,
    "mse_test": 1910.8305980050948,
    "mae_test": 1.720732078733543,
    "r2_test": -8.20134332209107
}