{
    "dataset": "feynman_test_12",
    "algorithm": "RILSROLSRegressor",
    "params": {
        "complexity_penalty": 0.001,
        "error_tolerance": 1e-16,
        "max_fit_calls": 1000000,
        "max_seconds": 7200,
        "random_state": 21962
    },
    "random_state": 21962,
    "process_time": 2907.921875,
    "time_time": 4341.28528213501,
    "target_noise": 0.01,
    "feature_noise": 0.0,
    "true_model": " q/(4*3.1415926535*epsilon*y**2)*(4*3.1415926535*epsilon*Volt*d-q*d*y**3/(y**2-d**2)**2)",
    "model_size": 10,
    "symbolic_model": "x0*x2*x3/x1**2",
    "mse_train": 0.04451395090290882,
    "mae_train": 0.1687194285180756,
    "r2_train": 0.9997905728378758,
    "mse_test": 0.0003463301533349037,
    "mae_test": 0.010466503480730822,
    "r2_test": 0.9999983143935494
}