{
    "dataset": "feynman_test_12",
    "algorithm": "RILSROLSRegressor",
    "params": {
        "complexity_penalty": 0.001,
        "error_tolerance": 1e-16,
        "max_fit_calls": 1000000,
        "max_seconds": 7200,
        "random_state": 14423
    },
    "random_state": 14423,
    "process_time": 2362.90625,
    "time_time": 2364.6430780887604,
    "target_noise": 0.0,
    "feature_noise": 0.0,
    "true_model": " q/(4*3.1415926535*epsilon*y**2)*(4*3.1415926535*epsilon*Volt*d-q*d*y**3/(y**2-d**2)**2)",
    "model_size": 10,
    "symbolic_model": "x0*x2*x3/x1**2",
    "mse_train": 0.00038200323934501956,
    "mae_train": 0.010570485152842575,
    "r2_train": 0.9999982593234427,
    "mse_test": 0.0003365072501420124,
    "mae_test": 0.010413697589739956,
    "r2_test": 0.9999984109900205
}