{
    "dataset": "feynman_test_12",
    "algorithm": "RILSROLSRegressor",
    "params": {
        "complexity_penalty": 0.001,
        "error_tolerance": 1e-16,
        "max_fit_calls": 1000000,
        "max_seconds": 7200,
        "random_state": 14423
    },
    "random_state": 14423,
    "process_time": 2214.78125,
    "time_time": 2215.0019998550415,
    "target_noise": 0.001,
    "feature_noise": 0.0,
    "true_model": " q/(4*3.1415926535*epsilon*y**2)*(4*3.1415926535*epsilon*Volt*d-q*d*y**3/(y**2-d**2)**2)",
    "model_size": 10,
    "symbolic_model": "x0*x2*x3/x1**2",
    "mse_train": 0.0008419396294280302,
    "mae_train": 0.02126132347197498,
    "r2_train": 0.999996163476733,
    "mse_test": 0.0003365072501420124,
    "mae_test": 0.010413697589739956,
    "r2_test": 0.9999984109900205
}