{
    "dataset": "feynman_test_12",
    "algorithm": "RILSROLSRegressor",
    "params": {
        "complexity_penalty": 0.001,
        "error_tolerance": 1e-16,
        "max_fit_calls": 1000000,
        "max_seconds": 7200,
        "random_state": 23654
    },
    "random_state": 23654,
    "process_time": 2478.71875,
    "time_time": 2479.3503580093384,
    "target_noise": 0.1,
    "feature_noise": 0.0,
    "true_model": " q/(4*3.1415926535*epsilon*y**2)*(4*3.1415926535*epsilon*Volt*d-q*d*y**3/(y**2-d**2)**2)",
    "model_size": 50,
    "symbolic_model": "0.24738889*x0*(x2 + x3)**2/x1**2 - 0.12972599*((x0/x4 + x1 + x2 - 0.84147098*x3)**(-2))**0.5 + 1.06026754 - 0.38196536*x3**2/(x1*x2)",
    "mse_train": 12.856299824295133,
    "mae_train": 1.9852473671988398,
    "r2_train": 0.9415694318814487,
    "mse_test": 82.60197824142766,
    "mae_test": 0.9028988899056909,
    "r2_test": 0.6065987170532637
}