{
    "dataset": "feynman_test_12",
    "algorithm": "RILSROLSRegressor",
    "params": {
        "complexity_penalty": 0.001,
        "error_tolerance": 1e-16,
        "max_fit_calls": 1000000,
        "max_seconds": 7200,
        "random_state": 15795
    },
    "random_state": 15795,
    "process_time": 2995.078125,
    "time_time": 3010.204666376114,
    "target_noise": 0.1,
    "feature_noise": 0.0,
    "true_model": " q/(4*3.1415926535*epsilon*y**2)*(4*3.1415926535*epsilon*Volt*d-q*d*y**3/(y**2-d**2)**2)",
    "model_size": 46,
    "symbolic_model": "0.98736542*x0*x2*x3/x1**2 - 4.78240561 + 0.04708693/(x2 - x3) + 9.60958075/x1 - 0.21518358*x3**2/x1**4 + 2.6637253/x0**2",
    "mse_train": 73.3735692912468,
    "mae_train": 1.9860490662793524,
    "r2_train": 0.6601954059120243,
    "mse_test": 21.24271495752572,
    "mae_test": 0.8746648249423974,
    "r2_test": 0.9020782827701354
}