{
    "dataset": "feynman_I_39_22",
    "algorithm": "RILSROLSRegressor",
    "params": {
        "complexity_penalty": 0.001,
        "error_tolerance": 1e-16,
        "max_fit_calls": 1000000,
        "max_seconds": 7200,
        "random_state": 15795
    },
    "random_state": 15795,
    "process_time": 1927.328125,
    "time_time": 1927.5062274932861,
    "target_noise": 0.001,
    "feature_noise": 0.0,
    "true_model": " n*kb*T/V",
    "model_size": 10,
    "symbolic_model": "x0*x1*x3/x2",
    "mse_train": 0.00021493257078790453,
    "mae_train": 0.011705634448944437,
    "r2_train": 0.9999978395898335,
    "mse_test": 1.7054773533304523e-29,
    "mae_test": 2.3069302024225636e-15,
    "r2_test": 1.0
}