{
    "dataset": "feynman_I_39_22",
    "algorithm": "RILSROLSRegressor",
    "params": {
        "complexity_penalty": 0.001,
        "error_tolerance": 1e-16,
        "max_fit_calls": 1000000,
        "max_seconds": 7200,
        "random_state": 860
    },
    "random_state": 860,
    "process_time": 4.640625,
    "time_time": 4.6340014934539795,
    "target_noise": 0.0,
    "feature_noise": 0.0,
    "true_model": " n*kb*T/V",
    "model_size": 10,
    "symbolic_model": "x0*x1*x3/x2",
    "mse_train": 1.7173325029255335e-29,
    "mae_train": 2.304612056747146e-15,
    "r2_train": 1.0,
    "mse_test": 1.6715072031626954e-29,
    "mae_test": 2.2890556117260984e-15,
    "r2_test": 1.0
}