{
    "dataset": "feynman_I_39_22",
    "algorithm": "RILSROLSRegressor",
    "params": {
        "complexity_penalty": 0.001,
        "error_tolerance": 1e-16,
        "max_fit_calls": 1000000,
        "max_seconds": 7200,
        "random_state": 5390
    },
    "random_state": 5390,
    "process_time": 5.109375,
    "time_time": 5.115578651428223,
    "target_noise": 0.0,
    "feature_noise": 0.0,
    "true_model": " n*kb*T/V",
    "model_size": 10,
    "symbolic_model": "x0*x1*x3/x2",
    "mse_train": 1.653964045966228e-29,
    "mae_train": 2.2831847523718808e-15,
    "r2_train": 1.0,
    "mse_test": 1.673953386874076e-29,
    "mae_test": 2.2841128988204674e-15,
    "r2_test": 1.0
}