{
    "dataset": "feynman_I_32_17",
    "algorithm": "RILSROLSRegressor",
    "params": {
        "complexity_penalty": 0.001,
        "error_tolerance": 1e-16,
        "max_fit_calls": 1000000,
        "max_seconds": 7200,
        "random_state": 860
    },
    "random_state": 860,
    "process_time": 4596.21875,
    "time_time": 4712.124354362488,
    "target_noise": 0.001,
    "feature_noise": 0.0,
    "true_model": " (1/2*epsilon*c*Ef**2)*(8*3.1415926535*r**2/3)*(omega**4/(omega**2-omega_0**2)**2)",
    "model_size": 74,
    "symbolic_model": "0.75366168*2**x0*x0*x2**2*x4**4*(x1 + 2)**x3/(x0/x4 + 1 + x5/x4 + 1/x1)**x5 + 0.04082789*x1*x2**2*x3*x4*(x0 + x3*x4)**2/(-x4 + 0.90909091*x5)**2",
    "mse_train": 0.07066979623937579,
    "mae_train": 0.11892345923134134,
    "r2_train": 0.9964326526477356,
    "mse_test": 0.08001076902191886,
    "mae_test": 0.1229611192303619,
    "r2_test": 0.9964992735431231
}