{
    "dataset": "feynman_I_32_17",
    "algorithm": "RILSROLSRegressor",
    "params": {
        "complexity_penalty": 0.001,
        "error_tolerance": 1e-16,
        "max_fit_calls": 1000000,
        "max_seconds": 7200,
        "random_state": 23654
    },
    "random_state": 23654,
    "process_time": 3805.234375,
    "time_time": 3811.7127261161804,
    "target_noise": 0.01,
    "feature_noise": 0.0,
    "true_model": " (1/2*epsilon*c*Ef**2)*(8*3.1415926535*r**2/3)*(omega**4/(omega**2-omega_0**2)**2)",
    "model_size": 48,
    "symbolic_model": "0.12285297*x0*x2 + 113.14585575*x2**2*x3**2*x4**2*(x0*log(x4**2) + x1)**2/((x5 + 0.5)**2*(x5 + sin(x4 + 1.1))**4) - 0.18488696",
    "mse_train": 0.09830638595397723,
    "mae_train": 0.14958342104611946,
    "r2_train": 0.9954104441017234,
    "mse_test": 0.09104891870129037,
    "mae_test": 0.13776020094037658,
    "r2_test": 0.9958108302952813
}