{
    "dataset": "feynman_I_32_17",
    "algorithm": "RILSROLSRegressor",
    "params": {
        "complexity_penalty": 0.001,
        "error_tolerance": 1e-16,
        "max_fit_calls": 1000000,
        "max_seconds": 7200,
        "random_state": 21962
    },
    "random_state": 21962,
    "process_time": 5450.296875,
    "time_time": 5710.358823299408,
    "target_noise": 0.001,
    "feature_noise": 0.0,
    "true_model": " (1/2*epsilon*c*Ef**2)*(8*3.1415926535*r**2/3)*(omega**4/(omega**2-omega_0**2)**2)",
    "model_size": 61,
    "symbolic_model": "-0.02976662*4**(x1 + x4)*x0*x2**2*x3**2*sin(x4/(x4 - x5)**3)/x1 + 8.59790763*x2**2*log(x3**2)*sin(x0*log(x4)/(x5 + cos(2*x1))**3) + 0.02116243",
    "mse_train": 0.09063515723584648,
    "mae_train": 0.102974639060538,
    "r2_train": 0.9957123854668029,
    "mse_test": 0.16023042912727933,
    "mae_test": 0.10799763767887419,
    "r2_test": 0.9927961627613326
}