{
    "dataset": "feynman_I_32_17",
    "algorithm": "RILSROLSRegressor",
    "params": {
        "complexity_penalty": 0.001,
        "error_tolerance": 1e-16,
        "max_fit_calls": 1000000,
        "max_seconds": 7200,
        "random_state": 860
    },
    "random_state": 860,
    "process_time": 3476.09375,
    "time_time": 3476.4399030208588,
    "target_noise": 0.0,
    "feature_noise": 0.0,
    "true_model": " (1/2*epsilon*c*Ef**2)*(8*3.1415926535*r**2/3)*(omega**4/(omega**2-omega_0**2)**2)",
    "model_size": 74,
    "symbolic_model": "0.75443288*2**x0*x0*x2**2*x4**4*(x1 + 2)**x3/(x0/x4 + 1 + x5/x4 + 1/x1)**x5 + 0.04077998*x1*x2**2*x3*x4*(x0 + x3*x4)**2/(-x4 + 0.90909091*x5)**2",
    "mse_train": 0.07038958669775673,
    "mae_train": 0.11854787805189758,
    "r2_train": 0.9964467673901772,
    "mse_test": 0.07976715148554314,
    "mae_test": 0.12272378179666901,
    "r2_test": 0.9965099325877164
}