{
    "dataset": "feynman_I_32_17",
    "algorithm": "RILSROLSRegressor",
    "params": {
        "complexity_penalty": 0.001,
        "error_tolerance": 1e-16,
        "max_fit_calls": 1000000,
        "max_seconds": 7200,
        "random_state": 23654
    },
    "random_state": 23654,
    "process_time": 3898.71875,
    "time_time": 3898.978965997696,
    "target_noise": 0.0,
    "feature_noise": 0.0,
    "true_model": " (1/2*epsilon*c*Ef**2)*(8*3.1415926535*r**2/3)*(omega**4/(omega**2-omega_0**2)**2)",
    "model_size": 84,
    "symbolic_model": "-0.11944869*x0*x2*x3 + 1.08764265*x0*x2*x3/((0.5 + 2/(x1*x2*x3))*(-0.5 - 1/(0.9486833 + 2/(x1*x2*x3)) + x5/x4)**2) + 0.13312202*x0*x2*x3/(-1 + 0.82352941*x5/x4)**2",
    "mse_train": 0.6387200666372671,
    "mae_train": 0.13366067253499633,
    "r2_train": 0.9701716775442542,
    "mse_test": 0.8144865098346904,
    "mae_test": 0.1415805943433203,
    "r2_test": 0.9625253955722904
}