{
    "dataset": "feynman_I_32_17",
    "algorithm": "RILSROLSRegressor",
    "params": {
        "complexity_penalty": 0.001,
        "error_tolerance": 1e-16,
        "max_fit_calls": 1000000,
        "max_seconds": 7200,
        "random_state": 29910
    },
    "random_state": 29910,
    "process_time": 6640.5,
    "time_time": 6659.4890396595,
    "target_noise": 0.001,
    "feature_noise": 0.0,
    "true_model": " (1/2*epsilon*c*Ef**2)*(8*3.1415926535*r**2/3)*(omega**4/(omega**2-omega_0**2)**2)",
    "model_size": 62,
    "symbolic_model": "3.03638437*x0*x1*x3*x4*x4**x3/(((x4 - x5 + 0.5)**2 + x3**(-10) + x5/x2)*(-x2 - x4 + x5 + 1 + 1/x4)) + 0.10128356*x2*x5 - 0.81374573",
    "mse_train": 0.20535642296946102,
    "mae_train": 0.22267416867386372,
    "r2_train": 0.9914929956999078,
    "mse_test": 0.16972984853416856,
    "mae_test": 0.21493284099257057,
    "r2_test": 0.9921509496209944
}