{
    "dataset": "feynman_III_19_51",
    "algorithm": "RILSROLSRegressor",
    "params": {
        "complexity_penalty": 0.001,
        "error_tolerance": 1e-16,
        "fitness_type": "FitnessType.BIC",
        "initial_sample_size": 0.01,
        "max_fit_calls": 1000000,
        "max_seconds": 7200,
        "random_perturbations_order": false,
        "random_state": 15795,
        "verbose": false
    },
    "random_state": 15795,
    "process_time": 2317.921875,
    "time_time": 2318.1388688087463,
    "target_noise": 0.001,
    "feature_noise": 0.0,
    "true_model": " -m*q**4/(2*(4*3.1415926535*epsilon)**2*(h/(2*3.1415926535))**2)*(1/n**2)",
    "model_size": 20,
    "symbolic_model": "-0.1250095*x0*x1**4/(x2**2*x3**2*x4**2)",
    "mse_train": 3.6245351306534926e-06,
    "mae_train": 0.0015197492321752696,
    "r2_train": 0.9999989417305927,
    "mse_test": 2.3869052575578327e-08,
    "mae_test": 3.39938038598715e-05,
    "r2_test": 0.9999999939301382
}