{
    "dataset": "feynman_III_19_51",
    "algorithm": "RILSROLSRegressor",
    "params": {
        "complexity_penalty": 0.001,
        "error_tolerance": 1e-16,
        "fitness_type": "FitnessType.BIC",
        "initial_sample_size": 0.01,
        "max_fit_calls": 1000000,
        "max_seconds": 7200,
        "random_perturbations_order": false,
        "random_state": 23654,
        "verbose": false
    },
    "random_state": 23654,
    "process_time": 130.28125,
    "time_time": 131.1485984325409,
    "target_noise": 0.0,
    "feature_noise": 0.0,
    "true_model": " -m*q**4/(2*(4*3.1415926535*epsilon)**2*(h/(2*3.1415926535))**2)*(1/n**2)",
    "model_size": 20,
    "symbolic_model": "-0.125*x0*x1**4/(x2**2*x3**2*x4**2)",
    "mse_train": 1.439613068721742e-30,
    "mae_train": 2.476667471367627e-16,
    "r2_train": 1.0,
    "mse_test": 1.1258381283573331e-30,
    "mae_test": 2.309413100478556e-16,
    "r2_test": 1.0
}