{
    "dataset": "feynman_I_6_2",
    "algorithm": "RILSROLSRegressor",
    "params": {
        "complexity_penalty": 0.001,
        "error_tolerance": 1e-16,
        "fitness_type": "FitnessType.BIC",
        "initial_sample_size": 0.01,
        "max_fit_calls": 1000000,
        "max_seconds": 7200,
        "random_perturbations_order": false,
        "random_state": 28020,
        "verbose": false
    },
    "random_state": 28020,
    "process_time": 3486.25,
    "time_time": 3486.5005741119385,
    "target_noise": 0.0,
    "feature_noise": 0.0,
    "true_model": " exp(-(theta/sigma)**2/2)/(sqrt(2*3.1415926535)*sigma)",
    "model_size": 65,
    "symbolic_model": "0.32607989*x0/(x0 + 1 + x1**2/x0**2 + x0**(-2)) + 0.21733206*x1/(x0**2 + x0 + 0.8) - 0.30544374 + 1.07886731/(2*x0 + x1**2/x0**2) + 0.02478664*cos(x1)/(x0 - 0.5)",
    "mse_train": 2.810277676402647e-07,
    "mae_train": 0.00039595712200421793,
    "r2_train": 0.9998481137075664,
    "mse_test": 2.726792568166868e-07,
    "mae_test": 0.0003925210121544988,
    "r2_test": 0.9998495170994318
}