{
    "dataset": "feynman_I_6_2a",
    "algorithm": "RILSROLSRegressor",
    "params": {
        "complexity_penalty": 0.001,
        "error_tolerance": 1e-16,
        "max_fit_calls": 1000000,
        "max_seconds": 7200,
        "random_state": 5390
    },
    "random_state": 5390,
    "process_time": 4194.15625,
    "time_time": 4194.889609098434,
    "target_noise": 0.01,
    "feature_noise": 0.0,
    "true_model": " exp(-theta**2/2)/sqrt(2*3.1415926535)",
    "model_size": 10,
    "symbolic_model": "-0.0073614 + 0.25025583/x0**x0",
    "mse_train": 2.0881893800939527e-06,
    "mae_train": 0.0011623920066930328,
    "r2_train": 0.999573985771169,
    "mse_test": 9.88933945000148e-07,
    "mae_test": 0.000840573620685262,
    "r2_test": 0.9997986924271812
}