{
    "dataset": "feynman_I_6_2a",
    "algorithm": "RILSROLSRegressor",
    "params": {
        "complexity_penalty": 0.001,
        "error_tolerance": 1e-16,
        "max_fit_calls": 1000000,
        "max_seconds": 7200,
        "random_state": 860
    },
    "random_state": 860,
    "process_time": 4027.09375,
    "time_time": 4112.699916601181,
    "target_noise": 0.01,
    "feature_noise": 0.0,
    "true_model": " exp(-theta**2/2)/sqrt(2*3.1415926535)",
    "model_size": 9,
    "symbolic_model": "0.1792377*2.7**cos(x0) - 0.06345094",
    "mse_train": 1.7377270451777514e-06,
    "mae_train": 0.0010623054638503042,
    "r2_train": 0.9996471295408582,
    "mse_test": 6.283990438854057e-07,
    "mae_test": 0.0007169054986457787,
    "r2_test": 0.999872730209209
}