{
    "dataset": "feynman_I_6_2a",
    "algorithm": "RILSROLSRegressor",
    "params": {
        "complexity_penalty": 0.001,
        "error_tolerance": 1e-16,
        "max_fit_calls": 1000000,
        "max_seconds": 7200,
        "random_state": 29910
    },
    "random_state": 29910,
    "process_time": 3381.921875,
    "time_time": 3382.785805940628,
    "target_noise": 0.01,
    "feature_noise": 0.0,
    "true_model": " exp(-theta**2/2)/sqrt(2*3.1415926535)",
    "model_size": 9,
    "symbolic_model": "0.17936473*2.7**cos(x0) - 0.06341498",
    "mse_train": 1.756726616747725e-06,
    "mae_train": 0.0010686121580018527,
    "r2_train": 0.9996418456057998,
    "mse_test": 6.227443212308599e-07,
    "mae_test": 0.0007061396078815335,
    "r2_test": 0.9998734275098956
}