{
    "dataset": "feynman_I_6_2a",
    "algorithm": "RILSROLSRegressor",
    "params": {
        "complexity_penalty": 0.001,
        "error_tolerance": 1e-16,
        "max_fit_calls": 1000000,
        "max_seconds": 7200,
        "random_state": 15795
    },
    "random_state": 15795,
    "process_time": 3974.140625,
    "time_time": 3974.8709461688995,
    "target_noise": 0.01,
    "feature_noise": 0.0,
    "true_model": " exp(-theta**2/2)/sqrt(2*3.1415926535)",
    "model_size": 10,
    "symbolic_model": "-0.00742902 + 0.24993495/x0**x0",
    "mse_train": 2.1040932872184254e-06,
    "mae_train": 0.001165801286781215,
    "r2_train": 0.9995759169636204,
    "mse_test": 1.0189258442944228e-06,
    "mae_test": 0.0008580078514877512,
    "r2_test": 0.9997923610254977
}