{
    "dataset": "feynman_I_6_2a",
    "algorithm": "RILSROLSRegressor",
    "params": {
        "complexity_penalty": 0.001,
        "error_tolerance": 1e-16,
        "max_fit_calls": 1000000,
        "max_seconds": 7200,
        "random_state": 16850
    },
    "random_state": 16850,
    "process_time": 3823.1875,
    "time_time": 3823.887076854706,
    "target_noise": 0.001,
    "feature_noise": 0.0,
    "true_model": " exp(-theta**2/2)/sqrt(2*3.1415926535)",
    "model_size": 10,
    "symbolic_model": "0.40333027*0.6**(x0**2) + 0.00120623",
    "mse_train": 2.916659228036639e-07,
    "mae_train": 0.0004696554437329008,
    "r2_train": 0.9999411441224064,
    "mse_test": 2.805252740727223e-07,
    "mae_test": 0.0004651459480366388,
    "r2_test": 0.9999430939557099
}