{
    "dataset": "feynman_I_6_2a",
    "algorithm": "RILSROLSRegressor",
    "params": {
        "complexity_penalty": 0.001,
        "error_tolerance": 1e-16,
        "max_fit_calls": 1000000,
        "max_seconds": 7200,
        "random_state": 4426
    },
    "random_state": 4426,
    "process_time": 4287.515625,
    "time_time": 5308.812482118607,
    "target_noise": 0.01,
    "feature_noise": 0.0,
    "true_model": " exp(-theta**2/2)/sqrt(2*3.1415926535)",
    "model_size": 9,
    "symbolic_model": "0.17201165*2.82743339**cos(x0) - 0.0570927",
    "mse_train": 1.7809996271797467e-06,
    "mae_train": 0.001067317010986894,
    "r2_train": 0.9996343190511185,
    "mse_test": 6.86452301354254e-07,
    "mae_test": 0.0006630922750217982,
    "r2_test": 0.9998606852995836
}