{
    "dataset": "feynman_I_6_2a",
    "algorithm": "RILSROLSRegressor",
    "params": {
        "complexity_penalty": 0.001,
        "error_tolerance": 1e-16,
        "max_fit_calls": 1000000,
        "max_seconds": 7200,
        "random_state": 28020
    },
    "random_state": 28020,
    "process_time": 3487.546875,
    "time_time": 3490.473999977112,
    "target_noise": 0.0,
    "feature_noise": 0.0,
    "true_model": " exp(-theta**2/2)/sqrt(2*3.1415926535)",
    "model_size": 9,
    "symbolic_model": "0.17237628*2.82743339**cos(x0) - 0.05727786",
    "mse_train": 6.502204434795858e-07,
    "mae_train": 0.0006461908287336274,
    "r2_train": 0.9998672659882432,
    "mse_test": 6.428899888684972e-07,
    "mae_test": 0.0006414308947623253,
    "r2_test": 0.9998681217340578
}