{
    "dataset": "strogatz_vdp2",
    "algorithm": "RILSROLSRegressor",
    "params": {
        "complexity_penalty": 0.001,
        "error_tolerance": 1e-16,
        "max_fit_calls": 1000000,
        "max_seconds": 7200,
        "random_state": 23654
    },
    "random_state": 23654,
    "process_time": 2074.515625,
    "time_time": 2085.60666847229,
    "target_noise": 0.1,
    "feature_noise": 0.0,
    "true_model": " -(1)/(10) * x",
    "model_size": 4,
    "symbolic_model": "-0.09916178*x0",
    "mse_train": 0.00011287702560914288,
    "mae_train": 0.008450385445954632,
    "r2_train": 0.9861364958258032,
    "mse_test": 7.768658492843377e-07,
    "mae_test": 0.0008444691322079074,
    "r2_test": 0.9999154406537616
}