{
    "dataset": "strogatz_vdp2",
    "algorithm": "RILSROLSRegressor",
    "params": {
        "complexity_penalty": 0.001,
        "error_tolerance": 1e-16,
        "max_fit_calls": 1000000,
        "max_seconds": 7200,
        "random_state": 5390
    },
    "random_state": 5390,
    "process_time": 0.8125,
    "time_time": 0.8109960556030273,
    "target_noise": 0.0,
    "feature_noise": 0.0,
    "true_model": " -(1)/(10) * x",
    "model_size": 4,
    "symbolic_model": "-0.1*x0",
    "mse_train": 4.261019205765123e-33,
    "mae_train": 1.948211918757307e-17,
    "r2_train": 1.0,
    "mse_test": 1.0859897659224289e-32,
    "mae_test": 2.439021207223391e-17,
    "r2_test": 1.0
}