{
    "dataset": "strogatz_vdp2",
    "algorithm": "RILSROLSRegressor",
    "params": {
        "complexity_penalty": 0.001,
        "error_tolerance": 1e-16,
        "max_fit_calls": 1000000,
        "max_seconds": 7200,
        "random_state": 4426
    },
    "random_state": 4426,
    "process_time": 0.90625,
    "time_time": 0.9100029468536377,
    "target_noise": 0.0,
    "feature_noise": 0.0,
    "true_model": " -(1)/(10) * x",
    "model_size": 4,
    "symbolic_model": "-0.1*x0",
    "mse_train": 4.221217750709181e-33,
    "mae_train": 1.8548982517787213e-17,
    "r2_train": 1.0,
    "mse_test": 1.0979302024392114e-32,
    "mae_test": 2.718962208159148e-17,
    "r2_test": 1.0
}