{
    "dataset": "feynman_III_15_12",
    "algorithm": "RILSROLSRegressor",
    "params": {
        "complexity_penalty": 0.001,
        "error_tolerance": 1e-16,
        "fitness_type": "FitnessType.BIC",
        "initial_sample_size": 0.01,
        "max_fit_calls": 1000000,
        "max_seconds": 7200,
        "random_perturbations_order": false,
        "random_state": 23654,
        "verbose": false
    },
    "random_state": 23654,
    "process_time": 2065.328125,
    "time_time": 2065.593019723892,
    "target_noise": 0.001,
    "feature_noise": 0.0,
    "true_model": " 2*U*(1-cos(k*d))",
    "model_size": 11,
    "symbolic_model": "x0*(1.99958302 - 2.00017564*cos(x1*x2))",
    "mse_train": 6.755775342657286e-05,
    "mae_train": 0.006565817798681577,
    "r2_train": 0.9999974364358613,
    "mse_test": 1.8905389251880506e-06,
    "mae_test": 0.001227427308699817,
    "r2_test": 0.9999999277376681
}