{
    "dataset": "feynman_I_39_22",
    "algorithm": "RILSROLSRegressor",
    "params": {
        "complexity_penalty": 0.001,
        "error_tolerance": 1e-16,
        "fitness_type": "FitnessType.BIC",
        "initial_sample_size": 0.01,
        "max_fit_calls": 1000000,
        "max_seconds": 7200,
        "random_perturbations_order": false,
        "random_state": 23654,
        "verbose": false
    },
    "random_state": 23654,
    "process_time": 1874.59375,
    "time_time": 1874.9215557575226,
    "target_noise": 0.001,
    "feature_noise": 0.0,
    "true_model": " n*kb*T/V",
    "model_size": 10,
    "symbolic_model": "x0*x1*x3/x2",
    "mse_train": 0.00021728720501409815,
    "mae_train": 0.011788697749999737,
    "r2_train": 0.9999978335330604,
    "mse_test": 1.6637214911548103e-29,
    "mae_test": 2.3009083527369967e-15,
    "r2_test": 1.0
}