{
    "dataset": "strogatz_shearflow1",
    "algorithm": "RILSROLSRegressor",
    "params": {
        "complexity_penalty": 0.001,
        "error_tolerance": 1e-16,
        "max_fit_calls": 1000000,
        "max_seconds": 7200,
        "random_state": 21962
    },
    "random_state": 21962,
    "process_time": 2331.34375,
    "time_time": 2331.6032061576843,
    "target_noise": 0.01,
    "feature_noise": 0.0,
    "true_model": " cot(y) * cos(x)",
    "model_size": 38,
    "symbolic_model": "-0.50934917*x1*cos(x0) - 0.66449433*x1*cos(x0)/(0.6*x1 + x1/cos(x1))**2 - 0.00325892 + 1.25880607*cos(x0)/x1",
    "mse_train": 0.0015231912391467713,
    "mae_train": 0.011276022630099004,
    "r2_train": 0.9962989148130887,
    "mse_test": 0.0022539401440178674,
    "mae_test": 0.012241210368636752,
    "r2_test": 0.9881562245546626
}