{
    "dataset": "strogatz_shearflow1",
    "algorithm": "RILSROLSRegressor",
    "params": {
        "complexity_penalty": 0.001,
        "error_tolerance": 1e-16,
        "max_fit_calls": 1000000,
        "max_seconds": 7200,
        "random_state": 860
    },
    "random_state": 860,
    "process_time": 2642.0,
    "time_time": 2642.436328649521,
    "target_noise": 0.01,
    "feature_noise": 0.0,
    "true_model": " cot(y) * cos(x)",
    "model_size": 38,
    "symbolic_model": "-2.28960549*x0*cos(0.5/x1) + 2.21283986*x0 + 0.10042226*x1 - 1.05213777*cos(0.9486833/x0) - 2.43962978*cos(cos(x1)**2) + 3.50094178",
    "mse_train": 0.5178503314830979,
    "mae_train": 0.1275847182689254,
    "r2_train": -0.5531319242481327,
    "mse_test": 1.4388831193856475,
    "mae_test": 0.2577289877896645,
    "r2_test": -2.352664396648738
}