{
    "dataset": "strogatz_shearflow1",
    "algorithm": "RILSROLSRegressor",
    "params": {
        "complexity_penalty": 0.001,
        "error_tolerance": 1e-16,
        "max_fit_calls": 1000000,
        "max_seconds": 7200,
        "random_state": 5390
    },
    "random_state": 5390,
    "process_time": 2531.890625,
    "time_time": 2531.9829952716827,
    "target_noise": 0.0,
    "feature_noise": 0.0,
    "true_model": " cot(y) * cos(x)",
    "model_size": 34,
    "symbolic_model": "-1.08927913*exp(1/x1) + 0.00129637*exp(x1**2) - 6.15e-6*exp(3.14159265*x0*x1) + 1.3506047 + 1.91621348/(x1 + sin(x1))",
    "mse_train": 0.011795109457737396,
    "mae_train": 0.056913621734780644,
    "r2_train": 0.9647559036703662,
    "mse_test": 0.025510769081511557,
    "mae_test": 0.07776164428800506,
    "r2_test": 0.9401004389212058
}