{
    "dataset": "feynman_III_4_32",
    "algorithm": "RILSROLSRegressor",
    "params": {
        "complexity_penalty": 0.001,
        "error_tolerance": 1e-16,
        "fitness_type": "FitnessType.BIC",
        "initial_sample_size": 0.01,
        "max_fit_calls": 1000000,
        "max_seconds": 7200,
        "random_perturbations_order": false,
        "random_state": 14423,
        "verbose": false
    },
    "random_state": 14423,
    "process_time": 2417.96875,
    "time_time": 2418.507035970688,
    "target_noise": 0.0,
    "feature_noise": 0.0,
    "true_model": " 1/(exp((h/(2*3.1415926535))*omega/(kb*T))-1)",
    "model_size": 30,
    "symbolic_model": "0.01309001*x0*x1/(x2*x3) - 0.49976498 + 6.28314101*x2*x3/(x0*x1)",
    "mse_train": 2.5148080694850674e-07,
    "mae_train": 9.763681628983256e-05,
    "r2_train": 0.9999999970349464,
    "mse_test": 3.034910437441912e-07,
    "mae_test": 0.00010369444178828129,
    "r2_test": 0.9999999964783658
}