{
    "dataset": "feynman_III_14_14",
    "algorithm": "RILSROLSRegressor",
    "params": {
        "complexity_penalty": 0.001,
        "error_tolerance": 1e-16,
        "fitness_type": "FitnessType.BIC",
        "initial_sample_size": 0.01,
        "max_fit_calls": 1000000,
        "max_seconds": 7200,
        "random_perturbations_order": false,
        "random_state": 23654,
        "verbose": false
    },
    "random_state": 23654,
    "process_time": 3461.40625,
    "time_time": 3479.03310751915,
    "target_noise": 0.0,
    "feature_noise": 0.0,
    "true_model": " I_0*(exp(q*Volt/(kb*T))-1)",
    "model_size": 44,
    "symbolic_model": "0.00512398*x0*x1**8*x2**6/(x3**8*x4**7) + 1.37687413*x0*x1**2*x2**2/(x3**2*x4**2) + 0.32657514*x0",
    "mse_train": 0.49959434922274265,
    "mae_train": 0.10365166891394367,
    "r2_train": 0.9884755352252408,
    "mse_test": 1.523245172271595,
    "mae_test": 0.12760990151794827,
    "r2_test": 0.9689179605759448
}