{
    "dataset": "feynman_III_14_14",
    "algorithm": "RILSROLSRegressor",
    "params": {
        "complexity_penalty": 0.001,
        "error_tolerance": 1e-16,
        "fitness_type": "FitnessType.BIC",
        "initial_sample_size": 0.01,
        "max_fit_calls": 1000000,
        "max_seconds": 7200,
        "random_perturbations_order": false,
        "random_state": 28020,
        "verbose": false
    },
    "random_state": 28020,
    "process_time": 3195.984375,
    "time_time": 3198.284038066864,
    "target_noise": 0.0,
    "feature_noise": 0.0,
    "true_model": " I_0*(exp(q*Volt/(kb*T))-1)",
    "model_size": 40,
    "symbolic_model": "0.47943028*x0*x1**3*x2**3/(x3**3*x4**3) + 1.27812325*x0*x1*x2/(x3*x4) - 0.04482049*x0",
    "mse_train": 0.2331396605917134,
    "mae_train": 0.06149635177081693,
    "r2_train": 0.9949896333837327,
    "mse_test": 0.21924527504213184,
    "mae_test": 0.05807661683884009,
    "r2_test": 0.9951209828010545
}