{
    "dataset": "feynman_III_14_14",
    "algorithm": "RILSROLSRegressor",
    "params": {
        "complexity_penalty": 0.001,
        "error_tolerance": 1e-16,
        "fitness_type": "FitnessType.BIC",
        "initial_sample_size": 0.01,
        "max_fit_calls": 1000000,
        "max_seconds": 7200,
        "random_perturbations_order": false,
        "random_state": 16850,
        "verbose": false
    },
    "random_state": 16850,
    "process_time": 3206.578125,
    "time_time": 3206.828805208206,
    "target_noise": 0.0,
    "feature_noise": 0.0,
    "true_model": " I_0*(exp(q*Volt/(kb*T))-1)",
    "model_size": 47,
    "symbolic_model": "1.40176103*x0*x1**2*x2**2/(x3**2*x4**2) + 0.31316796*x0 + 1.29623828*x2**8*sin(0.0013018*x0*x1**8)/(x3**8*x4**8)",
    "mse_train": 1.0940271305867513,
    "mae_train": 0.10017539034681731,
    "r2_train": 0.9771237313225899,
    "mse_test": 1.245330351784757,
    "mae_test": 0.09708754890309014,
    "r2_test": 0.9744361986530129
}