{
    "dataset": "feynman_III_14_14",
    "algorithm": "RILSROLSRegressor",
    "params": {
        "complexity_penalty": 0.001,
        "error_tolerance": 1e-16,
        "fitness_type": "FitnessType.BIC",
        "initial_sample_size": 0.01,
        "max_fit_calls": 1000000,
        "max_seconds": 7200,
        "random_perturbations_order": false,
        "random_state": 860,
        "verbose": false
    },
    "random_state": 860,
    "process_time": 3021.75,
    "time_time": 3021.888712644577,
    "target_noise": 0.0,
    "feature_noise": 0.0,
    "true_model": " I_0*(exp(q*Volt/(kb*T))-1)",
    "model_size": 48,
    "symbolic_model": "1.38614575*x0*x1**2*x2**2/(x3**2*x4**2) + 0.32576044*x0 + 0.0002459*x1**8*x2**8*(x0 + x1)**2/(x3**8*x4**8)",
    "mse_train": 3.9780598559974787,
    "mae_train": 0.14139158915534836,
    "r2_train": 0.9137963427373083,
    "mse_test": 2.46063109908513,
    "mae_test": 0.14797842907723863,
    "r2_test": 0.9500486736220688
}