{
    "dataset": "feynman_III_14_14",
    "algorithm": "RILSROLSRegressor",
    "params": {
        "complexity_penalty": 0.001,
        "error_tolerance": 1e-16,
        "fitness_type": "FitnessType.BIC",
        "initial_sample_size": 0.01,
        "max_fit_calls": 1000000,
        "max_seconds": 7200,
        "random_perturbations_order": false,
        "random_state": 23654,
        "verbose": false
    },
    "random_state": 23654,
    "process_time": 3508.390625,
    "time_time": 3508.7413578033447,
    "target_noise": 0.001,
    "feature_noise": 0.0,
    "true_model": " I_0*(exp(q*Volt/(kb*T))-1)",
    "model_size": 44,
    "symbolic_model": "0.00511885*x0*x1**8*x2**6/(x3**8*x4**7) + 1.37736488*x0*x1**2*x2**2/(x3**2*x4**2) + 0.32645353*x0",
    "mse_train": 0.4984701808939326,
    "mae_train": 0.10421062446233723,
    "r2_train": 0.9885017037654944,
    "mse_test": 1.518963388500425,
    "mae_test": 0.1273521038996978,
    "r2_test": 0.9690053309969403
}