{
    "dataset": "feynman_I_34_8",
    "algorithm": "RILSROLSRegressor",
    "params": {
        "complexity_penalty": 0.001,
        "error_tolerance": 1e-16,
        "max_fit_calls": 1000000,
        "max_seconds": 7200,
        "random_state": 15795
    },
    "random_state": 15795,
    "process_time": 2308.921875,
    "time_time": 2309.294098854065,
    "target_noise": 0.01,
    "feature_noise": 0.0,
    "true_model": " q*v*B/p",
    "model_size": 10,
    "symbolic_model": "x0*x1*x2/x3",
    "mse_train": 0.022148511318284478,
    "mae_train": 0.11882726778749891,
    "r2_train": 0.9997849469809117,
    "mse_test": 1.5593656827789193e-29,
    "mae_test": 2.1715784725984123e-15,
    "r2_test": 1.0
}