{
    "dataset": "feynman_I_34_8",
    "algorithm": "RILSROLSRegressor",
    "params": {
        "complexity_penalty": 0.001,
        "error_tolerance": 1e-16,
        "max_fit_calls": 1000000,
        "max_seconds": 7200,
        "random_state": 860
    },
    "random_state": 860,
    "process_time": 4.625,
    "time_time": 4.625002384185791,
    "target_noise": 0.0,
    "feature_noise": 0.0,
    "true_model": " q*v*B/p",
    "model_size": 10,
    "symbolic_model": "x0*x1*x2/x3",
    "mse_train": 1.6637767360700788e-29,
    "mae_train": 2.2248314301975825e-15,
    "r2_train": 1.0,
    "mse_test": 1.6371377291395254e-29,
    "mae_test": 2.202109605775604e-15,
    "r2_test": 1.0
}