{
    "dataset": "feynman_I_34_8",
    "algorithm": "RILSROLSRegressor",
    "params": {
        "complexity_penalty": 0.001,
        "error_tolerance": 1e-16,
        "max_fit_calls": 1000000,
        "max_seconds": 7200,
        "random_state": 860
    },
    "random_state": 860,
    "process_time": 2177.28125,
    "time_time": 2180.581175804138,
    "target_noise": 0.01,
    "feature_noise": 0.0,
    "true_model": " q*v*B/p",
    "model_size": 12,
    "symbolic_model": "1.00180476*x0*x1*x2/x3",
    "mse_train": 0.02441037607700237,
    "mae_train": 0.1250795702488691,
    "r2_train": 0.9997801301447593,
    "mse_test": 0.0007256121988852786,
    "mae_test": 0.01966570411832792,
    "r2_test": 0.9999930255904886
}