{
    "dataset": "feynman_I_34_8",
    "algorithm": "RILSROLSRegressor",
    "params": {
        "complexity_penalty": 0.001,
        "error_tolerance": 1e-16,
        "max_fit_calls": 1000000,
        "max_seconds": 7200,
        "random_state": 5390
    },
    "random_state": 5390,
    "process_time": 2334.28125,
    "time_time": 2336.928433895111,
    "target_noise": 0.001,
    "feature_noise": 0.0,
    "true_model": " q*v*B/p",
    "model_size": 10,
    "symbolic_model": "x0*x1*x2/x3",
    "mse_train": 0.00022394861058744163,
    "mae_train": 0.011949624704422353,
    "r2_train": 0.9999978619613861,
    "mse_test": 1.5697421619109703e-29,
    "mae_test": 2.18660201056764e-15,
    "r2_test": 1.0
}