{
    "dataset": "feynman_I_34_8",
    "algorithm": "RILSROLSRegressor",
    "params": {
        "complexity_penalty": 0.001,
        "error_tolerance": 1e-16,
        "max_fit_calls": 1000000,
        "max_seconds": 7200,
        "random_state": 23654
    },
    "random_state": 23654,
    "process_time": 2154.59375,
    "time_time": 2159.6457233428955,
    "target_noise": 0.01,
    "feature_noise": 0.0,
    "true_model": " q*v*B/p",
    "model_size": 10,
    "symbolic_model": "x0*x1*x2/x3",
    "mse_train": 0.021886646325991466,
    "mae_train": 0.11831460719808785,
    "r2_train": 0.999783019159613,
    "mse_test": 1.5865102755940096e-29,
    "mae_test": 2.20087725821827e-15,
    "r2_test": 1.0
}