{
    "dataset": "feynman_I_34_8",
    "algorithm": "RILSROLSRegressor",
    "params": {
        "complexity_penalty": 0.001,
        "error_tolerance": 1e-16,
        "max_fit_calls": 1000000,
        "max_seconds": 7200,
        "random_state": 28020
    },
    "random_state": 28020,
    "process_time": 2687.234375,
    "time_time": 4563.3710305690765,
    "target_noise": 0.001,
    "feature_noise": 0.0,
    "true_model": " q*v*B/p",
    "model_size": 10,
    "symbolic_model": "x0*x1*x2/x3",
    "mse_train": 0.000219822489300707,
    "mae_train": 0.011764492149959975,
    "r2_train": 0.9999978441436179,
    "mse_test": 1.5375061005762122e-29,
    "mae_test": 2.189808334662757e-15,
    "r2_test": 1.0
}