{
    "dataset": "feynman_III_7_38",
    "algorithm": "RILSROLSRegressor",
    "params": {
        "complexity_penalty": 0.001,
        "error_tolerance": 1e-16,
        "max_fit_calls": 1000000,
        "max_seconds": 7200,
        "random_state": 28020
    },
    "random_state": 28020,
    "process_time": 2556.703125,
    "time_time": 2556.8759112358093,
    "target_noise": 0.001,
    "feature_noise": 0.0,
    "true_model": " 2*mom*B/(h/(2*3.1415926535))",
    "model_size": 10,
    "symbolic_model": "12.56502935*x0*x1/x2",
    "mse_train": 0.0034125970545252357,
    "mae_train": 0.04632186262868715,
    "r2_train": 0.9999973148766306,
    "mse_test": 3.8151508173820645e-05,
    "mae_test": 0.004850987881253923,
    "r2_test": 0.9999999702703041
}