{
    "dataset": "feynman_III_7_38",
    "algorithm": "RILSROLSRegressor",
    "params": {
        "complexity_penalty": 0.001,
        "error_tolerance": 1e-16,
        "max_fit_calls": 1000000,
        "max_seconds": 7200,
        "random_state": 29910
    },
    "random_state": 29910,
    "process_time": 2289.171875,
    "time_time": 2290.929286003113,
    "target_noise": 0.01,
    "feature_noise": 0.0,
    "true_model": " 2*mom*B/(h/(2*3.1415926535))",
    "model_size": 10,
    "symbolic_model": "12.57827315*x0*x1/x2",
    "mse_train": 0.3496078397147713,
    "mae_train": 0.4726163563036206,
    "r2_train": 0.9997369558101883,
    "mse_test": 0.002967522373329472,
    "mae_test": 0.04279493736887439,
    "r2_test": 0.9999976566849043
}