{
    "dataset": "feynman_III_7_38",
    "algorithm": "RILSROLSRegressor",
    "params": {
        "complexity_penalty": 0.001,
        "error_tolerance": 1e-16,
        "max_fit_calls": 1000000,
        "max_seconds": 7200,
        "random_state": 860
    },
    "random_state": 860,
    "process_time": 2934.8125,
    "time_time": 2935.0463786125183,
    "target_noise": 0.001,
    "feature_noise": 0.0,
    "true_model": " 2*mom*B/(h/(2*3.1415926535))",
    "model_size": 10,
    "symbolic_model": "12.56601409*x0*x1/x2",
    "mse_train": 0.0034701379030475914,
    "mae_train": 0.047152217202776,
    "r2_train": 0.9999973654959817,
    "mse_test": 2.725113016290865e-06,
    "mae_test": 0.001295172927304918,
    "r2_test": 0.9999999979062197
}