{
    "dataset": "feynman_III_7_38",
    "algorithm": "RILSROLSRegressor",
    "params": {
        "complexity_penalty": 0.001,
        "error_tolerance": 1e-16,
        "max_fit_calls": 1000000,
        "max_seconds": 7200,
        "random_state": 5390
    },
    "random_state": 5390,
    "process_time": 1917.8125,
    "time_time": 1918.202525138855,
    "target_noise": 0.01,
    "feature_noise": 0.0,
    "true_model": " 2*mom*B/(h/(2*3.1415926535))",
    "model_size": 24,
    "symbolic_model": "12.55750211*x0*x1/x2 - 0.45612171*sin(x1 + 1)*sin(8*x1 + 0.5)",
    "mse_train": 0.3891135229788543,
    "mae_train": 0.49747347966488187,
    "r2_train": 0.9996994414418079,
    "mse_test": 0.050286428741569446,
    "mae_test": 0.18197837893139804,
    "r2_test": 0.9999627008909633
}