{
    "dataset": "feynman_III_7_38",
    "algorithm": "RILSROLSRegressor",
    "params": {
        "complexity_penalty": 0.001,
        "error_tolerance": 1e-16,
        "max_fit_calls": 1000000,
        "max_seconds": 7200,
        "random_state": 5390
    },
    "random_state": 5390,
    "process_time": 2278.765625,
    "time_time": 2279.550142288208,
    "target_noise": 0.1,
    "feature_noise": 0.0,
    "true_model": " 2*mom*B/(h/(2*3.1415926535))",
    "model_size": 35,
    "symbolic_model": "12.54795004*x0*x1/x2 - 5.59293613*x2*log(x1)*cos(x0/x1 - x2*cos(x1))/x0**2",
    "mse_train": 49.866859920146865,
    "mae_train": 5.404447669805604,
    "r2_train": 0.962433993515448,
    "mse_test": 16.145633736116995,
    "mae_test": 2.1160865862992524,
    "r2_test": 0.9880242489224117
}