{
    "dataset": "feynman_I_34_14",
    "algorithm": "RILSROLSRegressor",
    "params": {
        "complexity_penalty": 0.001,
        "error_tolerance": 1e-16,
        "max_fit_calls": 1000000,
        "max_seconds": 7200,
        "random_state": 23654
    },
    "random_state": 23654,
    "process_time": 2207.15625,
    "time_time": 2207.502377986908,
    "target_noise": 0.1,
    "feature_noise": 0.0,
    "true_model": " (1+v/c)/sqrt(1-v**2/c**2)*omega_0",
    "model_size": 31,
    "symbolic_model": "0.04746151*x1**10/x2**9 - 4.19714636*cos(log(x2)) + 5.33457495 + 6.42991852*x1**2*log(x2)/x0**2",
    "mse_train": 3.6265428744332033,
    "mae_train": 0.5922812356231774,
    "r2_train": -0.279259530692441,
    "mse_test": 2.8161097413433493,
    "mae_test": 0.34488180522106804,
    "r2_test": -0.076736969020754
}