{
    "dataset": "feynman_test_16",
    "algorithm": "RILSROLSRegressor",
    "params": {
        "complexity_penalty": 0.001,
        "error_tolerance": 1e-16,
        "max_fit_calls": 1000000,
        "max_seconds": 7200,
        "random_state": 21962
    },
    "random_state": 21962,
    "process_time": 4100.78125,
    "time_time": 4101.114230394363,
    "target_noise": 0.0,
    "feature_noise": 0.0,
    "true_model": " sqrt((p-q*A_vec)**2*c**2+m**2*c**4)+q*Volt",
    "model_size": 92,
    "symbolic_model": "0.97190365*x0*x1**2 - 0.34523349*x0*x3/x2 - 0.39249241*x2*x3 - 0.34131245*x2*x5*log(x4)**0.5 + 0.64104133*x3**2*x4**2*log(x1)/(3.14159265*x0 + x2 + x5) + 1.2355438*x3*x5 + 1.61656618*x4*log(x3)**2 + 0.64020091*x4*log(x5) - 1.45362993*log(x3) - 1.08975096*sin(x2) + 2.85795272",
    "mse_train": 1.6527163714908013,
    "mae_train": 0.9275710104797041,
    "r2_train": 0.9979490701866696,
    "mse_test": 1.6949752277532006,
    "mae_test": 0.9366285856385603,
    "r2_test": 0.997935936309854
}