{
    "dataset": "feynman_test_16",
    "algorithm": "RILSROLSRegressor",
    "params": {
        "complexity_penalty": 0.001,
        "error_tolerance": 1e-16,
        "max_fit_calls": 1000000,
        "max_seconds": 7200,
        "random_state": 28020
    },
    "random_state": 28020,
    "process_time": 4255.375,
    "time_time": 4258.924634218216,
    "target_noise": 0.0,
    "feature_noise": 0.0,
    "true_model": " sqrt((p-q*A_vec)**2*c**2+m**2*c**4)+q*Volt",
    "model_size": 83,
    "symbolic_model": "0.97731966*x0*x1**2 + 0.18293809*x2**2 - 0.07815108*x2*(x4 + log(x1*x3/(x0 + 0.5)) + 1)**2 + 0.05622947*x3**2*(x4 + log(x1/x0))**2 + 1.00877938*x3*x5 + 0.13876405*x3*(x4 + log(x1/(x0 + x2**2/x4**2)) + 1)**2",
    "mse_train": 2.413284523082921,
    "mae_train": 0.9455055532648625,
    "r2_train": 0.997091099412744,
    "mse_test": 2.3169880680891337,
    "mae_test": 0.9497215391780978,
    "r2_test": 0.9971480898341527
}