{
    "dataset": "feynman_test_16",
    "algorithm": "RILSROLSRegressor",
    "params": {
        "complexity_penalty": 0.001,
        "error_tolerance": 1e-16,
        "max_fit_calls": 1000000,
        "max_seconds": 7200,
        "random_state": 23654
    },
    "random_state": 23654,
    "process_time": 3923.203125,
    "time_time": 3923.391201734543,
    "target_noise": 0.0,
    "feature_noise": 0.0,
    "true_model": " sqrt((p-q*A_vec)**2*c**2+m**2*c**4)+q*Volt",
    "model_size": 88,
    "symbolic_model": "0.99101936*x0*x1**2 + 0.12501857*x3**2*x4**2*log(x1)*sin(1/x0) + 0.03504648*x3**2*x4**2 + 1.19902349*x3*x4*sin(1/x2) + 0.97873099*x3*x5 - 0.038468*x3*(x0/x2 + x4)**2 - 0.91779454 - 0.02212001*x2*x4*(x3 + 1)**2*log(x1)/x0",
    "mse_train": 1.7670487786534617,
    "mae_train": 0.695663102751126,
    "r2_train": 0.9978694199395767,
    "mse_test": 1.8767451627262444,
    "mae_test": 0.7114529406578248,
    "r2_test": 0.9976830095550318
}