{
    "dataset": "feynman_test_16",
    "algorithm": "RILSROLSRegressor",
    "params": {
        "complexity_penalty": 0.001,
        "error_tolerance": 1e-16,
        "max_fit_calls": 1000000,
        "max_seconds": 7200,
        "random_state": 860
    },
    "random_state": 860,
    "process_time": 3495.8125,
    "time_time": 3497.2101814746857,
    "target_noise": 0.1,
    "feature_noise": 0.0,
    "true_model": " sqrt((p-q*A_vec)**2*c**2+m**2*c**4)+q*Volt",
    "model_size": 54,
    "symbolic_model": "1.09836771*x0*x1**2 - 1.88026651*x1 + 1.18592724*x3*x5 + 1.88026651*x4 + 0.143442*(-x0 + x1 - x2 + x3*x4 - x3)**2 - 5.43209362 + 3.65535027*x3/x0",
    "mse_train": 40.01418228951557,
    "mae_train": 4.999211934736518,
    "r2_train": 0.9504974787032043,
    "mse_test": 8.85873885653971,
    "mae_test": 2.085158399157543,
    "r2_test": 0.9890397296361398
}