{
    "dataset": "feynman_test_16",
    "algorithm": "RILSROLSRegressor",
    "params": {
        "complexity_penalty": 0.001,
        "error_tolerance": 1e-16,
        "max_fit_calls": 1000000,
        "max_seconds": 7200,
        "random_state": 28020
    },
    "random_state": 28020,
    "process_time": 5247.0,
    "time_time": 5252.341002464294,
    "target_noise": 0.01,
    "feature_noise": 0.0,
    "true_model": " sqrt((p-q*A_vec)**2*c**2+m**2*c**4)+q*Volt",
    "model_size": 114,
    "symbolic_model": "0.99054898*x0*x1**2 + 2.82676063*x1*x4**2/(x0*x2/x3**2 + x1*(x0 + 1)**2/x3**2 + x2**2*(x1 + 1)**2/x3**4 + 10*x2**2/x3**4 + 10*x2/x3**2 + 1 - x2**2/(x0**2*x4**2) + x0**(-2)) + 0.25898524*x3*x4 + 1.0154955*x3*x5 - 2.28390762 + 7.25329992/(x3**2*x4)",
    "mse_train": 67.57364085368883,
    "mae_train": 1.1850390419026362,
    "r2_train": 0.918626936704393,
    "mse_test": 23.239221129486705,
    "mae_test": 0.9865926133774156,
    "r2_test": 0.971395549291622
}