{
    "dataset": "feynman_test_16",
    "algorithm": "RILSROLSRegressor",
    "params": {
        "complexity_penalty": 0.001,
        "error_tolerance": 1e-16,
        "max_fit_calls": 1000000,
        "max_seconds": 7200,
        "random_state": 16850
    },
    "random_state": 16850,
    "process_time": 5502.625,
    "time_time": 5505.8962523937225,
    "target_noise": 0.01,
    "feature_noise": 0.0,
    "true_model": " sqrt((p-q*A_vec)**2*c**2+m**2*c**4)+q*Volt",
    "model_size": 121,
    "symbolic_model": "0.97882045*x0*x1**2 - 0.66946469*x0*x4*log(x3) + 1.54772293*x0 + 0.15934571*x1**0.5*x3*x4**2 - 0.08352966*x1*x4**2 - 0.65945985*x2*log(x3) + 1.57310396*x3*x4 + 1.05130639*x3*x5 - 0.93329296*x4*log(x3 + x5) - 6.42630037 + 0.04302837*x1*x3**2*x4**2/(x0*x2) + 2.12415549*x5/(x0*x2) - 0.00059254*x3**4*x4**4/(x0**2*x2**2)",
    "mse_train": 3.051266531356,
    "mae_train": 1.1178035990619755,
    "r2_train": 0.9962260767568033,
    "mse_test": 2.8397438638518726,
    "mae_test": 0.9928923460341893,
    "r2_test": 0.9965230407300665
}