{
    "dataset": "feynman_test_16",
    "algorithm": "RILSROLSRegressor",
    "params": {
        "complexity_penalty": 0.001,
        "error_tolerance": 1e-16,
        "max_fit_calls": 1000000,
        "max_seconds": 7200,
        "random_state": 5390
    },
    "random_state": 5390,
    "process_time": 3371.46875,
    "time_time": 3373.525051355362,
    "target_noise": 0.001,
    "feature_noise": 0.0,
    "true_model": " sqrt((p-q*A_vec)**2*c**2+m**2*c**4)+q*Volt",
    "model_size": 65,
    "symbolic_model": "1.01027316*x0*x1**2 - 0.01078866*x1**2*x2**2*sin(x1)/x3 - 0.04958337*x1**2*x2 + 0.22650969*x3**2*x4**2/(0.55*x0 + x2/x1 + x1**(-2)) + 1.01097332*x3*x5",
    "mse_train": 3.550096048021935,
    "mae_train": 0.7744341448600381,
    "r2_train": 0.995660717360678,
    "mse_test": 4.76632711009546,
    "mae_test": 0.8223544412875439,
    "r2_test": 0.9941924987223602
}