{
    "dataset": "feynman_test_16",
    "algorithm": "RILSROLSRegressor",
    "params": {
        "complexity_penalty": 0.001,
        "error_tolerance": 1e-16,
        "max_fit_calls": 1000000,
        "max_seconds": 7200,
        "random_state": 29910
    },
    "random_state": 29910,
    "process_time": 4344.328125,
    "time_time": 4346.584120512009,
    "target_noise": 0.01,
    "feature_noise": 0.0,
    "true_model": " sqrt((p-q*A_vec)**2*c**2+m**2*c**4)+q*Volt",
    "model_size": 98,
    "symbolic_model": "-0.00118906*x0**3*x4**2 + 0.979836*x0*x1**2 + 0.06333638*x0*x1*x2/x3 - 0.15297352*x2*x3*x4 + 0.03473951*x3**2*x4**2 + 0.11605001*x3*x4**2 + 1.23028868*x3*x5 - 0.56875648*x5 + 1.23889135 + 0.03779089*x1*x3**2*x4**2/x0 - 0.0215121*x1*(x2 + x4)**2/x0",
    "mse_train": 4.198702369502301,
    "mae_train": 1.064991284674689,
    "r2_train": 0.9949658995817959,
    "mse_test": 3.4233394037650564,
    "mae_test": 0.9139128322663194,
    "r2_test": 0.9958353135465235
}