{
    "dataset": "feynman_test_16",
    "algorithm": "RILSROLSRegressor",
    "params": {
        "complexity_penalty": 0.001,
        "error_tolerance": 1e-16,
        "max_fit_calls": 1000000,
        "max_seconds": 7200,
        "random_state": 5390
    },
    "random_state": 5390,
    "process_time": 3427.4375,
    "time_time": 3427.602949857712,
    "target_noise": 0.0,
    "feature_noise": 0.0,
    "true_model": " sqrt((p-q*A_vec)**2*c**2+m**2*c**4)+q*Volt",
    "model_size": 72,
    "symbolic_model": "1.0194199*x0*x1**2 - 0.0523934*x1*x2*x3 - 0.341788*x1*log(x2)*log(x4) + 0.47905628*x3**2*x4**2/(x0 + x2/x1 + x4/x1 + x1**(-2)) + 0.95094776*x3*x5 + 0.43411853*(x4*x5)**0.5 - 0.68976702",
    "mse_train": 1.2090798143229067,
    "mae_train": 0.6278513414612656,
    "r2_train": 0.9985221520189339,
    "mse_test": 1.4557121675390998,
    "mae_test": 0.6449284875876237,
    "r2_test": 0.9982262966687803
}