{
    "dataset": "feynman_test_16",
    "algorithm": "RILSROLSRegressor",
    "params": {
        "complexity_penalty": 0.001,
        "error_tolerance": 1e-16,
        "max_fit_calls": 1000000,
        "max_seconds": 7200,
        "random_state": 15795
    },
    "random_state": 15795,
    "process_time": 4170.0,
    "time_time": 4170.814415216446,
    "target_noise": 0.001,
    "feature_noise": 0.0,
    "true_model": " sqrt((p-q*A_vec)**2*c**2+m**2*c**4)+q*Volt",
    "model_size": 120,
    "symbolic_model": "0.01767871*x0*x1**2*x2 - 0.0119642*x0*x1**2*x3 + 0.98704041*x0*x1**2 - 0.08167649*x0*x2 - 0.08609455*x1*x2*x3 - 0.07418304*x1*x2*x4 + 0.05418715*x1*x3*x5 + 2.86172859*x2**2*exp(-2*x3) - 0.21159281*x2*x4 + 0.08167649*x2*x5 + 0.19410216*x3**2*x4**2*log(x1)/(x0 + 1) + 0.152274*x3*x4**2 + 0.69209405*x3*x5 + 2.17893444*x3 - 2.1389077",
    "mse_train": 1.4912543148920405,
    "mae_train": 0.7559188467242266,
    "r2_train": 0.9981702039430742,
    "mse_test": 1.5658519102834512,
    "mae_test": 0.757870908215826,
    "r2_test": 0.998078687028144
}