{
    "dataset": "feynman_test_16",
    "algorithm": "RILSROLSRegressor",
    "params": {
        "complexity_penalty": 0.001,
        "error_tolerance": 1e-16,
        "max_fit_calls": 1000000,
        "max_seconds": 7200,
        "random_state": 28020
    },
    "random_state": 28020,
    "process_time": 5659.875,
    "time_time": 7204.579003334045,
    "target_noise": 0.001,
    "feature_noise": 0.0,
    "true_model": " sqrt((p-q*A_vec)**2*c**2+m**2*c**4)+q*Volt",
    "model_size": 66,
    "symbolic_model": "0.98484521*x0*x1**2 - 0.22605703*x2 + 1.50184052*x3**2*x4**2*log(x1 + 0.5)/((x2 + 1)*(exp(0.24145301*x0) + 1)**2) + 0.8215408*x3*x4 + 1.01450932*x3*x5 - 6.19687944 + 13.29066186/(x3*x4)",
    "mse_train": 4.899107316626057,
    "mae_train": 0.981614265173564,
    "r2_train": 0.9940951268847287,
    "mse_test": 4.880030688978114,
    "mae_test": 0.9764129339140872,
    "r2_test": 0.9939933186004616
}