{
    "dataset": "feynman_test_16",
    "algorithm": "RILSROLSRegressor",
    "params": {
        "complexity_penalty": 0.001,
        "error_tolerance": 1e-16,
        "max_fit_calls": 1000000,
        "max_seconds": 7200,
        "random_state": 29910
    },
    "random_state": 29910,
    "process_time": 3570.875,
    "time_time": 3571.1476340293884,
    "target_noise": 0.0,
    "feature_noise": 0.0,
    "true_model": " sqrt((p-q*A_vec)**2*c**2+m**2*c**4)+q*Volt",
    "model_size": 60,
    "symbolic_model": "0.99318067*x0*x1**2 - 0.00452116*x1**2*x3**2*x4**2/x2**2 - 0.47995953*x2 + 0.1461405*x3**2*x4**2*(x1/(x0*x2))**0.5 + 0.99801139*x3*x5 + 0.7422788",
    "mse_train": 5.35124868827517,
    "mae_train": 0.9718645956223063,
    "r2_train": 0.99358084694308,
    "mse_test": 4.78676857608634,
    "mae_test": 0.9424250443940188,
    "r2_test": 0.9941766246657202
}