{
    "dataset": "feynman_test_9",
    "algorithm": "RILSROLSRegressor",
    "params": {
        "complexity_penalty": 0.001,
        "error_tolerance": 1e-16,
        "fitness_type": "FitnessType.BIC",
        "initial_sample_size": 0.01,
        "max_fit_calls": 1000000,
        "max_seconds": 7200,
        "random_perturbations_order": false,
        "random_state": 14423,
        "verbose": false
    },
    "random_state": 14423,
    "process_time": 2582.640625,
    "time_time": 2584.376013278961,
    "target_noise": 0.0,
    "feature_noise": 0.0,
    "true_model": " -32/5*G**4/c**5*(m1*m2)**2*(m1+m2)/r**5",
    "model_size": 18,
    "symbolic_model": "-13926.53646449*x0**4*(x2*x3)**2.5/(x1 + x4)**10",
    "mse_train": 167102.4589864587,
    "mae_train": 119.01299354609237,
    "r2_train": 0.9965172590727174,
    "mse_test": 195600.1240402411,
    "mae_test": 116.69865062215779,
    "r2_test": 0.996259930578806
}