{
    "dataset": "feynman_test_9",
    "algorithm": "RILSROLSRegressor",
    "params": {
        "complexity_penalty": 0.001,
        "error_tolerance": 1e-16,
        "fitness_type": "FitnessType.BIC",
        "initial_sample_size": 0.01,
        "max_fit_calls": 1000000,
        "max_seconds": 7200,
        "random_perturbations_order": false,
        "random_state": 15795,
        "verbose": false
    },
    "random_state": 15795,
    "process_time": 3114.984375,
    "time_time": 3115.3404965400696,
    "target_noise": 0.0,
    "feature_noise": 0.0,
    "true_model": " -32/5*G**4/c**5*(m1*m2)**2*(m1+m2)/r**5",
    "model_size": 47,
    "symbolic_model": "-5.51404694*12.1**x0*x2**2*x3**2*x4**x1*sin(x4**(-5))/x1**5 + 110.29391925*x0**3*x2*x3/(x1**4*x4) - 130.71451993",
    "mse_train": 3553301.923056005,
    "mae_train": 328.19647323355986,
    "r2_train": 0.9359497562512699,
    "mse_test": 2533366.0938534243,
    "mae_test": 321.2473776570993,
    "r2_test": 0.9436799053537139
}