{
    "dataset": "feynman_test_9",
    "algorithm": "RILSROLSRegressor",
    "params": {
        "complexity_penalty": 0.001,
        "error_tolerance": 1e-16,
        "fitness_type": "FitnessType.BIC",
        "initial_sample_size": 0.01,
        "max_fit_calls": 1000000,
        "max_seconds": 7200,
        "random_perturbations_order": false,
        "random_state": 860,
        "verbose": false
    },
    "random_state": 860,
    "process_time": 3047.5,
    "time_time": 3047.865848302841,
    "target_noise": 0.0,
    "feature_noise": 0.0,
    "true_model": " -32/5*G**4/c**5*(m1*m2)**2*(m1+m2)/r**5",
    "model_size": 42,
    "symbolic_model": "6.55360941*x0*x2**(2.4/x1)*x3*(x3/(x1*(x4 - 0.55)))**x0/(0.5 - x4) + 177.12595367*x3 - 276.11736868",
    "mse_train": 660147.1486366095,
    "mae_train": 305.1627614373974,
    "r2_train": 0.9846274199961071,
    "mse_test": 734084.4452138422,
    "mae_test": 308.7858312607044,
    "r2_test": 0.9845457182794226
}