{
    "dataset": "feynman_test_9",
    "algorithm": "RILSROLSRegressor",
    "params": {
        "complexity_penalty": 0.001,
        "error_tolerance": 1e-16,
        "fitness_type": "FitnessType.BIC",
        "initial_sample_size": 0.01,
        "max_fit_calls": 1000000,
        "max_seconds": 7200,
        "random_perturbations_order": false,
        "random_state": 23654,
        "verbose": false
    },
    "random_state": 23654,
    "process_time": 3069.96875,
    "time_time": 3070.3280215263367,
    "target_noise": 0.0,
    "feature_noise": 0.0,
    "true_model": " -32/5*G**4/c**5*(m1*m2)**2*(m1+m2)/r**5",
    "model_size": 56,
    "symbolic_model": "-210.10099331*x2/x4 + 839.19792401*x3*exp(x0)*sin(log(x2))**2*cos(x1**0.5)/x4**2 - 313.3827394*x3**2*log(x2)**2/(x1**4*x4**4*sin(1/x0)**4)",
    "mse_train": 1572007.2965960512,
    "mae_train": 272.37416459419,
    "r2_train": 0.9635384593903334,
    "mse_test": 1773788.5117076014,
    "mae_test": 293.0600729096351,
    "r2_test": 0.9621686209488157
}