{
    "dataset": "feynman_III_15_14",
    "algorithm": "RILSROLSRegressor",
    "params": {
        "complexity_penalty": 0.001,
        "error_tolerance": 1e-16,
        "max_fit_calls": 1000000,
        "max_seconds": 7200,
        "random_state": 28020
    },
    "random_state": 28020,
    "process_time": 1829.375,
    "time_time": 1829.517009973526,
    "target_noise": 0.001,
    "feature_noise": 0.0,
    "true_model": " (h/(2*3.1415926535))**2/(2*E_n*d**2)",
    "model_size": 14,
    "symbolic_model": "0.01266445*x0**2/(x1*x2**2)",
    "mse_train": 4.12376737027826e-10,
    "mae_train": 1.611321480965902e-05,
    "r2_train": 0.9999985844079947,
    "mse_test": 1.2013124111971011e-12,
    "mae_test": 5.737316558575676e-07,
    "r2_test": 0.9999999958168615
}