{
    "dataset": "feynman_III_15_14",
    "algorithm": "RILSROLSRegressor",
    "params": {
        "complexity_penalty": 0.001,
        "error_tolerance": 1e-16,
        "max_fit_calls": 1000000,
        "max_seconds": 7200,
        "random_state": 28020
    },
    "random_state": 28020,
    "process_time": 6.640625,
    "time_time": 6.637001276016235,
    "target_noise": 0.0,
    "feature_noise": 0.0,
    "true_model": " (h/(2*3.1415926535))**2/(2*E_n*d**2)",
    "model_size": 14,
    "symbolic_model": "0.01266515*x0**2/(x1*x2**2)",
    "mse_train": 1.0589930473038368e-17,
    "mae_train": 1.7312306536567085e-09,
    "r2_train": 0.9999999999999637,
    "mse_test": 1.0310109058118972e-17,
    "mae_test": 1.6807861851294296e-09,
    "r2_test": 0.9999999999999641
}