{
    "dataset": "feynman_III_15_14",
    "algorithm": "RILSROLSRegressor",
    "params": {
        "complexity_penalty": 0.001,
        "error_tolerance": 1e-16,
        "max_fit_calls": 1000000,
        "max_seconds": 7200,
        "random_state": 14423
    },
    "random_state": 14423,
    "process_time": 2735.0,
    "time_time": 2755.502555847168,
    "target_noise": 0.001,
    "feature_noise": 0.0,
    "true_model": " (h/(2*3.1415926535))**2/(2*E_n*d**2)",
    "model_size": 14,
    "symbolic_model": "0.01266665*x0**2/(x1*x2**2)",
    "mse_train": 4.331050509957541e-10,
    "mae_train": 1.653048039895929e-05,
    "r2_train": 0.9999986214470323,
    "mse_test": 5.538763381000097e-12,
    "mae_test": 1.2286178543142422e-06,
    "r2_test": 0.9999999806655182
}