{
    "dataset": "feynman_III_15_14",
    "algorithm": "RILSROLSRegressor",
    "params": {
        "complexity_penalty": 0.001,
        "error_tolerance": 1e-16,
        "max_fit_calls": 1000000,
        "max_seconds": 7200,
        "random_state": 23654
    },
    "random_state": 23654,
    "process_time": 1943.71875,
    "time_time": 1949.0432918071747,
    "target_noise": 0.1,
    "feature_noise": 0.0,
    "true_model": " (h/(2*3.1415926535))**2/(2*E_n*d**2)",
    "model_size": 14,
    "symbolic_model": "0.0127493*x0**2/(x1*x2**2)",
    "mse_train": 4.02081972659699e-06,
    "mae_train": 0.0016031285402862518,
    "r2_train": 0.9863071463315968,
    "mse_test": 1.8088860293062798e-08,
    "mae_test": 7.060078066477736e-05,
    "r2_test": 0.999939059894288
}