{
    "dataset": "feynman_III_15_14",
    "algorithm": "RILSROLSRegressor",
    "params": {
        "complexity_penalty": 0.001,
        "error_tolerance": 1e-16,
        "max_fit_calls": 1000000,
        "max_seconds": 7200,
        "random_state": 21962
    },
    "random_state": 21962,
    "process_time": 2108.09375,
    "time_time": 2114.6392872333527,
    "target_noise": 0.1,
    "feature_noise": 0.0,
    "true_model": " (h/(2*3.1415926535))**2/(2*E_n*d**2)",
    "model_size": 14,
    "symbolic_model": "0.0126654*x0**2/(x1*x2**2)",
    "mse_train": 4.134642977723083e-06,
    "mae_train": 0.0016259205909322362,
    "r2_train": 0.9863702786515375,
    "mse_test": 1.6397009695547786e-13,
    "mae_test": 2.095560942166558e-07,
    "r2_test": 0.9999999994591035
}