{
    "dataset": "feynman_III_15_14",
    "algorithm": "RILSROLSRegressor",
    "params": {
        "complexity_penalty": 0.001,
        "error_tolerance": 1e-16,
        "max_fit_calls": 1000000,
        "max_seconds": 7200,
        "random_state": 16850
    },
    "random_state": 16850,
    "process_time": 1889.21875,
    "time_time": 1889.6892161369324,
    "target_noise": 0.001,
    "feature_noise": 0.0,
    "true_model": " (h/(2*3.1415926535))**2/(2*E_n*d**2)",
    "model_size": 14,
    "symbolic_model": "0.01266659*x0**2/(x1*x2**2)",
    "mse_train": 4.264057070946702e-10,
    "mae_train": 1.6535897774551203e-05,
    "r2_train": 0.9999985657997953,
    "mse_test": 5.171722994670436e-12,
    "mae_test": 1.1930287036445915e-06,
    "r2_test": 0.9999999821134903
}