{
    "dataset": "feynman_III_15_14",
    "algorithm": "RILSROLSRegressor",
    "params": {
        "complexity_penalty": 0.001,
        "error_tolerance": 1e-16,
        "max_fit_calls": 1000000,
        "max_seconds": 7200,
        "random_state": 15795
    },
    "random_state": 15795,
    "process_time": 2166.265625,
    "time_time": 2263.3081274032593,
    "target_noise": 0.001,
    "feature_noise": 0.0,
    "true_model": " (h/(2*3.1415926535))**2/(2*E_n*d**2)",
    "model_size": 14,
    "symbolic_model": "0.01266597*x0**2/(x1*x2**2)",
    "mse_train": 3.8947824362858616e-10,
    "mae_train": 1.574706320518493e-05,
    "r2_train": 0.9999986210795095,
    "mse_test": 1.7787194374253815e-12,
    "mae_test": 6.893536732961394e-07,
    "r2_test": 0.9999999942513865
}