{
    "dataset": "feynman_II_6_11",
    "algorithm": "RILSROLSRegressor",
    "params": {
        "complexity_penalty": 0.001,
        "error_tolerance": 1e-16,
        "max_fit_calls": 1000000,
        "max_seconds": 7200,
        "random_state": 4426
    },
    "random_state": 4426,
    "process_time": 2204.15625,
    "time_time": 2207.363494873047,
    "target_noise": 0.001,
    "feature_noise": 0.0,
    "true_model": " 1/(4*3.1415926535*epsilon)*p_d*cos(theta)/r**2",
    "model_size": 15,
    "symbolic_model": "0.0795785*x1*cos(x2)/(x0*x3**2)",
    "mse_train": 5.021870591137482e-10,
    "mae_train": 1.7921430085281604e-05,
    "r2_train": 0.9999987306854272,
    "mse_test": 8.58864661937254e-14,
    "mae_test": 1.9128473217589758e-07,
    "r2_test": 0.9999999997908205
}