{
    "dataset": "feynman_II_6_11",
    "algorithm": "RILSROLSRegressor",
    "params": {
        "complexity_penalty": 0.001,
        "error_tolerance": 1e-16,
        "max_fit_calls": 1000000,
        "max_seconds": 7200,
        "random_state": 16850
    },
    "random_state": 16850,
    "process_time": 2067.203125,
    "time_time": 2068.158999443054,
    "target_noise": 0.1,
    "feature_noise": 0.0,
    "true_model": " 1/(4*3.1415926535*epsilon)*p_d*cos(theta)/r**2",
    "model_size": 15,
    "symbolic_model": "0.07876276*x1*cos(x2)/(x0*x3**2)",
    "mse_train": 5.18410438678834e-06,
    "mae_train": 0.0018206590056283624,
    "r2_train": 0.9870334020397007,
    "mse_test": 5.449485318195001e-08,
    "mae_test": 0.00015206635823078284,
    "r2_test": 0.9998684094879016
}