{
    "dataset": "feynman_II_6_11",
    "algorithm": "RILSROLSRegressor",
    "params": {
        "complexity_penalty": 0.001,
        "error_tolerance": 1e-16,
        "max_fit_calls": 1000000,
        "max_seconds": 7200,
        "random_state": 860
    },
    "random_state": 860,
    "process_time": 2306.15625,
    "time_time": 2307.5043456554413,
    "target_noise": 0.1,
    "feature_noise": 0.0,
    "true_model": " 1/(4*3.1415926535*epsilon)*p_d*cos(theta)/r**2",
    "model_size": 15,
    "symbolic_model": "0.07976635*x1*cos(x2)/(x0*x3**2)",
    "mse_train": 5.131986915332445e-06,
    "mae_train": 0.001813232614936031,
    "r2_train": 0.9876033422286629,
    "mse_test": 2.8812676291647018e-09,
    "mae_test": 3.508853775801905e-05,
    "r2_test": 0.9999929494961921
}