{
    "dataset": "feynman_II_6_11",
    "algorithm": "RILSROLSRegressor",
    "params": {
        "complexity_penalty": 0.001,
        "error_tolerance": 1e-16,
        "max_fit_calls": 1000000,
        "max_seconds": 7200,
        "random_state": 21962
    },
    "random_state": 21962,
    "process_time": 3021.046875,
    "time_time": 4001.340548992157,
    "target_noise": 0.001,
    "feature_noise": 0.0,
    "true_model": " 1/(4*3.1415926535*epsilon)*p_d*cos(theta)/r**2",
    "model_size": 15,
    "symbolic_model": "0.07958628*x1*cos(x2)/(x0*x3**2)",
    "mse_train": 5.249520125866676e-10,
    "mae_train": 1.8291240655220796e-05,
    "r2_train": 0.9999987485777202,
    "mse_test": 6.506727832485247e-12,
    "mae_test": 1.6618976544735902e-06,
    "r2_test": 0.9999999845684718
}