{
    "dataset": "feynman_II_6_11",
    "algorithm": "RILSROLSRegressor",
    "params": {
        "complexity_penalty": 0.001,
        "error_tolerance": 1e-16,
        "max_fit_calls": 1000000,
        "max_seconds": 7200,
        "random_state": 5390
    },
    "random_state": 5390,
    "process_time": 109.5,
    "time_time": 109.51506233215332,
    "target_noise": 0.0,
    "feature_noise": 0.0,
    "true_model": " 1/(4*3.1415926535*epsilon)*p_d*cos(theta)/r**2",
    "model_size": 15,
    "symbolic_model": "0.07957747*x1*cos(x2)/(x0*x3**2)",
    "mse_train": 1.9648395901970621e-19,
    "mae_train": 2.8797943313916223e-10,
    "r2_train": 0.9999999999999996,
    "mse_test": 1.9319026228274086e-19,
    "mae_test": 2.885223953080098e-10,
    "r2_test": 0.9999999999999996
}