{
    "dataset": "feynman_II_6_11",
    "algorithm": "RILSROLSRegressor",
    "params": {
        "complexity_penalty": 0.001,
        "error_tolerance": 1e-16,
        "max_fit_calls": 1000000,
        "max_seconds": 7200,
        "random_state": 21962
    },
    "random_state": 21962,
    "process_time": 22.34375,
    "time_time": 22.347126245498657,
    "target_noise": 0.0,
    "feature_noise": 0.0,
    "true_model": " 1/(4*3.1415926535*epsilon)*p_d*cos(theta)/r**2",
    "model_size": 15,
    "symbolic_model": "0.07957747*x1*cos(x2)/(x0*x3**2)",
    "mse_train": 1.9535166306096595e-19,
    "mae_train": 2.856708655595126e-10,
    "r2_train": 0.9999999999999996,
    "mse_test": 2.0042540733395334e-19,
    "mae_test": 2.9167506263463197e-10,
    "r2_test": 0.9999999999999996
}