{
    "dataset": "feynman_I_38_12",
    "algorithm": "RILSROLSRegressor",
    "params": {
        "complexity_penalty": 0.001,
        "error_tolerance": 1e-16,
        "max_fit_calls": 1000000,
        "max_seconds": 7200,
        "random_state": 14423
    },
    "random_state": 14423,
    "process_time": 2134.34375,
    "time_time": 2134.4630801677704,
    "target_noise": 0.001,
    "feature_noise": 0.0,
    "true_model": " 4*3.1415926535*epsilon*(h/(2*3.1415926535))**2/(m*q**2)",
    "model_size": 16,
    "symbolic_model": "0.31831629*x2**2*x3/(x0*x1**2)",
    "mse_train": 2.7546092532752373e-06,
    "mae_train": 0.0013178199506277957,
    "r2_train": 0.9999987111295372,
    "mse_test": 1.1674815791713836e-09,
    "mae_test": 1.6428137911134833e-05,
    "r2_test": 0.9999999994735639
}