{
    "dataset": "feynman_I_38_12",
    "algorithm": "RILSROLSRegressor",
    "params": {
        "complexity_penalty": 0.001,
        "error_tolerance": 1e-16,
        "max_fit_calls": 1000000,
        "max_seconds": 7200,
        "random_state": 29910
    },
    "random_state": 29910,
    "process_time": 8.84375,
    "time_time": 8.842039108276367,
    "target_noise": 0.0,
    "feature_noise": 0.0,
    "true_model": " 4*3.1415926535*epsilon*(h/(2*3.1415926535))**2/(m*q**2)",
    "model_size": 16,
    "symbolic_model": "0.31830989*x2**2*x3/(x0*x1**2)",
    "mse_train": 4.1820147898903215e-16,
    "mae_train": 9.770268651493764e-09,
    "r2_train": 0.9999999999999998,
    "mse_test": 3.814042848627202e-16,
    "mae_test": 9.3975646513101e-09,
    "r2_test": 0.9999999999999998
}