{
    "dataset": "feynman_I_38_12",
    "algorithm": "RILSROLSRegressor",
    "params": {
        "complexity_penalty": 0.001,
        "error_tolerance": 1e-16,
        "max_fit_calls": 1000000,
        "max_seconds": 7200,
        "random_state": 14423
    },
    "random_state": 14423,
    "process_time": 2262.53125,
    "time_time": 2263.3861474990845,
    "target_noise": 0.1,
    "feature_noise": 0.0,
    "true_model": " 4*3.1415926535*epsilon*(h/(2*3.1415926535))**2/(m*q**2)",
    "model_size": 28,
    "symbolic_model": "-0.06709245 + 4.50862466/(x0*x2 + x1)**2 + 0.31788635*x2**2*x3/(x0*x1**2)",
    "mse_train": 0.03160990363996207,
    "mae_train": 0.14019859225503667,
    "r2_train": 0.9853842422902039,
    "mse_test": 0.004142933142261451,
    "mae_test": 0.04498403926991465,
    "r2_test": 0.9981318851274555
}