{
    "dataset": "feynman_I_38_12",
    "algorithm": "RILSROLSRegressor",
    "params": {
        "complexity_penalty": 0.001,
        "error_tolerance": 1e-16,
        "max_fit_calls": 1000000,
        "max_seconds": 7200,
        "random_state": 28020
    },
    "random_state": 28020,
    "process_time": 2366.78125,
    "time_time": 2375.3410415649414,
    "target_noise": 0.01,
    "feature_noise": 0.0,
    "true_model": " 4*3.1415926535*epsilon*(h/(2*3.1415926535))**2/(m*q**2)",
    "model_size": 16,
    "symbolic_model": "0.31816426*x2**2*x3/(x0*x1**2)",
    "mse_train": 0.00023803541857530419,
    "mae_train": 0.012236492754058349,
    "r2_train": 0.9998649893370959,
    "mse_test": 6.2382528912427e-07,
    "mae_test": 0.0003759463027516906,
    "r2_test": 0.9999997293838925
}