{
    "dataset": "feynman_I_38_12",
    "algorithm": "RILSROLSRegressor",
    "params": {
        "complexity_penalty": 0.001,
        "error_tolerance": 1e-16,
        "max_fit_calls": 1000000,
        "max_seconds": 7200,
        "random_state": 15795
    },
    "random_state": 15795,
    "process_time": 2364.96875,
    "time_time": 2366.1605236530304,
    "target_noise": 0.1,
    "feature_noise": 0.0,
    "true_model": " 4*3.1415926535*epsilon*(h/(2*3.1415926535))**2/(m*q**2)",
    "model_size": 16,
    "symbolic_model": "0.31732599*x2**2*x3/(x0*x1**2)",
    "mse_train": 0.027944842342149345,
    "mae_train": 0.13347823897846678,
    "r2_train": 0.9874165509606787,
    "mse_test": 2.5454544639900725e-05,
    "mae_test": 0.0024571847230405374,
    "r2_test": 0.9999874747545926
}