{
    "dataset": "feynman_I_38_12",
    "algorithm": "RILSROLSRegressor",
    "params": {
        "complexity_penalty": 0.001,
        "error_tolerance": 1e-16,
        "max_fit_calls": 1000000,
        "max_seconds": 7200,
        "random_state": 23654
    },
    "random_state": 23654,
    "process_time": 2265.484375,
    "time_time": 2266.7579996585846,
    "target_noise": 0.001,
    "feature_noise": 0.0,
    "true_model": " 4*3.1415926535*epsilon*(h/(2*3.1415926535))**2/(m*q**2)",
    "model_size": 16,
    "symbolic_model": "0.31829915*x2**2*x3/(x0*x1**2)",
    "mse_train": 2.6594257662247026e-06,
    "mae_train": 0.0013042767792231043,
    "r2_train": 0.9999986572300407,
    "mse_test": 3.079926622532492e-09,
    "mae_test": 2.6742517847956318e-05,
    "r2_test": 0.9999999985183279
}