{
    "dataset": "feynman_I_38_12",
    "algorithm": "RILSROLSRegressor",
    "params": {
        "complexity_penalty": 0.001,
        "error_tolerance": 1e-16,
        "max_fit_calls": 1000000,
        "max_seconds": 7200,
        "random_state": 21962
    },
    "random_state": 21962,
    "process_time": 2202.875,
    "time_time": 2204.2004940509796,
    "target_noise": 0.01,
    "feature_noise": 0.0,
    "true_model": " 4*3.1415926535*epsilon*(h/(2*3.1415926535))**2/(m*q**2)",
    "model_size": 16,
    "symbolic_model": "0.31797545*x2**2*x3/(x0*x1**2)",
    "mse_train": 0.0002710416543456394,
    "mae_train": 0.013156347809987895,
    "r2_train": 0.9998695717029108,
    "mse_test": 3.2160199355992815e-06,
    "mae_test": 0.0008533054963634942,
    "r2_test": 0.9999985730331643
}