{
    "dataset": "feynman_I_38_12",
    "algorithm": "RILSROLSRegressor",
    "params": {
        "complexity_penalty": 0.001,
        "error_tolerance": 1e-16,
        "max_fit_calls": 1000000,
        "max_seconds": 7200,
        "random_state": 23654
    },
    "random_state": 23654,
    "process_time": 2193.953125,
    "time_time": 2194.276021718979,
    "target_noise": 0.1,
    "feature_noise": 0.0,
    "true_model": " 4*3.1415926535*epsilon*(h/(2*3.1415926535))**2/(m*q**2)",
    "model_size": 16,
    "symbolic_model": "0.31732987*x2**2*x3/(x0*x1**2)",
    "mse_train": 0.02659004686885354,
    "mae_train": 0.13041698243349814,
    "r2_train": 0.9867488196581788,
    "mse_test": 2.566297435896407e-05,
    "mae_test": 0.002441100189530894,
    "r2_test": 0.9999876542141706
}