{
    "dataset": "feynman_I_38_12",
    "algorithm": "RILSROLSRegressor",
    "params": {
        "complexity_penalty": 0.001,
        "error_tolerance": 1e-16,
        "max_fit_calls": 1000000,
        "max_seconds": 7200,
        "random_state": 16850
    },
    "random_state": 16850,
    "process_time": 2108.515625,
    "time_time": 2109.3272342681885,
    "target_noise": 0.1,
    "feature_noise": 0.0,
    "true_model": " 4*3.1415926535*epsilon*(h/(2*3.1415926535))**2/(m*q**2)",
    "model_size": 16,
    "symbolic_model": "0.32322026*x2**2*x3/(x0*x1**2)",
    "mse_train": 0.02731526447815688,
    "mae_train": 0.13227906262549557,
    "r2_train": 0.986328622178574,
    "mse_test": 0.0006153788535804479,
    "mae_test": 0.012126328667893376,
    "r2_test": 0.9996873067456298
}