{
    "dataset": "feynman_I_38_12",
    "algorithm": "RILSROLSRegressor",
    "params": {
        "complexity_penalty": 0.001,
        "error_tolerance": 1e-16,
        "max_fit_calls": 1000000,
        "max_seconds": 7200,
        "random_state": 28020
    },
    "random_state": 28020,
    "process_time": 2144.875,
    "time_time": 2146.285999774933,
    "target_noise": 0.1,
    "feature_noise": 0.0,
    "true_model": " 4*3.1415926535*epsilon*(h/(2*3.1415926535))**2/(m*q**2)",
    "model_size": 16,
    "symbolic_model": "0.31688448*x2**2*x3/(x0*x1**2)",
    "mse_train": 0.023801624354541202,
    "mae_train": 0.12236146424614869,
    "r2_train": 0.9866585096823268,
    "mse_test": 5.976698061613187e-05,
    "mae_test": 0.003679806548289996,
    "r2_test": 0.9999740730170252
}