{
    "dataset": "feynman_I_38_12",
    "algorithm": "RILSROLSRegressor",
    "params": {
        "complexity_penalty": 0.001,
        "error_tolerance": 1e-16,
        "max_fit_calls": 1000000,
        "max_seconds": 7200,
        "random_state": 23654
    },
    "random_state": 23654,
    "process_time": 2296.640625,
    "time_time": 2299.1161699295044,
    "target_noise": 0.01,
    "feature_noise": 0.0,
    "true_model": " 4*3.1415926535*epsilon*(h/(2*3.1415926535))**2/(m*q**2)",
    "model_size": 16,
    "symbolic_model": "0.31820826*x2**2*x3/(x0*x1**2)",
    "mse_train": 0.0002659162345916688,
    "mae_train": 0.013042102180660504,
    "r2_train": 0.9998657510319037,
    "mse_test": 2.7596355428555367e-07,
    "mae_test": 0.00025313836711665194,
    "r2_test": 0.999999867241151
}