{
    "dataset": "feynman_I_9_18",
    "algorithm": "RILSROLSRegressor",
    "params": {
        "complexity_penalty": 0.001,
        "error_tolerance": 1e-16,
        "max_fit_calls": 1000000,
        "max_seconds": 7200,
        "random_state": 4426
    },
    "random_state": 4426,
    "process_time": 4091.640625,
    "time_time": 4100.432918071747,
    "target_noise": 0.1,
    "feature_noise": 0.0,
    "true_model": " G*m1*m2/((x2-x1)**2+(y2-y1)**2+(z2-z1)**2)",
    "model_size": 36,
    "symbolic_model": "-0.09654297*x3 - 1.42585755*cos(x1**0.5*(x0*x2*(x4*x6 + x8))**0.5/((x5 + 1)*log(x7))) + 1.76800276",
    "mse_train": 0.0015847678674589822,
    "mae_train": 0.031269387475696436,
    "r2_train": 0.9017145899443157,
    "mse_test": 0.0006248079973752112,
    "mae_test": 0.018314589132807396,
    "r2_test": 0.9582493559461034
}