{
    "dataset": "feynman_I_9_18",
    "algorithm": "RILSROLSRegressor",
    "params": {
        "complexity_penalty": 0.001,
        "error_tolerance": 1e-16,
        "max_fit_calls": 1000000,
        "max_seconds": 7200,
        "random_state": 29910
    },
    "random_state": 29910,
    "process_time": 2626.375,
    "time_time": 2628.574056625366,
    "target_noise": 0.1,
    "feature_noise": 0.0,
    "true_model": " G*m1*m2/((x2-x1)**2+(y2-y1)**2+(z2-z1)**2)",
    "model_size": 36,
    "symbolic_model": "x0*x1*x2*(0.13092785*x3**2*x7**2 + 7.22861484*x4*x6*x8)/(x3**2*x5*x7**2)",
    "mse_train": 0.0011944714190121328,
    "mae_train": 0.027527584286659072,
    "r2_train": 0.9249278508668207,
    "mse_test": 0.0002045104320164548,
    "mae_test": 0.009969809374420525,
    "r2_test": 0.9864154285962582
}