{
    "dataset": "feynman_I_9_18",
    "algorithm": "RILSROLSRegressor",
    "params": {
        "complexity_penalty": 0.001,
        "error_tolerance": 1e-16,
        "max_fit_calls": 1000000,
        "max_seconds": 7200,
        "random_state": 860
    },
    "random_state": 860,
    "process_time": 2788.296875,
    "time_time": 2788.446243286133,
    "target_noise": 0.0,
    "feature_noise": 0.0,
    "true_model": " G*m1*m2/((x2-x1)**2+(y2-y1)**2+(z2-z1)**2)",
    "model_size": 26,
    "symbolic_model": "7.85150474*x0*x1*x2*(x4*x6*x8/(x5 + x7)**4)**0.5/x3",
    "mse_train": 0.00023977411214096768,
    "mae_train": 0.009785737306918136,
    "r2_train": 0.9845118547038294,
    "mse_test": 0.00023058017915157308,
    "mae_test": 0.009703978583551993,
    "r2_test": 0.9847369713571743
}