{
    "dataset": "feynman_I_9_18",
    "algorithm": "RILSROLSRegressor",
    "params": {
        "complexity_penalty": 0.001,
        "error_tolerance": 1e-16,
        "max_fit_calls": 1000000,
        "max_seconds": 7200,
        "random_state": 28020
    },
    "random_state": 28020,
    "process_time": 2936.96875,
    "time_time": 2938.982001543045,
    "target_noise": 0.0,
    "feature_noise": 0.0,
    "true_model": " G*m1*m2/((x2-x1)**2+(y2-y1)**2+(z2-z1)**2)",
    "model_size": 32,
    "symbolic_model": "40.9190305*(x0**2*x1**2*x2*x4*x6*x8)**0.5/(-x2 + x3 + x5 + x7)**3",
    "mse_train": 0.0001497583215348812,
    "mae_train": 0.008421918500480251,
    "r2_train": 0.9900113728202447,
    "mse_test": 0.00015947486875497865,
    "mae_test": 0.008525652649946964,
    "r2_test": 0.989669989158874
}