{
    "dataset": "feynman_I_9_18",
    "algorithm": "RILSROLSRegressor",
    "params": {
        "complexity_penalty": 0.001,
        "error_tolerance": 1e-16,
        "max_fit_calls": 1000000,
        "max_seconds": 7200,
        "random_state": 14423
    },
    "random_state": 14423,
    "process_time": 2849.234375,
    "time_time": 2851.574200153351,
    "target_noise": 0.0,
    "feature_noise": 0.0,
    "true_model": " G*m1*m2/((x2-x1)**2+(y2-y1)**2+(z2-z1)**2)",
    "model_size": 34,
    "symbolic_model": "1.98894234*(x0**2*x1**2*x2**2*x4*x6*x8/x7**2)**0.5/(x3*x5)",
    "mse_train": 0.0002721836040103218,
    "mae_train": 0.010822392979827481,
    "r2_train": 0.9825242733624961,
    "mse_test": 0.0002487818280649538,
    "mae_test": 0.010854145388497292,
    "r2_test": 0.9829677919685258
}