{
    "dataset": "feynman_I_9_18",
    "algorithm": "RILSROLSRegressor",
    "params": {
        "complexity_penalty": 0.001,
        "error_tolerance": 1e-16,
        "max_fit_calls": 1000000,
        "max_seconds": 7200,
        "random_state": 15795
    },
    "random_state": 15795,
    "process_time": 3012.5625,
    "time_time": 3013.1981267929077,
    "target_noise": 0.01,
    "feature_noise": 0.0,
    "true_model": " G*m1*m2/((x2-x1)**2+(y2-y1)**2+(z2-z1)**2)",
    "model_size": 40,
    "symbolic_model": "1.73347516*(x0**2*x1**2*x2**2*x4*x6*x8/(x5*(x3**2*x5*x7**2 - 100)))**0.5",
    "mse_train": 0.00016006438808799977,
    "mae_train": 0.008830178373869112,
    "r2_train": 0.9895365828841364,
    "mse_test": 0.0001542245868788212,
    "mae_test": 0.008254183978985181,
    "r2_test": 0.9898434944389631
}