{
    "dataset": "feynman_I_9_18",
    "algorithm": "RILSROLSRegressor",
    "params": {
        "complexity_penalty": 0.001,
        "error_tolerance": 1e-16,
        "max_fit_calls": 1000000,
        "max_seconds": 7200,
        "random_state": 860
    },
    "random_state": 860,
    "process_time": 3116.296875,
    "time_time": 3161.30557847023,
    "target_noise": 0.01,
    "feature_noise": 0.0,
    "true_model": " G*m1*m2/((x2-x1)**2+(y2-y1)**2+(z2-z1)**2)",
    "model_size": 34,
    "symbolic_model": "1.95196467*(x0**2*x1**2*x2**2*x4*x6*x8/(x3**2*x5**2*x7**2))**0.5",
    "mse_train": 0.0002616500619241068,
    "mae_train": 0.010363432684683243,
    "r2_train": 0.9831004352122763,
    "mse_test": 0.0002428906709703033,
    "mae_test": 0.009879581757442439,
    "r2_test": 0.9839220904340702
}