{
    "dataset": "feynman_I_9_18",
    "algorithm": "RILSROLSRegressor",
    "params": {
        "complexity_penalty": 0.001,
        "error_tolerance": 1e-16,
        "max_fit_calls": 1000000,
        "max_seconds": 7200,
        "random_state": 16850
    },
    "random_state": 16850,
    "process_time": 2962.1875,
    "time_time": 2963.4729273319244,
    "target_noise": 0.1,
    "feature_noise": 0.0,
    "true_model": " G*m1*m2/((x2-x1)**2+(y2-y1)**2+(z2-z1)**2)",
    "model_size": 40,
    "symbolic_model": "0.10007746*x0*x1*x2*x4/x3 + 0.08465308*x0*x2*x6*x8/x3 + 1213.30076303*x1/(x5 + x7)**5 - 0.09688757",
    "mse_train": 0.0018070776629158481,
    "mae_train": 0.0320867052465877,
    "r2_train": 0.8904814779097289,
    "mse_test": 0.0007525172128758691,
    "mae_test": 0.017119948154717225,
    "r2_test": 0.9498945583113164
}