{
    "dataset": "feynman_I_9_18",
    "algorithm": "RILSROLSRegressor",
    "params": {
        "complexity_penalty": 0.001,
        "error_tolerance": 1e-16,
        "max_fit_calls": 1000000,
        "max_seconds": 7200,
        "random_state": 21962
    },
    "random_state": 21962,
    "process_time": 3174.40625,
    "time_time": 3177.3422000408173,
    "target_noise": 0.1,
    "feature_noise": 0.0,
    "true_model": " G*m1*m2/((x2-x1)**2+(y2-y1)**2+(z2-z1)**2)",
    "model_size": 36,
    "symbolic_model": "1.55645862*x0*(x1**2*x2**2*x4*x6*x8/(x3**2*(x4 - x5*x7 + 1)**2))**0.5",
    "mse_train": 0.001207753509444498,
    "mae_train": 0.02762383079004195,
    "r2_train": 0.9252310726678538,
    "mse_test": 0.00025714773177016546,
    "mae_test": 0.011968904575277627,
    "r2_test": 0.9827871403219234
}