{
    "dataset": "feynman_II_6_15b",
    "algorithm": "RILSROLSRegressor",
    "params": {
        "complexity_penalty": 0.001,
        "error_tolerance": 1e-16,
        "max_fit_calls": 1000000,
        "max_seconds": 7200,
        "random_state": 14423
    },
    "random_state": 14423,
    "process_time": 2372.0,
    "time_time": 2375.445714712143,
    "target_noise": 0.01,
    "feature_noise": 0.0,
    "true_model": " p_d/(4*3.1415926535*epsilon)*3*cos(theta)*sin(theta)/r**3",
    "model_size": 48,
    "symbolic_model": "-0.00400034*x2**5*cos(x2)/(x0*(x3**2 + x3/x1**2)**2) + 0.51111589*cos(x2)/(x0*(0.5*x3**2 + x3/x1)**2)",
    "mse_train": 2.7879775352872654e-05,
    "mae_train": 0.0018194199919626172,
    "r2_train": 0.9679238192113205,
    "mse_test": 2.5006232857414615e-05,
    "mae_test": 0.0017513243577856458,
    "r2_test": 0.9720885122378844
}