{
    "dataset": "feynman_II_6_15b",
    "algorithm": "RILSROLSRegressor",
    "params": {
        "complexity_penalty": 0.001,
        "error_tolerance": 1e-16,
        "max_fit_calls": 1000000,
        "max_seconds": 7200,
        "random_state": 5390
    },
    "random_state": 5390,
    "process_time": 2753.765625,
    "time_time": 2754.8271300792694,
    "target_noise": 0.001,
    "feature_noise": 0.0,
    "true_model": " p_d/(4*3.1415926535*epsilon)*3*cos(theta)*sin(theta)/r**3",
    "model_size": 17,
    "symbolic_model": "0.11936978*x1*sin(2*x2)/(x0*x3**3)",
    "mse_train": 1.022862369379609e-09,
    "mae_train": 2.5531557713105468e-05,
    "r2_train": 0.9999988876583916,
    "mse_test": 8.87272413548872e-13,
    "mae_test": 5.547365441647508e-07,
    "r2_test": 0.9999999990050001
}