{
    "dataset": "feynman_II_6_15b",
    "algorithm": "RILSROLSRegressor",
    "params": {
        "complexity_penalty": 0.001,
        "error_tolerance": 1e-16,
        "max_fit_calls": 1000000,
        "max_seconds": 7200,
        "random_state": 860
    },
    "random_state": 860,
    "process_time": 2481.78125,
    "time_time": 2482.01309466362,
    "target_noise": 0.001,
    "feature_noise": 0.0,
    "true_model": " p_d/(4*3.1415926535*epsilon)*3*cos(theta)*sin(theta)/r**3",
    "model_size": 17,
    "symbolic_model": "0.11935709*x1*sin(2*x2)/(x0*x3**3)",
    "mse_train": 1.079046607581587e-09,
    "mae_train": 2.6315156792026422e-05,
    "r2_train": 0.9999988724615776,
    "mse_test": 5.6044049128914784e-12,
    "mae_test": 1.3992630988945867e-06,
    "r2_test": 0.9999999935100236
}