{
    "dataset": "feynman_II_6_15b",
    "algorithm": "RILSROLSRegressor",
    "params": {
        "complexity_penalty": 0.001,
        "error_tolerance": 1e-16,
        "max_fit_calls": 1000000,
        "max_seconds": 7200,
        "random_state": 15795
    },
    "random_state": 15795,
    "process_time": 2381.1875,
    "time_time": 2381.5730249881744,
    "target_noise": 0.01,
    "feature_noise": 0.0,
    "true_model": " p_d/(4*3.1415926535*epsilon)*3*cos(theta)*sin(theta)/r**3",
    "model_size": 17,
    "symbolic_model": "0.11956339*x1*sin(2*x2)/(x0*x3**3)",
    "mse_train": 9.497130333731369e-08,
    "mae_train": 0.0002461912567098312,
    "r2_train": 0.9998877247696745,
    "mse_test": 2.7501965794591868e-09,
    "mae_test": 3.06620057381953e-05,
    "r2_test": 0.9999969853210431
}