{
    "dataset": "feynman_II_6_15b",
    "algorithm": "RILSROLSRegressor",
    "params": {
        "complexity_penalty": 0.001,
        "error_tolerance": 1e-16,
        "max_fit_calls": 1000000,
        "max_seconds": 7200,
        "random_state": 5390
    },
    "random_state": 5390,
    "process_time": 3168.75,
    "time_time": 3170.441967010498,
    "target_noise": 0.1,
    "feature_noise": 0.0,
    "true_model": " p_d/(4*3.1415926535*epsilon)*3*cos(theta)*sin(theta)/r**3",
    "model_size": 59,
    "symbolic_model": "-0.00403024 + 52.5540698/(exp(x2 + x3) + (x0 + x1)**2*exp(x3)/x1**2)**2 - 4.23218724/(x3*(exp(x3)*log(x0/x1) + exp(0.31830989**x2*x2**x2 + 3.14159265*0.31830989**x2 + x3))**2)",
    "mse_train": 7.736297130005683e-05,
    "mae_train": 0.005658203946682281,
    "r2_train": 0.9166741665932198,
    "mse_test": 6.543879268465956e-05,
    "mae_test": 0.004890393350557153,
    "r2_test": 0.9266160097887829
}