{
    "dataset": "feynman_II_6_15b",
    "algorithm": "RILSROLSRegressor",
    "params": {
        "complexity_penalty": 0.001,
        "error_tolerance": 1e-16,
        "max_fit_calls": 1000000,
        "max_seconds": 7200,
        "random_state": 29910
    },
    "random_state": 29910,
    "process_time": 2432.453125,
    "time_time": 2433.9604530334473,
    "target_noise": 0.01,
    "feature_noise": 0.0,
    "true_model": " p_d/(4*3.1415926535*epsilon)*3*cos(theta)*sin(theta)/r**3",
    "model_size": 17,
    "symbolic_model": "0.11929715*x1*sin(2*x2)/(x0*x3**3)",
    "mse_train": 1.1020918550999528e-07,
    "mae_train": 0.00026539700396325893,
    "r2_train": 0.9998860371618923,
    "mse_test": 3.296693622338934e-10,
    "mae_test": 1.0681118351442685e-05,
    "r2_test": 0.999999629064483
}