{
    "dataset": "feynman_II_6_15b",
    "algorithm": "RILSROLSRegressor",
    "params": {
        "complexity_penalty": 0.001,
        "error_tolerance": 1e-16,
        "max_fit_calls": 1000000,
        "max_seconds": 7200,
        "random_state": 14423
    },
    "random_state": 14423,
    "process_time": 2323.453125,
    "time_time": 2323.5843212604523,
    "target_noise": 0.0,
    "feature_noise": 0.0,
    "true_model": " p_d/(4*3.1415926535*epsilon)*3*cos(theta)*sin(theta)/r**3",
    "model_size": 36,
    "symbolic_model": "(-0.00032659*x0*(x3 + 1/x1)**4 - 1.88664649*cos(x2)**5 + 2.21725826*cos(x2))/(x0*(x3 + 1/x1)**4)",
    "mse_train": 5.6450397338805596e-06,
    "mae_train": 0.001220547469763632,
    "r2_train": 0.9935056735111557,
    "mse_test": 5.760431630570766e-06,
    "mae_test": 0.0012204152054756208,
    "r2_test": 0.9935703143341119
}