{
    "dataset": "feynman_I_12_4",
    "algorithm": "RILSROLSRegressor",
    "params": {
        "complexity_penalty": 0.001,
        "error_tolerance": 1e-16,
        "fitness_type": "FitnessType.BIC",
        "initial_sample_size": 0.01,
        "max_fit_calls": 1000000,
        "max_seconds": 7200,
        "random_perturbations_order": false,
        "random_state": 15795,
        "verbose": false
    },
    "random_state": 15795,
    "process_time": 2019.75,
    "time_time": 2020.0478386878967,
    "target_noise": 0.001,
    "feature_noise": 0.0,
    "true_model": " q1*r/(4*3.1415926535*epsilon*r**3)",
    "model_size": 20,
    "symbolic_model": "0.079615*x0/(x1*x2**2) + 2.05e-5 - 7.14e-5/x2",
    "mse_train": 1.1563824593703132e-09,
    "mae_train": 2.7037024562309488e-05,
    "r2_train": 0.9999983421300055,
    "mse_test": 9.924135850320658e-11,
    "mae_test": 7.095961681656564e-06,
    "r2_test": 0.9999998651059316
}