{
    "dataset": "feynman_I_12_4",
    "algorithm": "RILSROLSRegressor",
    "params": {
        "complexity_penalty": 0.001,
        "error_tolerance": 1e-16,
        "fitness_type": "FitnessType.BIC",
        "initial_sample_size": 0.01,
        "max_fit_calls": 1000000,
        "max_seconds": 7200,
        "random_perturbations_order": false,
        "random_state": 15795,
        "verbose": false
    },
    "random_state": 15795,
    "process_time": 6.40625,
    "time_time": 6.400001525878906,
    "target_noise": 0.0,
    "feature_noise": 0.0,
    "true_model": " q1*r/(4*3.1415926535*epsilon*r**3)",
    "model_size": 12,
    "symbolic_model": "0.07957747*x0/(x1*x2**2)",
    "mse_train": 4.0079253673022673e-19,
    "mae_train": 3.70877689674328e-10,
    "r2_train": 0.9999999999999994,
    "mse_test": 4.18911331161961e-19,
    "mae_test": 3.758377177011732e-10,
    "r2_test": 0.9999999999999994
}