{
    "dataset": "feynman_I_12_4",
    "algorithm": "RILSROLSRegressor",
    "params": {
        "complexity_penalty": 0.001,
        "error_tolerance": 1e-16,
        "fitness_type": "FitnessType.BIC",
        "initial_sample_size": 0.01,
        "max_fit_calls": 1000000,
        "max_seconds": 7200,
        "random_perturbations_order": false,
        "random_state": 21962,
        "verbose": false
    },
    "random_state": 21962,
    "process_time": 5.03125,
    "time_time": 5.028998851776123,
    "target_noise": 0.0,
    "feature_noise": 0.0,
    "true_model": " q1*r/(4*3.1415926535*epsilon*r**3)",
    "model_size": 12,
    "symbolic_model": "0.07957747*x0/(x1*x2**2)",
    "mse_train": 4.181837271384263e-19,
    "mae_train": 3.7390884024391225e-10,
    "r2_train": 0.9999999999999994,
    "mse_test": 4.2585853578022967e-19,
    "mae_test": 3.782303850651111e-10,
    "r2_test": 0.9999999999999994
}