{
    "dataset": "feynman_I_12_4",
    "algorithm": "RILSROLSRegressor",
    "params": {
        "complexity_penalty": 0.001,
        "error_tolerance": 1e-16,
        "fitness_type": "FitnessType.BIC",
        "initial_sample_size": 0.01,
        "max_fit_calls": 1000000,
        "max_seconds": 7200,
        "random_perturbations_order": false,
        "random_state": 23654,
        "verbose": false
    },
    "random_state": 23654,
    "process_time": 2183.0,
    "time_time": 2184.5663731098175,
    "target_noise": 0.001,
    "feature_noise": 0.0,
    "true_model": " q1*r/(4*3.1415926535*epsilon*r**3)",
    "model_size": 12,
    "symbolic_model": "0.07958674*x0/(x1*x2**2)",
    "mse_train": 1.246031098476335e-09,
    "mae_train": 2.823552485659133e-05,
    "r2_train": 0.9999984767901533,
    "mse_test": 1.4345688520406158e-11,
    "mae_test": 2.2162929043621925e-06,
    "r2_test": 0.9999999793712891
}