{
    "dataset": "feynman_I_12_4",
    "algorithm": "RILSROLSRegressor",
    "params": {
        "complexity_penalty": 0.001,
        "error_tolerance": 1e-16,
        "fitness_type": "FitnessType.BIC",
        "initial_sample_size": 0.01,
        "max_fit_calls": 1000000,
        "max_seconds": 7200,
        "random_perturbations_order": false,
        "random_state": 23654,
        "verbose": false
    },
    "random_state": 23654,
    "process_time": 6.578125,
    "time_time": 6.571999788284302,
    "target_noise": 0.0,
    "feature_noise": 0.0,
    "true_model": " q1*r/(4*3.1415926535*epsilon*r**3)",
    "model_size": 12,
    "symbolic_model": "0.07957747*x0/(x1*x2**2)",
    "mse_train": 4.58598067580782e-19,
    "mae_train": 3.8712735946760124e-10,
    "r2_train": 0.9999999999999994,
    "mse_test": 3.991134272154775e-19,
    "mae_test": 3.696703244581356e-10,
    "r2_test": 0.9999999999999994
}