{
    "dataset": "feynman_I_12_4",
    "algorithm": "RILSROLSRegressor",
    "params": {
        "complexity_penalty": 0.001,
        "error_tolerance": 1e-16,
        "fitness_type": "FitnessType.BIC",
        "initial_sample_size": 0.01,
        "max_fit_calls": 1000000,
        "max_seconds": 7200,
        "random_perturbations_order": false,
        "random_state": 16850,
        "verbose": false
    },
    "random_state": 16850,
    "process_time": 5.28125,
    "time_time": 5.2760374546051025,
    "target_noise": 0.0,
    "feature_noise": 0.0,
    "true_model": " q1*r/(4*3.1415926535*epsilon*r**3)",
    "model_size": 12,
    "symbolic_model": "0.07957747*x0/(x1*x2**2)",
    "mse_train": 4.002263438690265e-19,
    "mae_train": 3.698612332776719e-10,
    "r2_train": 0.9999999999999994,
    "mse_test": 4.238926104384488e-19,
    "mae_test": 3.77356486515319e-10,
    "r2_test": 0.9999999999999994
}