{
    "dataset": "feynman_III_10_19",
    "algorithm": "RILSROLSRegressor",
    "params": {
        "complexity_penalty": 0.001,
        "error_tolerance": 1e-16,
        "fitness_type": "FitnessType.BIC",
        "initial_sample_size": 0.01,
        "max_fit_calls": 1000000,
        "max_seconds": 7200,
        "random_perturbations_order": false,
        "random_state": 16850,
        "verbose": false
    },
    "random_state": 16850,
    "process_time": 3109.3125,
    "time_time": 3109.6201453208923,
    "target_noise": 0.0,
    "feature_noise": 0.0,
    "true_model": " mom*sqrt(Bx**2+By**2+Bz**2)",
    "model_size": 56,
    "symbolic_model": "1.11753294*x0*x1 + 1.61502245*x0*x2**2/(x1 + x2 + x3) - 0.49893619*x0*x2 + 1.11727086*x0*x3 - 1.61960639*x0*x3/(1 + x2/x1 + x3/x1)",
    "mse_train": 0.00035367548371217846,
    "mae_train": 0.012648467084552114,
    "r2_train": 0.9999933738391059,
    "mse_test": 0.00036355978767054067,
    "mae_test": 0.012543662164160998,
    "r2_test": 0.9999931810203024
}