{
    "dataset": "feynman_III_10_19",
    "algorithm": "RILSROLSRegressor",
    "params": {
        "complexity_penalty": 0.001,
        "error_tolerance": 1e-16,
        "fitness_type": "FitnessType.BIC",
        "initial_sample_size": 0.01,
        "max_fit_calls": 1000000,
        "max_seconds": 7200,
        "random_perturbations_order": false,
        "random_state": 28020,
        "verbose": false
    },
    "random_state": 28020,
    "process_time": 3415.9375,
    "time_time": 3418.034436225891,
    "target_noise": 0.0,
    "feature_noise": 0.0,
    "true_model": " mom*sqrt(Bx**2+By**2+Bz**2)",
    "model_size": 62,
    "symbolic_model": "-0.00181165*x0*x1**2*x3/x2 + 1.01453019*x0*x1 + 1.15036193*x0*x2**2/(x1 + x2) - 0.15637372*x0*x2 + 1.19924891*x0*x3**2/(x1 + x2 + x3) - 0.09410396*x0*x3",
    "mse_train": 0.0032720426287985256,
    "mae_train": 0.036088462950948266,
    "r2_train": 0.9999395971406949,
    "mse_test": 0.0032392640885327444,
    "mae_test": 0.03581315187072515,
    "r2_test": 0.9999379891621258
}