{
    "dataset": "feynman_test_10",
    "algorithm": "RILSROLSRegressor",
    "params": {
        "complexity_penalty": 0.001,
        "error_tolerance": 1e-16,
        "max_fit_calls": 1000000,
        "max_seconds": 7200,
        "random_state": 23654
    },
    "random_state": 23654,
    "process_time": 2133.890625,
    "time_time": 2136.570881843567,
    "target_noise": 0.01,
    "feature_noise": 0.0,
    "true_model": " arccos((cos(theta2)-v/c)/(1-v/c*cos(theta2)))",
    "model_size": 24,
    "symbolic_model": "(x0*(2.96552888*x2**0.5 - 2.14684753) - 0.66685342*x1*x2 + 2.09663856*x1)/x0",
    "mse_train": 0.0007394267100535784,
    "mae_train": 0.02160137337561856,
    "r2_train": 0.9967156000254582,
    "mse_test": 0.0001758324267977703,
    "mae_test": 0.010360973795435163,
    "r2_test": 0.9992329649255496
}