{
    "dataset": "feynman_test_10",
    "algorithm": "RILSROLSRegressor",
    "params": {
        "complexity_penalty": 0.001,
        "error_tolerance": 1e-16,
        "max_fit_calls": 1000000,
        "max_seconds": 7200,
        "random_state": 16850
    },
    "random_state": 16850,
    "process_time": 2414.875,
    "time_time": 2422.3333768844604,
    "target_noise": 0.1,
    "feature_noise": 0.0,
    "true_model": " arccos((cos(theta2)-v/c)/(1-v/c*cos(theta2)))",
    "model_size": 31,
    "symbolic_model": "0.8718457*x2 + 0.01981545*x2*log(x1)**2/(x0**0.5 + sin(x0) - sin(x2))**x2 + 0.49095993",
    "mse_train": 0.06943244334196082,
    "mae_train": 0.20930812490635195,
    "r2_train": 0.7576608216330913,
    "mse_test": 0.01118028981110837,
    "mae_test": 0.07403019727651475,
    "r2_test": 0.9513381616188961
}