{
    "dataset": "feynman_test_10",
    "algorithm": "RILSROLSRegressor",
    "params": {
        "complexity_penalty": 0.001,
        "error_tolerance": 1e-16,
        "max_fit_calls": 1000000,
        "max_seconds": 7200,
        "random_state": 5390
    },
    "random_state": 5390,
    "process_time": 2174.53125,
    "time_time": 2174.6401143074036,
    "target_noise": 0.0,
    "feature_noise": 0.0,
    "true_model": " arccos((cos(theta2)-v/c)/(1-v/c*cos(theta2)))",
    "model_size": 24,
    "symbolic_model": "(x0*(2.87826137*x2**0.5 - 2.04176743) - 0.5820747*x1*x2 + 1.96877293*x1)/x0",
    "mse_train": 0.00011289191534481671,
    "mae_train": 0.007406806562255605,
    "r2_train": 0.9995011804819584,
    "mse_test": 0.00011416730258692259,
    "mae_test": 0.007456430673828461,
    "r2_test": 0.9995018556674905
}