{
    "dataset": "feynman_test_10",
    "algorithm": "RILSROLSRegressor",
    "params": {
        "complexity_penalty": 0.001,
        "error_tolerance": 1e-16,
        "max_fit_calls": 1000000,
        "max_seconds": 7200,
        "random_state": 28020
    },
    "random_state": 28020,
    "process_time": 2043.265625,
    "time_time": 2044.6330015659332,
    "target_noise": 0.0,
    "feature_noise": 0.0,
    "true_model": " arccos((cos(theta2)-v/c)/(1-v/c*cos(theta2)))",
    "model_size": 21,
    "symbolic_model": "1.03477948*x2 - 0.09153085 + 1.40859663*x1*sin(x2)/(x0*x2**0.5)",
    "mse_train": 7.837331884560105e-05,
    "mae_train": 0.006411081685828211,
    "r2_train": 0.9996614520477526,
    "mse_test": 7.812377450898182e-05,
    "mae_test": 0.006497321518083455,
    "r2_test": 0.9996563519709946
}