{
    "dataset": "feynman_test_10",
    "algorithm": "RILSROLSRegressor",
    "params": {
        "complexity_penalty": 0.001,
        "error_tolerance": 1e-16,
        "max_fit_calls": 1000000,
        "max_seconds": 7200,
        "random_state": 23654
    },
    "random_state": 23654,
    "process_time": 2095.1875,
    "time_time": 2095.288895845413,
    "target_noise": 0.0,
    "feature_noise": 0.0,
    "true_model": " arccos((cos(theta2)-v/c)/(1-v/c*cos(theta2)))",
    "model_size": 24,
    "symbolic_model": "(x0*(2.91053151*x2**0.5 - 2.08561928) - 0.60807244*x1*x2 + 2.02313445*x1)/x0",
    "mse_train": 0.00011578563336172895,
    "mae_train": 0.007973861640667516,
    "r2_train": 0.9994839618732836,
    "mse_test": 0.00011544530985433052,
    "mae_test": 0.007969575858753776,
    "r2_test": 0.9994963920850566
}