{
    "dataset": "feynman_test_10",
    "algorithm": "RILSROLSRegressor",
    "params": {
        "complexity_penalty": 0.001,
        "error_tolerance": 1e-16,
        "max_fit_calls": 1000000,
        "max_seconds": 7200,
        "random_state": 14423
    },
    "random_state": 14423,
    "process_time": 2046.5,
    "time_time": 2047.3277397155762,
    "target_noise": 0.1,
    "feature_noise": 0.0,
    "true_model": " arccos((cos(theta2)-v/c)/(1-v/c*cos(theta2)))",
    "model_size": 33,
    "symbolic_model": "1.37141084*log(x2) + 0.18224462*sin(x0*cos(x0/x1) + cos(x2) + 1) + 1.85770197 - 0.4949657*log(x0)/x1",
    "mse_train": 0.07689792620257777,
    "mae_train": 0.21955563789095905,
    "r2_train": 0.7310817237011206,
    "mse_test": 0.021009047663546145,
    "mae_test": 0.1167805706415158,
    "r2_test": 0.9073921377206234
}