{
    "dataset": "feynman_test_10",
    "algorithm": "RILSROLSRegressor",
    "params": {
        "complexity_penalty": 0.001,
        "error_tolerance": 1e-16,
        "max_fit_calls": 1000000,
        "max_seconds": 7200,
        "random_state": 5390
    },
    "random_state": 5390,
    "process_time": 2065.15625,
    "time_time": 2065.5811507701874,
    "target_noise": 0.01,
    "feature_noise": 0.0,
    "true_model": " arccos((cos(theta2)-v/c)/(1-v/c*cos(theta2)))",
    "model_size": 21,
    "symbolic_model": "0.92659192*x2 + 0.29684507 + 1.38288088*x1**2*sin(x2)**2/x0**2",
    "mse_train": 0.001113081135748865,
    "mae_train": 0.026094568533744814,
    "r2_train": 0.9951027715715143,
    "mse_test": 0.0005864971087377739,
    "mae_test": 0.018061300206834798,
    "r2_test": 0.99744094671477
}