{
    "dataset": "feynman_test_10",
    "algorithm": "RILSROLSRegressor",
    "params": {
        "complexity_penalty": 0.001,
        "error_tolerance": 1e-16,
        "max_fit_calls": 1000000,
        "max_seconds": 7200,
        "random_state": 29910
    },
    "random_state": 29910,
    "process_time": 2106.9375,
    "time_time": 2107.0599658489227,
    "target_noise": 0.0,
    "feature_noise": 0.0,
    "true_model": " arccos((cos(theta2)-v/c)/(1-v/c*cos(theta2)))",
    "model_size": 24,
    "symbolic_model": "(x0*(2.88576661*x2**0.5 - 2.05636234) - 0.59572896*x1*x2 + 2.00666584*x1)/x0",
    "mse_train": 0.00012125236890852258,
    "mae_train": 0.007668752753621109,
    "r2_train": 0.9994721288519678,
    "mse_test": 0.00011527948952431402,
    "mae_test": 0.007568063404582533,
    "r2_test": 0.9994977004746831
}