{
    "dataset": "feynman_test_10",
    "algorithm": "RILSROLSRegressor",
    "params": {
        "complexity_penalty": 0.001,
        "error_tolerance": 1e-16,
        "max_fit_calls": 1000000,
        "max_seconds": 7200,
        "random_state": 29910
    },
    "random_state": 29910,
    "process_time": 1761.75,
    "time_time": 1762.8020312786102,
    "target_noise": 0.1,
    "feature_noise": 0.0,
    "true_model": " arccos((cos(theta2)-v/c)/(1-v/c*cos(theta2)))",
    "model_size": 25,
    "symbolic_model": "0.12138499*x1 - 0.61813581*log(x0)*cos(x2) + 0.09925957*sin(x2 + 100/x1**2) + 1.716015",
    "mse_train": 0.07026025438839527,
    "mae_train": 0.2111978446577833,
    "r2_train": 0.754717081142134,
    "mse_test": 0.012522771144709136,
    "mae_test": 0.09054221222763997,
    "r2_test": 0.9454353759927746
}