{
    "dataset": "feynman_test_13",
    "algorithm": "RILSROLSRegressor",
    "params": {
        "complexity_penalty": 0.001,
        "error_tolerance": 1e-16,
        "fitness_type": "FitnessType.BIC",
        "initial_sample_size": 0.01,
        "max_fit_calls": 1000000,
        "max_seconds": 7200,
        "random_perturbations_order": false,
        "random_state": 14423,
        "verbose": false
    },
    "random_state": 14423,
    "process_time": 2838.171875,
    "time_time": 2839.843858242035,
    "target_noise": 0.0,
    "feature_noise": 0.0,
    "true_model": " 1/(4*3.1415926535*epsilon)*q/sqrt(r**2+d**2-2*r*d*cos(alpha))",
    "model_size": 99,
    "symbolic_model": "x3*x4*(x2 + 1)**2/(x1*(x1*x3*x4 + x2*x3*x4 + x4)*sin((x3 + 1)**4)) + x4*(x2 + 1)**2/(x0*x1*sin((x3 + 1)**4)) + x4*(x2 + 1)**2/(x0*x1*(x1*x3 + x1 + x2)**2*sin((x3 + 1)**4))",
    "mse_train": 2991495.8843061067,
    "mae_train": 155.9633256899285,
    "r2_train": -12691650162.164465,
    "mse_test": 532137644.6298302,
    "mae_test": 303.0058520353998,
    "r2_test": -2224465770384.6064
}