{
    "dataset": "feynman_test_13",
    "algorithm": "RILSROLSRegressor",
    "params": {
        "complexity_penalty": 0.001,
        "error_tolerance": 1e-16,
        "fitness_type": "FitnessType.BIC",
        "initial_sample_size": 0.01,
        "max_fit_calls": 1000000,
        "max_seconds": 7200,
        "random_perturbations_order": false,
        "random_state": 4426,
        "verbose": false
    },
    "random_state": 4426,
    "process_time": 2880.3125,
    "time_time": 2880.9725756645203,
    "target_noise": 0.0,
    "feature_noise": 0.0,
    "true_model": " 1/(4*3.1415926535*epsilon)*q/sqrt(r**2+d**2-2*r*d*cos(alpha))",
    "model_size": 45,
    "symbolic_model": "0.01011059*x0*cos(x3)/(x4*(x2/(x1 + 0.5) + sin(log(x3**2 + 0.5)) - 0.5)) + 0.074331*x0/(x2*x4) + 0.00047402",
    "mse_train": 7.538811914092332e-06,
    "mae_train": 0.000999528157655529,
    "r2_train": 0.9671154801310095,
    "mse_test": 9.039162240826958e-06,
    "mae_test": 0.0010212498410032266,
    "r2_test": 0.9625312525695894
}