{
    "dataset": "feynman_test_13",
    "algorithm": "RILSROLSRegressor",
    "params": {
        "complexity_penalty": 0.001,
        "error_tolerance": 1e-16,
        "fitness_type": "FitnessType.BIC",
        "initial_sample_size": 0.01,
        "max_fit_calls": 1000000,
        "max_seconds": 7200,
        "random_perturbations_order": false,
        "random_state": 860,
        "verbose": false
    },
    "random_state": 860,
    "process_time": 2631.390625,
    "time_time": 2631.9862632751465,
    "target_noise": 0.0,
    "feature_noise": 0.0,
    "true_model": " 1/(4*3.1415926535*epsilon)*q/sqrt(r**2+d**2-2*r*d*cos(alpha))",
    "model_size": 35,
    "symbolic_model": "0.00931484*4**cos(x3)*x0*x1/(x2*x4) + 0.05305292*x0/(x4*(x1 + x2 - 2))",
    "mse_train": 4.529412312272432e-06,
    "mae_train": 0.0008014474794933987,
    "r2_train": 0.981164812091868,
    "mse_test": 3.6811067295531984e-06,
    "mae_test": 0.0007844646116877475,
    "r2_test": 0.9838192900378195
}