{
    "dataset": "feynman_test_13",
    "algorithm": "RILSROLSRegressor",
    "params": {
        "complexity_penalty": 0.001,
        "error_tolerance": 1e-16,
        "fitness_type": "FitnessType.BIC",
        "initial_sample_size": 0.01,
        "max_fit_calls": 1000000,
        "max_seconds": 7200,
        "random_perturbations_order": false,
        "random_state": 23654,
        "verbose": false
    },
    "random_state": 23654,
    "process_time": 2493.0,
    "time_time": 2493.1829583644867,
    "target_noise": 0.0,
    "feature_noise": 0.0,
    "true_model": " 1/(4*3.1415926535*epsilon)*q/sqrt(r**2+d**2-2*r*d*cos(alpha))",
    "model_size": 38,
    "symbolic_model": "0.10761909*x0/(x4*(x1 + x2 + 3.14159265)) + 0.02453824*(2*x1)**cos(x3)*sin(4*x0/(x2**2*x4))",
    "mse_train": 2.300598400653634e-06,
    "mae_train": 0.00045675326801587426,
    "r2_train": 0.9906328532824268,
    "mse_test": 1.8883106915319123e-06,
    "mae_test": 0.00043660548039928563,
    "r2_test": 0.9919594952175828
}