{
    "dataset": "feynman_test_13",
    "algorithm": "RILSROLSRegressor",
    "params": {
        "complexity_penalty": 0.001,
        "error_tolerance": 1e-16,
        "fitness_type": "FitnessType.BIC",
        "initial_sample_size": 0.01,
        "max_fit_calls": 1000000,
        "max_seconds": 7200,
        "random_perturbations_order": false,
        "random_state": 5390,
        "verbose": false
    },
    "random_state": 5390,
    "process_time": 2393.296875,
    "time_time": 2393.4591591358185,
    "target_noise": 0.0,
    "feature_noise": 0.0,
    "true_model": " 1/(4*3.1415926535*epsilon)*q/sqrt(r**2+d**2-2*r*d*cos(alpha))",
    "model_size": 50,
    "symbolic_model": "0.08082815*x0/(x2*x4) + 0.05739615*log(x0*x1)*cos(x3)/(x2*x4) + 0.01655309*log(x0*x1)*cos(2*x3)/(x2*x4)",
    "mse_train": 7.006850318085696e-06,
    "mae_train": 0.0011364449389511507,
    "r2_train": 0.9689722043731344,
    "mse_test": 8.541354468226244e-06,
    "mae_test": 0.001182852784115675,
    "r2_test": 0.9637161335722698
}