{
    "dataset": "feynman_test_13",
    "algorithm": "RILSROLSRegressor",
    "params": {
        "complexity_penalty": 0.001,
        "error_tolerance": 1e-16,
        "fitness_type": "FitnessType.BIC",
        "initial_sample_size": 0.01,
        "max_fit_calls": 1000000,
        "max_seconds": 7200,
        "random_perturbations_order": false,
        "random_state": 15795,
        "verbose": false
    },
    "random_state": 15795,
    "process_time": 2612.46875,
    "time_time": 2612.754432439804,
    "target_noise": 0.0,
    "feature_noise": 0.0,
    "true_model": " 1/(4*3.1415926535*epsilon)*q/sqrt(r**2+d**2-2*r*d*cos(alpha))",
    "model_size": 61,
    "symbolic_model": "0.00076602*x0*x1*exp(x3)/(x4*(x2**2 + exp(x1))) + 0.29648155*x0*x1*exp(-x3)/(x2**2*x4) + 0.02902255*(x0**2/(x1*x2))**0.5/x4",
    "mse_train": 3.173285460283409e-06,
    "mae_train": 0.0007772846085762275,
    "r2_train": 0.9872095025571234,
    "mse_test": 2.9593505606524083e-06,
    "mae_test": 0.0007812840244686636,
    "r2_test": 0.987259321960219
}