{
    "dataset": "feynman_II_11_28",
    "algorithm": "RILSROLSRegressor",
    "params": {
        "complexity_penalty": 0.001,
        "error_tolerance": 1e-16,
        "max_fit_calls": 1000000,
        "max_seconds": 7200,
        "random_state": 860
    },
    "random_state": 860,
    "process_time": 1870.96875,
    "time_time": 1871.9134287834167,
    "target_noise": 0.1,
    "feature_noise": 0.0,
    "true_model": " 1+n*alpha/(1-(n*alpha/3))",
    "model_size": 23,
    "symbolic_model": "-0.14852732*exp(x0**8)*sin(x1**(-2))**2 + 0.95115818*exp(x0*x1) + 0.15332302",
    "mse_train": 0.021943372719425785,
    "mae_train": 0.11851312694895562,
    "r2_train": 0.7860984938946943,
    "mse_test": 0.0039029638977325807,
    "mae_test": 0.05022883831609094,
    "r2_test": 0.9541144349056445
}