{
    "dataset": "feynman_II_11_28",
    "algorithm": "RILSROLSRegressor",
    "params": {
        "complexity_penalty": 0.001,
        "error_tolerance": 1e-16,
        "max_fit_calls": 1000000,
        "max_seconds": 7200,
        "random_state": 23654
    },
    "random_state": 23654,
    "process_time": 1690.59375,
    "time_time": 1691.1350629329681,
    "target_noise": 0.01,
    "feature_noise": 0.0,
    "true_model": " 1+n*alpha/(1-(n*alpha/3))",
    "model_size": 11,
    "symbolic_model": "1.07834657*exp(0.87402776*x0*x1) - 0.07506277",
    "mse_train": 0.00019846208873902047,
    "mae_train": 0.01126094348984435,
    "r2_train": 0.9976837596724079,
    "mse_test": 1.9441795265334362e-05,
    "mae_test": 0.003778339963277357,
    "r2_test": 0.9997690424175768
}