{
    "dataset": "feynman_II_11_28",
    "algorithm": "RILSROLSRegressor",
    "params": {
        "complexity_penalty": 0.001,
        "error_tolerance": 1e-16,
        "max_fit_calls": 1000000,
        "max_seconds": 7200,
        "random_state": 23654
    },
    "random_state": 23654,
    "process_time": 1895.203125,
    "time_time": 1895.3501970767975,
    "target_noise": 0.0,
    "feature_noise": 0.0,
    "true_model": " 1+n*alpha/(1-(n*alpha/3))",
    "model_size": 10,
    "symbolic_model": "1.24041029*2.2**(x0*x1) - 0.23907697",
    "mse_train": 1.0336534061292605e-06,
    "mae_train": 0.000840056452934801,
    "r2_train": 0.9999879054476417,
    "mse_test": 9.976185936659858e-07,
    "mae_test": 0.0008343169977265319,
    "r2_test": 0.9999881488527459
}