{
    "dataset": "feynman_II_11_28",
    "algorithm": "RILSROLSRegressor",
    "params": {
        "complexity_penalty": 0.001,
        "error_tolerance": 1e-16,
        "max_fit_calls": 1000000,
        "max_seconds": 7200,
        "random_state": 5390
    },
    "random_state": 5390,
    "process_time": 1649.90625,
    "time_time": 1650.4068446159363,
    "target_noise": 0.01,
    "feature_noise": 0.0,
    "true_model": " 1+n*alpha/(1-(n*alpha/3))",
    "model_size": 9,
    "symbolic_model": "0.90426495*exp(x0*x1) + 0.10655625",
    "mse_train": 0.0002512685620509214,
    "mae_train": 0.012411020856798433,
    "r2_train": 0.9969358532756432,
    "mse_test": 7.92186359633088e-05,
    "mae_test": 0.006247965096353149,
    "r2_test": 0.9990640399974655
}