{
    "dataset": "feynman_II_11_28",
    "algorithm": "RILSROLSRegressor",
    "params": {
        "complexity_penalty": 0.001,
        "error_tolerance": 1e-16,
        "max_fit_calls": 1000000,
        "max_seconds": 7200,
        "random_state": 4426
    },
    "random_state": 4426,
    "process_time": 1658.03125,
    "time_time": 1658.8235702514648,
    "target_noise": 0.01,
    "feature_noise": 0.0,
    "true_model": " 1+n*alpha/(1-(n*alpha/3))",
    "model_size": 10,
    "symbolic_model": "1.23914784*2.2**(x0*x1) - 0.23850022",
    "mse_train": 0.0001803221559055863,
    "mae_train": 0.010734605797429452,
    "r2_train": 0.99787254889281,
    "mse_test": 2.030299886670226e-06,
    "mae_test": 0.0011400906932429223,
    "r2_test": 0.9999759384906526
}