{
    "dataset": "feynman_II_34_29a",
    "algorithm": "RILSROLSRegressor",
    "params": {
        "complexity_penalty": 0.001,
        "error_tolerance": 1e-16,
        "max_fit_calls": 1000000,
        "max_seconds": 7200,
        "random_state": 16850
    },
    "random_state": 16850,
    "process_time": 2.59375,
    "time_time": 2.5879979133605957,
    "target_noise": 0.0,
    "feature_noise": 0.0,
    "true_model": " q*h/(4*3.1415926535*m)",
    "model_size": 10,
    "symbolic_model": "0.07957747*x0*x1/x2",
    "mse_train": 5.1296948374026567e-17,
    "mae_train": 5.615544791099173e-09,
    "r2_train": 0.999999999999999,
    "mse_test": 5.220425211488391e-17,
    "mae_test": 5.654888204844333e-09,
    "r2_test": 0.999999999999999
}