{
    "dataset": "feynman_II_34_29a",
    "algorithm": "RILSROLSRegressor",
    "params": {
        "complexity_penalty": 0.001,
        "error_tolerance": 1e-16,
        "max_fit_calls": 1000000,
        "max_seconds": 7200,
        "random_state": 15795
    },
    "random_state": 15795,
    "process_time": 1702.1875,
    "time_time": 1702.5374093055725,
    "target_noise": 0.01,
    "feature_noise": 0.0,
    "true_model": " q*h/(4*3.1415926535*m)",
    "model_size": 10,
    "symbolic_model": "0.0795707*x0*x1/x2",
    "mse_train": 1.3784995987535566e-05,
    "mae_train": 0.0029645657612583256,
    "r2_train": 0.9997378142647315,
    "mse_test": 9.859188563949897e-10,
    "mae_test": 2.4537021756778944e-05,
    "r2_test": 0.99999998140179
}