{
    "dataset": "feynman_II_34_29a",
    "algorithm": "RILSROLSRegressor",
    "params": {
        "complexity_penalty": 0.001,
        "error_tolerance": 1e-16,
        "max_fit_calls": 1000000,
        "max_seconds": 7200,
        "random_state": 5390
    },
    "random_state": 5390,
    "process_time": 2086.53125,
    "time_time": 2087.5288496017456,
    "target_noise": 0.001,
    "feature_noise": 0.0,
    "true_model": " q*h/(4*3.1415926535*m)",
    "model_size": 10,
    "symbolic_model": "0.07958125*x0*x1/x2",
    "mse_train": 1.3645897487344315e-07,
    "mae_train": 0.00029493044855392203,
    "r2_train": 0.9999974035987237,
    "mse_test": 3.041824661327279e-10,
    "mae_test": 1.3699589633112611e-05,
    "r2_test": 0.9999999941136993
}