{
    "dataset": "feynman_II_6_15b",
    "algorithm": "RILSROLSRegressor",
    "params": {
        "complexity_penalty": 0.001,
        "error_tolerance": 1e-16,
        "fitness_type": "FitnessType.BIC",
        "initial_sample_size": 0.01,
        "max_fit_calls": 1000000,
        "max_seconds": 7200,
        "random_perturbations_order": false,
        "random_state": 14423,
        "verbose": false
    },
    "random_state": 14423,
    "process_time": 140.46875,
    "time_time": 140.4673252105713,
    "target_noise": 0.0,
    "feature_noise": 0.0,
    "true_model": " p_d/(4*3.1415926535*epsilon)*3*cos(theta)*sin(theta)/r**3",
    "model_size": 17,
    "symbolic_model": "0.11936621*x1*sin(2*x2)/(x0*x3**3)",
    "mse_train": 4.903482049238179e-19,
    "mae_train": 4.129266809220336e-10,
    "r2_train": 0.9999999999999994,
    "mse_test": 5.005585758973464e-19,
    "mae_test": 4.148151349350549e-10,
    "r2_test": 0.9999999999999994
}