{
    "dataset": "feynman_II_6_15b",
    "algorithm": "RILSROLSRegressor",
    "params": {
        "complexity_penalty": 0.001,
        "error_tolerance": 1e-16,
        "fitness_type": "FitnessType.BIC",
        "initial_sample_size": 0.01,
        "max_fit_calls": 1000000,
        "max_seconds": 7200,
        "random_perturbations_order": false,
        "random_state": 15795,
        "verbose": false
    },
    "random_state": 15795,
    "process_time": 343.8125,
    "time_time": 343.8125491142273,
    "target_noise": 0.0,
    "feature_noise": 0.0,
    "true_model": " p_d/(4*3.1415926535*epsilon)*3*cos(theta)*sin(theta)/r**3",
    "model_size": 17,
    "symbolic_model": "0.11936621*x1*sin(2*x2)/(x0*x3**3)",
    "mse_train": 4.72842529940814e-19,
    "mae_train": 4.0517682375921927e-10,
    "r2_train": 0.9999999999999994,
    "mse_test": 5.084465342025403e-19,
    "mae_test": 4.1690909665086893e-10,
    "r2_test": 0.9999999999999994
}