{
    "dataset": "feynman_II_6_15b",
    "algorithm": "RILSROLSRegressor",
    "params": {
        "complexity_penalty": 0.001,
        "error_tolerance": 1e-16,
        "fitness_type": "FitnessType.BIC",
        "initial_sample_size": 0.01,
        "max_fit_calls": 1000000,
        "max_seconds": 7200,
        "random_perturbations_order": false,
        "random_state": 4426,
        "verbose": false
    },
    "random_state": 4426,
    "process_time": 284.15625,
    "time_time": 284.20931696891785,
    "target_noise": 0.0,
    "feature_noise": 0.0,
    "true_model": " p_d/(4*3.1415926535*epsilon)*3*cos(theta)*sin(theta)/r**3",
    "model_size": 17,
    "symbolic_model": "0.11936621*x1*sin(2*x2)/(x0*x3**3)",
    "mse_train": 4.871133238675702e-19,
    "mae_train": 4.094259856290522e-10,
    "r2_train": 0.9999999999999994,
    "mse_test": 4.933354777814994e-19,
    "mae_test": 4.151796692585876e-10,
    "r2_test": 0.9999999999999994
}