{
    "dataset": "strogatz_shearflow2",
    "algorithm": "RILSROLSRegressor",
    "params": {
        "complexity_penalty": 0.001,
        "error_tolerance": 1e-16,
        "max_fit_calls": 1000000,
        "max_seconds": 7200,
        "random_state": 29910
    },
    "random_state": 29910,
    "process_time": 835.59375,
    "time_time": 835.6059954166412,
    "target_noise": 0.0,
    "feature_noise": 0.0,
    "true_model": " (cos(y)**2 + 0.1 *  sin(y)**2) * sin(x)",
    "model_size": 12,
    "symbolic_model": "(1 - 0.9*sin(x1)**2)*sin(x0)",
    "mse_train": 1.354226338828778e-30,
    "mae_train": 7.857131828839514e-16,
    "r2_train": 1.0,
    "mse_test": 1.3398597724751674e-30,
    "mae_test": 8.262140971382336e-16,
    "r2_test": 1.0
}