{
    "dataset": "strogatz_shearflow2",
    "algorithm": "RILSROLSRegressor",
    "params": {
        "complexity_penalty": 0.001,
        "error_tolerance": 1e-16,
        "max_fit_calls": 1000000,
        "max_seconds": 7200,
        "random_state": 860
    },
    "random_state": 860,
    "process_time": 280.90625,
    "time_time": 280.9220907688141,
    "target_noise": 0.0,
    "feature_noise": 0.0,
    "true_model": " (cos(y)**2 + 0.1 *  sin(y)**2) * sin(x)",
    "model_size": 12,
    "symbolic_model": "(0.9*cos(x1)**2 + 0.1)*sin(x0)",
    "mse_train": 1.2634800263782872e-30,
    "mae_train": 7.702081883155983e-16,
    "r2_train": 1.0,
    "mse_test": 1.6148289509449394e-30,
    "mae_test": 8.729909156679483e-16,
    "r2_test": 1.0
}