{
    "dataset": "strogatz_shearflow2",
    "algorithm": "RILSROLSRegressor",
    "params": {
        "complexity_penalty": 0.001,
        "error_tolerance": 1e-16,
        "max_fit_calls": 1000000,
        "max_seconds": 7200,
        "random_state": 21962
    },
    "random_state": 21962,
    "process_time": 206.4375,
    "time_time": 206.56937289237976,
    "target_noise": 0.0,
    "feature_noise": 0.0,
    "true_model": " (cos(y)**2 + 0.1 *  sin(y)**2) * sin(x)",
    "model_size": 12,
    "symbolic_model": "(1 - 0.9*sin(x1)**2)*sin(x0)",
    "mse_train": 1.355168489714333e-30,
    "mae_train": 7.934095727057019e-16,
    "r2_train": 1.0,
    "mse_test": 1.3370333198185022e-30,
    "mae_test": 8.031249276729824e-16,
    "r2_test": 1.0
}