{
    "dataset": "strogatz_shearflow2",
    "algorithm": "RILSROLSRegressor",
    "params": {
        "complexity_penalty": 0.001,
        "error_tolerance": 1e-16,
        "max_fit_calls": 1000000,
        "max_seconds": 7200,
        "random_state": 4426
    },
    "random_state": 4426,
    "process_time": 2437.5625,
    "time_time": 2437.9870228767395,
    "target_noise": 0.1,
    "feature_noise": 0.0,
    "true_model": " (cos(y)**2 + 0.1 *  sin(y)**2) * sin(x)",
    "model_size": 12,
    "symbolic_model": "(0.44809213*cos(2*x1) + 0.55175581)*sin(x0)",
    "mse_train": 0.0005578292522284043,
    "mae_train": 0.01890813251513199,
    "r2_train": 0.9898767563539972,
    "mse_test": 5.799088121641256e-06,
    "mae_test": 0.0020770121610146648,
    "r2_test": 0.9999087446193955
}