{
    "dataset": "feynman_test_4",
    "algorithm": "RILSROLSRegressor",
    "params": {
        "complexity_penalty": 0.001,
        "error_tolerance": 1e-16,
        "max_fit_calls": 1000000,
        "max_seconds": 7200,
        "random_state": 16850
    },
    "random_state": 16850,
    "process_time": 2916.515625,
    "time_time": 2917.77348446846,
    "target_noise": 0.1,
    "feature_noise": 0.0,
    "true_model": " sqrt(2/m*(E_n-U-L**2/(2*m*r**2)))",
    "model_size": 53,
    "symbolic_model": "-0.08841126*x1*x4*sin(x0) + 0.04486365*x1*sin(x2) + 1.50034452*sin(x0) + 1.18421225 + 0.01379558*x1**2*x4/x0 + 3.578e-5*x1**3/(x0**3*(x0 - x2))",
    "mse_train": 1.16315084892972,
    "mae_train": 0.3290582007788417,
    "r2_train": -2.574647026229381,
    "mse_test": 210.2131406614593,
    "mae_test": 0.28116604565747066,
    "r2_test": -852.5442505515382
}