{
    "dataset": "feynman_test_4",
    "algorithm": "RILSROLSRegressor",
    "params": {
        "complexity_penalty": 0.001,
        "error_tolerance": 1e-16,
        "max_fit_calls": 1000000,
        "max_seconds": 7200,
        "random_state": 28020
    },
    "random_state": 28020,
    "process_time": 2535.015625,
    "time_time": 2537.3735134601593,
    "target_noise": 0.1,
    "feature_noise": 0.0,
    "true_model": " sqrt(2/m*(E_n-U-L**2/(2*m*r**2)))",
    "model_size": 36,
    "symbolic_model": "(x0*(0.20234277*cos(log(x4 + 1) + x1/x0) + 1.31105766) + 0.27838892*x1 - 0.015179*x2**2*x3**2)/x0",
    "mse_train": 0.11847675388916043,
    "mae_train": 0.2728415466976197,
    "r2_train": 0.6458801269695231,
    "mse_test": 0.03475888804853878,
    "mae_test": 0.14711920386114968,
    "r2_test": 0.8589212177742115
}