{
    "dataset": "feynman_test_4",
    "algorithm": "RILSROLSRegressor",
    "params": {
        "complexity_penalty": 0.001,
        "error_tolerance": 1e-16,
        "max_fit_calls": 1000000,
        "max_seconds": 7200,
        "random_state": 29910
    },
    "random_state": 29910,
    "process_time": 2448.125,
    "time_time": 2449.1714136600494,
    "target_noise": 0.01,
    "feature_noise": 0.0,
    "true_model": " sqrt(2/m*(E_n-U-L**2/(2*m*r**2)))",
    "model_size": 34,
    "symbolic_model": "1.46098643*(x1/x0 - x2/x0)**0.5 - 0.08596443 - 0.18735244*x3**2/(x0**2*x4**2)",
    "mse_train": 0.0013394333286181799,
    "mae_train": 0.027340229560882574,
    "r2_train": 0.9947079060628642,
    "mse_test": 0.000476920426037971,
    "mae_test": 0.010926383644507473,
    "r2_test": 0.9980780928159327
}