{
    "dataset": "feynman_test_4",
    "algorithm": "RILSROLSRegressor",
    "params": {
        "complexity_penalty": 0.001,
        "error_tolerance": 1e-16,
        "max_fit_calls": 1000000,
        "max_seconds": 7200,
        "random_state": 21962
    },
    "random_state": 21962,
    "process_time": 2392.328125,
    "time_time": 2392.6421456336975,
    "target_noise": 0.0,
    "feature_noise": 0.0,
    "true_model": " sqrt(2/m*(E_n-U-L**2/(2*m*r**2)))",
    "model_size": 29,
    "symbolic_model": "1.44956173*((x1 - x2)/x0)**0.5 + 0.393482*cos(x3/(x0*x4)) - 0.45900516",
    "mse_train": 0.0003513824220119015,
    "mae_train": 0.007648272346343354,
    "r2_train": 0.9985693331678033,
    "mse_test": 0.00032195646500613487,
    "mae_test": 0.00741972532551661,
    "r2_test": 0.9986970019257333
}