{
    "dataset": "feynman_test_4",
    "algorithm": "RILSROLSRegressor",
    "params": {
        "complexity_penalty": 0.001,
        "error_tolerance": 1e-16,
        "max_fit_calls": 1000000,
        "max_seconds": 7200,
        "random_state": 860
    },
    "random_state": 860,
    "process_time": 2667.375,
    "time_time": 2667.4338281154633,
    "target_noise": 0.0,
    "feature_noise": 0.0,
    "true_model": " sqrt(2/m*(E_n-U-L**2/(2*m*r**2)))",
    "model_size": 30,
    "symbolic_model": "1.44089345*((x1 - x2)/x0)**0.5 - 0.1357625*exp(x3*sin(1/x0)/x4) + 0.11657202",
    "mse_train": 0.00013866662936571332,
    "mae_train": 0.007061045347036278,
    "r2_train": 0.9994429266719099,
    "mse_test": 0.0001325140563320544,
    "mae_test": 0.0069169682119191505,
    "r2_test": 0.9994665996000777
}