{
    "dataset": "feynman_test_4",
    "algorithm": "RILSROLSRegressor",
    "params": {
        "complexity_penalty": 0.001,
        "error_tolerance": 1e-16,
        "max_fit_calls": 1000000,
        "max_seconds": 7200,
        "random_state": 5390
    },
    "random_state": 5390,
    "process_time": 2530.765625,
    "time_time": 2531.253117084503,
    "target_noise": 0.001,
    "feature_noise": 0.0,
    "true_model": " sqrt(2/m*(E_n-U-L**2/(2*m*r**2)))",
    "model_size": 30,
    "symbolic_model": "1.44445271*((x1 - x2)/x0)**0.5 - 0.13614521*exp(x3*sin(1/x0)/x4) + 0.10914202",
    "mse_train": 0.00013105146454415076,
    "mae_train": 0.0077637207330853285,
    "r2_train": 0.9994593155797757,
    "mse_test": 0.00013227606970026403,
    "mae_test": 0.007361692635927809,
    "r2_test": 0.999472359769908
}