{
    "dataset": "feynman_test_4",
    "algorithm": "RILSROLSRegressor",
    "params": {
        "complexity_penalty": 0.001,
        "error_tolerance": 1e-16,
        "max_fit_calls": 1000000,
        "max_seconds": 7200,
        "random_state": 860
    },
    "random_state": 860,
    "process_time": 3046.015625,
    "time_time": 3047.2949497699738,
    "target_noise": 0.001,
    "feature_noise": 0.0,
    "true_model": " sqrt(2/m*(E_n-U-L**2/(2*m*r**2)))",
    "model_size": 35,
    "symbolic_model": "1.43458644*(x1/x0 - x2/x0)**0.5 - 0.03932414 - 0.12604157*exp(x3)/(x4**2*(x0 + 0.31830989)**2)",
    "mse_train": 0.00018916294303768485,
    "mae_train": 0.007783189312818118,
    "r2_train": 0.9992399845807376,
    "mse_test": 0.00018155118330084194,
    "mae_test": 0.007084720519202754,
    "r2_test": 0.9992692135728123
}