{
    "dataset": "feynman_test_4",
    "algorithm": "RILSROLSRegressor",
    "params": {
        "complexity_penalty": 0.001,
        "error_tolerance": 1e-16,
        "max_fit_calls": 1000000,
        "max_seconds": 7200,
        "random_state": 23654
    },
    "random_state": 23654,
    "process_time": 2484.09375,
    "time_time": 2484.244823217392,
    "target_noise": 0.0,
    "feature_noise": 0.0,
    "true_model": " sqrt(2/m*(E_n-U-L**2/(2*m*r**2)))",
    "model_size": 33,
    "symbolic_model": "1.58716836*(cos(1.1*x3/(x0*x4)) + x1/x0 - x2/x0)**0.5 - 0.72020615",
    "mse_train": 0.0005461506530015595,
    "mae_train": 0.010442417527166282,
    "r2_train": 0.9978182025554392,
    "mse_test": 0.0005788436124785971,
    "mae_test": 0.01062816116119753,
    "r2_test": 0.997658630851683
}