{
    "dataset": "feynman_test_4",
    "algorithm": "RILSROLSRegressor",
    "params": {
        "complexity_penalty": 0.001,
        "error_tolerance": 1e-16,
        "max_fit_calls": 1000000,
        "max_seconds": 7200,
        "random_state": 860
    },
    "random_state": 860,
    "process_time": 2772.609375,
    "time_time": 2788.8931465148926,
    "target_noise": 0.01,
    "feature_noise": 0.0,
    "true_model": " sqrt(2/m*(E_n-U-L**2/(2*m*r**2)))",
    "model_size": 33,
    "symbolic_model": "1.45031852*(x1/x0 - x2/x0)**0.5 - 0.07754669 - 0.07843468*exp(x3)/(x0**2*x4**2)",
    "mse_train": 0.001136218532511805,
    "mae_train": 0.02614538410486423,
    "r2_train": 0.995444576112113,
    "mse_test": 0.0002573789525565085,
    "mae_test": 0.010204120673671286,
    "r2_test": 0.9989639888776688
}