{
    "dataset": "feynman_test_4",
    "algorithm": "RILSROLSRegressor",
    "params": {
        "complexity_penalty": 0.001,
        "error_tolerance": 1e-16,
        "max_fit_calls": 1000000,
        "max_seconds": 7200,
        "random_state": 16850
    },
    "random_state": 16850,
    "process_time": 2676.109375,
    "time_time": 2677.4834775924683,
    "target_noise": 0.0,
    "feature_noise": 0.0,
    "true_model": " sqrt(2/m*(E_n-U-L**2/(2*m*r**2)))",
    "model_size": 29,
    "symbolic_model": "1.44738404*(x1 - x2)**0.5/x0**0.5 + 0.38331661*cos(x3/(x0*x4)) - 0.44707837",
    "mse_train": 0.0002957616189407478,
    "mae_train": 0.0072794736583325845,
    "r2_train": 0.9987685954373415,
    "mse_test": 0.00036263449507572924,
    "mae_test": 0.007399527051110217,
    "r2_test": 0.9985275678420978
}