{
    "dataset": "feynman_test_4",
    "algorithm": "RILSROLSRegressor",
    "params": {
        "complexity_penalty": 0.001,
        "error_tolerance": 1e-16,
        "max_fit_calls": 1000000,
        "max_seconds": 7200,
        "random_state": 14423
    },
    "random_state": 14423,
    "process_time": 2465.578125,
    "time_time": 2465.724443435669,
    "target_noise": 0.001,
    "feature_noise": 0.0,
    "true_model": " sqrt(2/m*(E_n-U-L**2/(2*m*r**2)))",
    "model_size": 29,
    "symbolic_model": "1.457088*((x1 - x2)/x0)**0.5 - 0.11284513*exp(x3/(x0*x4)) + 0.05287524",
    "mse_train": 0.00028767094255861966,
    "mae_train": 0.008622132207222114,
    "r2_train": 0.9988296908129325,
    "mse_test": 0.00031280388954877596,
    "mae_test": 0.008131111718419693,
    "r2_test": 0.9987382838977028
}