{
    "dataset": "feynman_test_4",
    "algorithm": "RILSROLSRegressor",
    "params": {
        "complexity_penalty": 0.001,
        "error_tolerance": 1e-16,
        "max_fit_calls": 1000000,
        "max_seconds": 7200,
        "random_state": 5390
    },
    "random_state": 5390,
    "process_time": 2482.609375,
    "time_time": 2483.0104641914368,
    "target_noise": 0.01,
    "feature_noise": 0.0,
    "true_model": " sqrt(2/m*(E_n-U-L**2/(2*m*r**2)))",
    "model_size": 34,
    "symbolic_model": "1.45096619*(x1/x0 - x2/x0)**0.5 - 0.07851924 - 0.15743468*x3**2/(x0**2*x4**2)",
    "mse_train": 0.0010501295030040676,
    "mae_train": 0.025442770184697906,
    "r2_train": 0.9956777676137646,
    "mse_test": 0.00021531944400465672,
    "mae_test": 0.009250367400642629,
    "r2_test": 0.9991411054075364
}