{
    "dataset": "feynman_I_41_16",
    "algorithm": "RILSROLSRegressor",
    "params": {
        "complexity_penalty": 0.001,
        "error_tolerance": 1e-16,
        "fitness_type": "FitnessType.BIC",
        "initial_sample_size": 0.01,
        "max_fit_calls": 1000000,
        "max_seconds": 7200,
        "random_perturbations_order": false,
        "random_state": 23654,
        "verbose": false
    },
    "random_state": 23654,
    "process_time": 2363.8125,
    "time_time": 2364.0406153202057,
    "target_noise": 0.0,
    "feature_noise": 0.0,
    "true_model": " h/(2*3.1415926535)*omega**3/(3.1415926535**2*c**2*(exp((h/(2*3.1415926535))*omega/(kb*T))-1))",
    "model_size": 22,
    "symbolic_model": "(-0.00697232*x0**3*x2 + 0.1006602*x0**2*x1*x3)/x4**2",
    "mse_train": 0.00030289608672411637,
    "mae_train": 0.006679495593365576,
    "r2_train": 0.9999641600576457,
    "mse_test": 0.00030774765647818765,
    "mae_test": 0.006916532113167091,
    "r2_test": 0.9999670321112616
}