{
    "dataset": "feynman_I_41_16",
    "algorithm": "RILSROLSRegressor",
    "params": {
        "complexity_penalty": 0.001,
        "error_tolerance": 1e-16,
        "fitness_type": "FitnessType.BIC",
        "initial_sample_size": 0.01,
        "max_fit_calls": 1000000,
        "max_seconds": 7200,
        "random_perturbations_order": false,
        "random_state": 29910,
        "verbose": false
    },
    "random_state": 29910,
    "process_time": 2461.828125,
    "time_time": 2462.0413348674774,
    "target_noise": 0.0,
    "feature_noise": 0.0,
    "true_model": " h/(2*3.1415926535)*omega**3/(3.1415926535**2*c**2*(exp((h/(2*3.1415926535))*omega/(kb*T))-1))",
    "model_size": 22,
    "symbolic_model": "(-0.00737423*x0**3*x2 + 0.10103323*x0**2*x1*x3)/x4**2",
    "mse_train": 0.00024977834679221667,
    "mae_train": 0.004673365359550738,
    "r2_train": 0.9999725395483116,
    "mse_test": 0.00033852822187726433,
    "mae_test": 0.004779274782955169,
    "r2_test": 0.999962057127184
}