{
    "dataset": "feynman_test_14",
    "algorithm": "RILSROLSRegressor",
    "params": {
        "complexity_penalty": 0.001,
        "error_tolerance": 1e-16,
        "fitness_type": "FitnessType.BIC",
        "initial_sample_size": 0.01,
        "max_fit_calls": 1000000,
        "max_seconds": 7200,
        "random_perturbations_order": false,
        "random_state": 860,
        "verbose": false
    },
    "random_state": 860,
    "process_time": 1884.859375,
    "time_time": 1885.2892904281616,
    "target_noise": 0.0,
    "feature_noise": 0.0,
    "true_model": " Ef*cos(theta)*(-r+d**3/r**2*(alpha-1)/(alpha+2))",
    "model_size": 10,
    "symbolic_model": "54.03423589*x4/(x1 + x2)**4",
    "mse_train": 169.32345179547474,
    "mae_train": 6.879841767311436,
    "r2_train": 0.007690150720793376,
    "mse_test": 172.37494021680794,
    "mae_test": 7.016088449496958,
    "r2_test": 0.027159059513897077
}