{
    "dataset": "feynman_test_14",
    "algorithm": "RILSROLSRegressor",
    "params": {
        "complexity_penalty": 0.001,
        "error_tolerance": 1e-16,
        "fitness_type": "FitnessType.BIC",
        "initial_sample_size": 0.01,
        "max_fit_calls": 1000000,
        "max_seconds": 7200,
        "random_perturbations_order": false,
        "random_state": 4426,
        "verbose": false
    },
    "random_state": 4426,
    "process_time": 3652.65625,
    "time_time": 3653.157828092575,
    "target_noise": 0.0,
    "feature_noise": 0.0,
    "true_model": " Ef*cos(theta)*(-r+d**3/r**2*(alpha-1)/(alpha+2))",
    "model_size": 30,
    "symbolic_model": "x0*(0.93992429*(log(x4**2)**0.5*sin(1/x2) + 1)**x3 - 2.75591578*log(x2) - 1.77472531)*cos(x1)",
    "mse_train": 1.941347766586753,
    "mae_train": 0.5601838782780363,
    "r2_train": 0.9895555579293926,
    "mse_test": 2.060048675569867,
    "mae_test": 0.5494617133170084,
    "r2_test": 0.9884845558804081
}