{
    "dataset": "feynman_test_14",
    "algorithm": "RILSROLSRegressor",
    "params": {
        "complexity_penalty": 0.001,
        "error_tolerance": 1e-16,
        "fitness_type": "FitnessType.BIC",
        "initial_sample_size": 0.01,
        "max_fit_calls": 1000000,
        "max_seconds": 7200,
        "random_perturbations_order": false,
        "random_state": 23654,
        "verbose": false
    },
    "random_state": 23654,
    "process_time": 2694.578125,
    "time_time": 2695.070646047592,
    "target_noise": 0.001,
    "feature_noise": 0.0,
    "true_model": " Ef*cos(theta)*(-r+d**3/r**2*(alpha-1)/(alpha+2))",
    "model_size": 34,
    "symbolic_model": "(-1.03656366*x0*x2**3 + 0.10475104*x3**1.5*(x0 + x3*log(x0**0.5*x4))**2)*cos(x1)/x2**2",
    "mse_train": 2.1400164282255827,
    "mae_train": 0.5301522964820355,
    "r2_train": 0.9873936238572436,
    "mse_test": 2.8135422847337304,
    "mae_test": 0.5520845392203737,
    "r2_test": 0.9838612198614569
}