{
    "dataset": "feynman_test_14",
    "algorithm": "RILSROLSRegressor",
    "params": {
        "complexity_penalty": 0.001,
        "error_tolerance": 1e-16,
        "fitness_type": "FitnessType.BIC",
        "initial_sample_size": 0.01,
        "max_fit_calls": 1000000,
        "max_seconds": 7200,
        "random_perturbations_order": false,
        "random_state": 14423,
        "verbose": false
    },
    "random_state": 14423,
    "process_time": 2117.484375,
    "time_time": 2118.8768560886383,
    "target_noise": 0.0,
    "feature_noise": 0.0,
    "true_model": " Ef*cos(theta)*(-r+d**3/r**2*(alpha-1)/(alpha+2))",
    "model_size": 17,
    "symbolic_model": "-26.54607224*x4*sin(3.355e-5*(x0*x3)**x3/x2**11)",
    "mse_train": 238.48952416669587,
    "mae_train": 7.048731534641925,
    "r2_train": -0.3592665479886439,
    "mse_test": 235.00028186882096,
    "mae_test": 7.02111003722675,
    "r2_test": -0.3324707551450785
}