{
    "dataset": "feynman_I_12_2",
    "algorithm": "RILSROLSRegressor",
    "params": {
        "complexity_penalty": 0.001,
        "error_tolerance": 1e-16,
        "fitness_type": "FitnessType.BIC",
        "initial_sample_size": 0.01,
        "max_fit_calls": 1000000,
        "max_seconds": 7200,
        "random_perturbations_order": false,
        "random_state": 16850,
        "verbose": false
    },
    "random_state": 16850,
    "process_time": 7.5625,
    "time_time": 7.566997766494751,
    "target_noise": 0.0,
    "feature_noise": 0.0,
    "true_model": " q1*q2*r/(4*3.1415926535*epsilon*r**3)",
    "model_size": 14,
    "symbolic_model": "0.07957747*x0*x1/(x2*x3**2)",
    "mse_train": 4.773645639242794e-18,
    "mae_train": 1.1661962652677674e-09,
    "r2_train": 0.9999999999999994,
    "mse_test": 4.098625762140952e-18,
    "mae_test": 1.1134753265673939e-09,
    "r2_test": 0.9999999999999994
}