{
    "dataset": "feynman_I_12_2",
    "algorithm": "RILSROLSRegressor",
    "params": {
        "complexity_penalty": 0.001,
        "error_tolerance": 1e-16,
        "fitness_type": "FitnessType.BIC",
        "initial_sample_size": 0.01,
        "max_fit_calls": 1000000,
        "max_seconds": 7200,
        "random_perturbations_order": false,
        "random_state": 21962,
        "verbose": false
    },
    "random_state": 21962,
    "process_time": 43.296875,
    "time_time": 43.307058572769165,
    "target_noise": 0.0,
    "feature_noise": 0.0,
    "true_model": " q1*q2*r/(4*3.1415926535*epsilon*r**3)",
    "model_size": 14,
    "symbolic_model": "0.07957747*x0*x1/(x2*x3**2)",
    "mse_train": 4.341383520002724e-18,
    "mae_train": 1.1236720313259857e-09,
    "r2_train": 0.9999999999999994,
    "mse_test": 4.486897013125083e-18,
    "mae_test": 1.1420316884319877e-09,
    "r2_test": 0.9999999999999994
}