{
    "dataset": "feynman_I_29_16",
    "algorithm": "RILSROLSRegressor",
    "params": {
        "complexity_penalty": 0.001,
        "error_tolerance": 1e-16,
        "max_fit_calls": 1000000,
        "max_seconds": 7200,
        "random_state": 29910
    },
    "random_state": 29910,
    "process_time": 4021.15625,
    "time_time": 4022.6818873882294,
    "target_noise": 0.01,
    "feature_noise": 0.0,
    "true_model": " sqrt(x1**2+x2**2-2*x1*x2*cos(theta1-theta2))",
    "model_size": 55,
    "symbolic_model": "1.07685323*10**sin(1/(1 + (x2 - x3)**(-2)))*x1*sin(0.18242457*x0)/log(x0 + x1) - 0.1161083*x0*x1 + 0.29462205*x1 + 0.1812113*(x0 - x1 + 0.5)**2 + 0.16525216",
    "mse_train": 0.05314401276902995,
    "mae_train": 0.177592573609616,
    "r2_train": 0.9856984402067982,
    "mse_test": 0.05236811675639741,
    "mae_test": 0.1747995953844857,
    "r2_test": 0.9858376656211366
}