{
    "dataset": "feynman_I_29_16",
    "algorithm": "RILSROLSRegressor",
    "params": {
        "complexity_penalty": 0.001,
        "error_tolerance": 1e-16,
        "max_fit_calls": 1000000,
        "max_seconds": 7200,
        "random_state": 16850
    },
    "random_state": 16850,
    "process_time": 3616.90625,
    "time_time": 3617.844754934311,
    "target_noise": 0.001,
    "feature_noise": 0.0,
    "true_model": " sqrt(x1**2+x2**2-2*x1*x2*cos(theta1-theta2))",
    "model_size": 104,
    "symbolic_model": "0.69738418*x0 - 0.41166324*x1*log(x0)*sin(x2)*sin(x3) + 1.0482103*x3/(x2 + 1) + 1.26506742*(x2/x3)**0.5 + 1.39157087*((x2 - x3 + sin(x2 - x3))**2)**0.5 + 1.05357707*sin(x2)*sin(x3) - 4.0561292 + 1.00512026*x1*(x0/(x2*x3) + 1)/x0 - 1.79728869*(x0/(x2*x3) + 1)/x0",
    "mse_train": 0.23733497283380178,
    "mae_train": 0.346297828329988,
    "r2_train": 0.9358640267416072,
    "mse_test": 0.23146932063739944,
    "mae_test": 0.34307603812005627,
    "r2_test": 0.9378599484012655
}