{
    "dataset": "feynman_I_29_16",
    "algorithm": "RILSROLSRegressor",
    "params": {
        "complexity_penalty": 0.001,
        "error_tolerance": 1e-16,
        "max_fit_calls": 1000000,
        "max_seconds": 7200,
        "random_state": 15795
    },
    "random_state": 15795,
    "process_time": 3445.03125,
    "time_time": 3447.729090452194,
    "target_noise": 0.1,
    "feature_noise": 0.0,
    "true_model": " sqrt(x1**2+x2**2-2*x1*x2*cos(theta1-theta2))",
    "model_size": 57,
    "symbolic_model": "1.07014209*x0 - 0.40395549*x1**0.5*cos(x2 - x3) - 0.45514204*x1*log(x0)*cos(x2 - x3) - 0.43012382*x1*log(x0) + 0.40395549*x1**1.5 - 0.51093288*cos(0.5*x0*(x2 - x3))",
    "mse_train": 0.2752326360955095,
    "mae_train": 0.4182618587420479,
    "r2_train": 0.927761588271845,
    "mse_test": 0.10986824210520778,
    "mae_test": 0.2635986308443936,
    "r2_test": 0.9699284711074582
}