{
    "dataset": "feynman_I_29_16",
    "algorithm": "RILSROLSRegressor",
    "params": {
        "complexity_penalty": 0.001,
        "error_tolerance": 1e-16,
        "max_fit_calls": 1000000,
        "max_seconds": 7200,
        "random_state": 14423
    },
    "random_state": 14423,
    "process_time": 3327.203125,
    "time_time": 3328.1751866340637,
    "target_noise": 0.01,
    "feature_noise": 0.0,
    "true_model": " sqrt(x1**2+x2**2-2*x1*x2*cos(theta1-theta2))",
    "model_size": 56,
    "symbolic_model": "0.98991327*x0 - 5.5361817*x0**cos(x2 - x3)*log(x1)/(x0 + 1 + x1/x0) + 4.49727457*x1*log(x1)/(x0 + x1 + 1) - 0.91662578*cos(x2 - x3) + 0.3848151",
    "mse_train": 0.0367060934669919,
    "mae_train": 0.14128448555219303,
    "r2_train": 0.9899199943154373,
    "mse_test": 0.03560222804981471,
    "mae_test": 0.13678023148144533,
    "r2_test": 0.9903232662054827
}