{
    "dataset": "feynman_I_29_16",
    "algorithm": "RILSROLSRegressor",
    "params": {
        "complexity_penalty": 0.001,
        "error_tolerance": 1e-16,
        "max_fit_calls": 1000000,
        "max_seconds": 7200,
        "random_state": 5390
    },
    "random_state": 5390,
    "process_time": 4765.65625,
    "time_time": 5119.760999441147,
    "target_noise": 0.1,
    "feature_noise": 0.0,
    "true_model": " sqrt(x1**2+x2**2-2*x1*x2*cos(theta1-theta2))",
    "model_size": 85,
    "symbolic_model": "(0.09216405*x0*x2 + x1*(0.02967118*x0*x2**2*log(x1 - 0.5)*sin((x3 + (x2 + x3)**2)/x2**2) + 0.11398282*x0*x3 + 0.11739352*x1**2*log(x3)**0.5 + 3.90434272*(sin(log(x3*sin(1/x2)))**2)**0.5 + 0.26117491*sin(4*x3**2/x2**2) - 0.64909683))/x1",
    "mse_train": 0.4967020449864527,
    "mae_train": 0.5504683134698263,
    "r2_train": 0.8706223333890264,
    "mse_test": 0.3263441261013897,
    "mae_test": 0.43434783245731384,
    "r2_test": 0.9119482844997507
}