{
    "dataset": "feynman_test_7",
    "algorithm": "RILSROLSRegressor",
    "params": {
        "complexity_penalty": 0.001,
        "error_tolerance": 1e-16,
        "max_fit_calls": 1000000,
        "max_seconds": 7200,
        "random_state": 28020
    },
    "random_state": 28020,
    "process_time": 2369.453125,
    "time_time": 2371.3455135822296,
    "target_noise": 0.1,
    "feature_noise": 0.0,
    "true_model": " sqrt(8*3.1415926535*G*rho/3-alpha*c**2/d**2)",
    "model_size": 41,
    "symbolic_model": "1.12503533*x0 - 47.41026046*(1/(x4*(x1**2 + x2)**6))**0.5 + 0.56012543*log(-x2*sin(x1) + 2) + 0.35786234*cos(x0*x1) + 4.11854431",
    "mse_train": 0.4564926567525471,
    "mae_train": 0.5326592193368502,
    "r2_train": 0.7520063103917086,
    "mse_test": 0.12987546334425232,
    "mae_test": 0.2547149392714819,
    "r2_test": 0.9145224707705445
}