{
    "dataset": "feynman_test_7",
    "algorithm": "RILSROLSRegressor",
    "params": {
        "complexity_penalty": 0.001,
        "error_tolerance": 1e-16,
        "max_fit_calls": 1000000,
        "max_seconds": 7200,
        "random_state": 21962
    },
    "random_state": 21962,
    "process_time": 2265.109375,
    "time_time": 2269.3224873542786,
    "target_noise": 0.1,
    "feature_noise": 0.0,
    "true_model": " sqrt(8*3.1415926535*G*rho/3-alpha*c**2/d**2)",
    "model_size": 39,
    "symbolic_model": "0.29907638*x1 + 2.72831557*log(x0*x1 + 1/(x1*x2*sin(x3)**4)) + 1.04233193 - 0.00132676/(x1 - x2 + log(x2))",
    "mse_train": 0.5072916775007232,
    "mae_train": 0.4887073571483946,
    "r2_train": 0.728595827810034,
    "mse_test": 2.7484522636624344,
    "mae_test": 0.18013065806531128,
    "r2_test": -0.8216956874462471
}