{
    "dataset": "feynman_test_7",
    "algorithm": "RILSROLSRegressor",
    "params": {
        "complexity_penalty": 0.001,
        "error_tolerance": 1e-16,
        "max_fit_calls": 1000000,
        "max_seconds": 7200,
        "random_state": 14423
    },
    "random_state": 14423,
    "process_time": 2716.90625,
    "time_time": 4849.307546615601,
    "target_noise": 0.01,
    "feature_noise": 0.0,
    "true_model": " sqrt(8*3.1415926535*G*rho/3-alpha*c**2/d**2)",
    "model_size": 18,
    "symbolic_model": "-0.15699611*x2*x3/x4 + 2.93763647*(x0*x1)**0.5",
    "mse_train": 0.00462449119389725,
    "mae_train": 0.052100236197627416,
    "r2_train": 0.9969325171655559,
    "mse_test": 0.0015293711043009816,
    "mae_test": 0.02432968773997763,
    "r2_test": 0.9990074726738256
}