{
    "dataset": "feynman_test_7",
    "algorithm": "RILSROLSRegressor",
    "params": {
        "complexity_penalty": 0.001,
        "error_tolerance": 1e-16,
        "max_fit_calls": 1000000,
        "max_seconds": 7200,
        "random_state": 28020
    },
    "random_state": 28020,
    "process_time": 1879.640625,
    "time_time": 1880.5990374088287,
    "target_noise": 0.0,
    "feature_noise": 0.0,
    "true_model": " sqrt(8*3.1415926535*G*rho/3-alpha*c**2/d**2)",
    "model_size": 26,
    "symbolic_model": "-0.37221045*x2*x3**2/(x4**2*(x0 + x1)) + 2.89530149*(x0*x1)**0.5",
    "mse_train": 3.164141518777616e-05,
    "mae_train": 0.0034184249173841684,
    "r2_train": 0.9999789539938444,
    "mse_test": 3.1144645600260384e-05,
    "mae_test": 0.0034361066620084675,
    "r2_test": 0.9999795021531698
}