{
    "dataset": "feynman_test_7",
    "algorithm": "RILSROLSRegressor",
    "params": {
        "complexity_penalty": 0.001,
        "error_tolerance": 1e-16,
        "max_fit_calls": 1000000,
        "max_seconds": 7200,
        "random_state": 4426
    },
    "random_state": 4426,
    "process_time": 2001.375,
    "time_time": 2001.516621351242,
    "target_noise": 0.0,
    "feature_noise": 0.0,
    "true_model": " sqrt(8*3.1415926535*G*rho/3-alpha*c**2/d**2)",
    "model_size": 26,
    "symbolic_model": "-0.12372598*x2*x3**2/(0.1*x1 + x4)**2 + 2.93601682*(x0*x1)**0.5 - 0.07811974",
    "mse_train": 0.0005949324984742528,
    "mae_train": 0.013076009782784248,
    "r2_train": 0.9996104588070541,
    "mse_test": 0.0005522799059023867,
    "mae_test": 0.013100704375000726,
    "r2_test": 0.9996359240029475
}