{
    "dataset": "feynman_test_7",
    "algorithm": "RILSROLSRegressor",
    "params": {
        "complexity_penalty": 0.001,
        "error_tolerance": 1e-16,
        "max_fit_calls": 1000000,
        "max_seconds": 7200,
        "random_state": 860
    },
    "random_state": 860,
    "process_time": 2401.671875,
    "time_time": 2402.5977244377136,
    "target_noise": 0.001,
    "feature_noise": 0.0,
    "true_model": " sqrt(8*3.1415926535*G*rho/3-alpha*c**2/d**2)",
    "model_size": 22,
    "symbolic_model": "-0.09133912*x2*x3**2/x4**2 + 2.94779893*(x0*x1)**0.5 - 0.10698973",
    "mse_train": 0.0007135273494009791,
    "mae_train": 0.014719734305106024,
    "r2_train": 0.9995323157368756,
    "mse_test": 0.0006521204750515306,
    "mae_test": 0.013587781505798027,
    "r2_test": 0.9995708292481215
}