{
    "dataset": "feynman_test_7",
    "algorithm": "RILSROLSRegressor",
    "params": {
        "complexity_penalty": 0.001,
        "error_tolerance": 1e-16,
        "max_fit_calls": 1000000,
        "max_seconds": 7200,
        "random_state": 23654
    },
    "random_state": 23654,
    "process_time": 1975.046875,
    "time_time": 1976.6115472316742,
    "target_noise": 0.001,
    "feature_noise": 0.0,
    "true_model": " sqrt(8*3.1415926535*G*rho/3-alpha*c**2/d**2)",
    "model_size": 26,
    "symbolic_model": "-0.12960733*x2*x3**2/(0.1*x1 + x4)**2 + 2.94022364*(x0*x1)**0.5 - 0.0794569",
    "mse_train": 0.0004986452934157746,
    "mae_train": 0.013704810942852114,
    "r2_train": 0.9996754254895329,
    "mse_test": 0.0004953800122585784,
    "mae_test": 0.012980195371711691,
    "r2_test": 0.9996765133854584
}