{
    "dataset": "feynman_test_7",
    "algorithm": "RILSROLSRegressor",
    "params": {
        "complexity_penalty": 0.001,
        "error_tolerance": 1e-16,
        "max_fit_calls": 1000000,
        "max_seconds": 7200,
        "random_state": 16850
    },
    "random_state": 16850,
    "process_time": 2329.8125,
    "time_time": 2329.901512861252,
    "target_noise": 0.0,
    "feature_noise": 0.0,
    "true_model": " sqrt(8*3.1415926535*G*rho/3-alpha*c**2/d**2)",
    "model_size": 22,
    "symbolic_model": "-0.0723297*x2 + 2.81289939*(x0*x1 - 0.4*x3/x4)**0.5 + 0.41134934",
    "mse_train": 0.0010528552583752681,
    "mae_train": 0.023806422860572076,
    "r2_train": 0.999293225625298,
    "mse_test": 0.0010856253896485586,
    "mae_test": 0.02394639955602291,
    "r2_test": 0.9992893143022165
}