{
    "dataset": "feynman_test_7",
    "algorithm": "RILSROLSRegressor",
    "params": {
        "complexity_penalty": 0.001,
        "error_tolerance": 1e-16,
        "max_fit_calls": 1000000,
        "max_seconds": 7200,
        "random_state": 4426
    },
    "random_state": 4426,
    "process_time": 2691.5,
    "time_time": 2758.687028169632,
    "target_noise": 0.01,
    "feature_noise": 0.0,
    "true_model": " sqrt(8*3.1415926535*G*rho/3-alpha*c**2/d**2)",
    "model_size": 18,
    "symbolic_model": "-0.15851433*x2*x3/x4 + 2.93772869*(x0*x1)**0.5",
    "mse_train": 0.00480297103682143,
    "mae_train": 0.053041625833490855,
    "r2_train": 0.9968576774780015,
    "mse_test": 0.0014868942159048254,
    "mae_test": 0.024398386632092046,
    "r2_test": 0.9990198041095074
}