{
    "dataset": "feynman_test_7",
    "algorithm": "RILSROLSRegressor",
    "params": {
        "complexity_penalty": 0.001,
        "error_tolerance": 1e-16,
        "max_fit_calls": 1000000,
        "max_seconds": 7200,
        "random_state": 28020
    },
    "random_state": 28020,
    "process_time": 2074.9375,
    "time_time": 2076.1609225273132,
    "target_noise": 0.01,
    "feature_noise": 0.0,
    "true_model": " sqrt(8*3.1415926535*G*rho/3-alpha*c**2/d**2)",
    "model_size": 28,
    "symbolic_model": "-9.39642426*0.87758256**(x0*x1) + 11.38951683 - 0.63127193*x2*x3/(x1*(0.31830989*x0 + x4)**2)",
    "mse_train": 0.005096655889403712,
    "mae_train": 0.05549807103805779,
    "r2_train": 0.9966198876092381,
    "mse_test": 0.0018582237210474336,
    "mae_test": 0.0287457728398477,
    "r2_test": 0.9987770101577256
}