{
    "dataset": "feynman_test_7",
    "algorithm": "RILSROLSRegressor",
    "params": {
        "complexity_penalty": 0.001,
        "error_tolerance": 1e-16,
        "max_fit_calls": 1000000,
        "max_seconds": 7200,
        "random_state": 14423
    },
    "random_state": 14423,
    "process_time": 1995.265625,
    "time_time": 1995.3885724544525,
    "target_noise": 0.001,
    "feature_noise": 0.0,
    "true_model": " sqrt(8*3.1415926535*G*rho/3-alpha*c**2/d**2)",
    "model_size": 23,
    "symbolic_model": "-0.10388469*x2*x3**2*sin(x4**(-2)) + 2.94808245*(x0*x1)**0.5 - 0.09914108",
    "mse_train": 0.0006929295822287469,
    "mae_train": 0.014983388483537124,
    "r2_train": 0.9995386133239625,
    "mse_test": 0.0006873462006517608,
    "mae_test": 0.014358603976669571,
    "r2_test": 0.9995539278303542
}