{
    "dataset": "feynman_test_7",
    "algorithm": "RILSROLSRegressor",
    "params": {
        "complexity_penalty": 0.001,
        "error_tolerance": 1e-16,
        "max_fit_calls": 1000000,
        "max_seconds": 7200,
        "random_state": 16850
    },
    "random_state": 16850,
    "process_time": 2185.75,
    "time_time": 2186.203849554062,
    "target_noise": 0.001,
    "feature_noise": 0.0,
    "true_model": " sqrt(8*3.1415926535*G*rho/3-alpha*c**2/d**2)",
    "model_size": 22,
    "symbolic_model": "-0.07519485*x2 + 2.82171908*(x0*x1 - 0.38197186*x3/x4)**0.5 + 0.38718839",
    "mse_train": 0.0009640392879888099,
    "mae_train": 0.022446925622407552,
    "r2_train": 0.9993528416526043,
    "mse_test": 0.0009546783677207652,
    "mae_test": 0.022131694553438084,
    "r2_test": 0.9993750364827575
}