{
    "dataset": "feynman_test_7",
    "algorithm": "RILSROLSRegressor",
    "params": {
        "complexity_penalty": 0.001,
        "error_tolerance": 1e-16,
        "max_fit_calls": 1000000,
        "max_seconds": 7200,
        "random_state": 14423
    },
    "random_state": 14423,
    "process_time": 1860.265625,
    "time_time": 1861.3446118831635,
    "target_noise": 0.1,
    "feature_noise": 0.0,
    "true_model": " sqrt(8*3.1415926535*G*rho/3-alpha*c**2/d**2)",
    "model_size": 24,
    "symbolic_model": "0.76851494*x0*x1 + 16514322029379.2*x4**4*exp(-40*x3)/cos(x1)**4 + 2.42038572",
    "mse_train": 1.302450981091898e+21,
    "mae_train": 410182245.6261941,
    "r2_train": -7.046510262516744e+20,
    "mse_test": 1.0632419577674146e+26,
    "mae_test": 65228794361.89817,
    "r2_test": -6.900200314047646e+25
}