{
    "dataset": "feynman_I_8_14",
    "algorithm": "RILSROLSRegressor",
    "params": {
        "complexity_penalty": 0.001,
        "error_tolerance": 1e-16,
        "fitness_type": "FitnessType.BIC",
        "initial_sample_size": 0.01,
        "max_fit_calls": 1000000,
        "max_seconds": 7200,
        "random_perturbations_order": false,
        "random_state": 23654,
        "verbose": false
    },
    "random_state": 23654,
    "process_time": 1891.578125,
    "time_time": 1891.7757527828217,
    "target_noise": 0.001,
    "feature_noise": 0.0,
    "true_model": " sqrt((x2-x1)**2+(y2-y1)**2)",
    "model_size": 25,
    "symbolic_model": "0.20933419*(x2 - x3)**2 + 0.43860884*cos(x0) + 1.05953629*cos(x1 + sin(x0)) + 2.07443603",
    "mse_train": 0.08396119159503736,
    "mae_train": 0.21164894904783513,
    "r2_train": 0.9157940141127149,
    "mse_test": 0.08312663496013442,
    "mae_test": 0.21144948813181544,
    "r2_test": 0.91533779266583
}