{
    "dataset": "feynman_I_8_14",
    "algorithm": "RILSROLSRegressor",
    "params": {
        "complexity_penalty": 0.001,
        "error_tolerance": 1e-16,
        "fitness_type": "FitnessType.BIC",
        "initial_sample_size": 0.01,
        "max_fit_calls": 1000000,
        "max_seconds": 7200,
        "random_perturbations_order": false,
        "random_state": 860,
        "verbose": false
    },
    "random_state": 860,
    "process_time": 1931.75,
    "time_time": 1932.174834728241,
    "target_noise": 0.0,
    "feature_noise": 0.0,
    "true_model": " sqrt((x2-x1)**2+(y2-y1)**2)",
    "model_size": 24,
    "symbolic_model": "-2.18040408*cos(0.5*x0 - 0.5*x1) - 2.20453197*cos(0.5*x2 - 0.5*x3) + 5.22042702",
    "mse_train": 0.04505412364033823,
    "mae_train": 0.1512807307453817,
    "r2_train": 0.9540654949130662,
    "mse_test": 0.04348629382734251,
    "mae_test": 0.150052066972091,
    "r2_test": 0.9561016936600027
}