{
    "dataset": "feynman_I_8_14",
    "algorithm": "RILSROLSRegressor",
    "params": {
        "complexity_penalty": 0.001,
        "error_tolerance": 1e-16,
        "fitness_type": "FitnessType.BIC",
        "initial_sample_size": 0.01,
        "max_fit_calls": 1000000,
        "max_seconds": 7200,
        "random_perturbations_order": false,
        "random_state": 23654,
        "verbose": false
    },
    "random_state": 23654,
    "process_time": 1885.46875,
    "time_time": 1885.728528022766,
    "target_noise": 0.0,
    "feature_noise": 0.0,
    "true_model": " sqrt((x2-x1)**2+(y2-y1)**2)",
    "model_size": 25,
    "symbolic_model": "0.20939505*(x2 - x3)**2 + 0.4388401*cos(x0) + 1.05957396*cos(x1 + sin(x0)) + 2.07467226",
    "mse_train": 0.0839595905288898,
    "mae_train": 0.2116116899089953,
    "r2_train": 0.9157938406954722,
    "mse_test": 0.08312811283729642,
    "mae_test": 0.2114186874041504,
    "r2_test": 0.9153362874883046
}