{
    "dataset": "feynman_III_14_14",
    "algorithm": "RILSROLSRegressor",
    "params": {
        "complexity_penalty": 0.001,
        "error_tolerance": 1e-16,
        "max_fit_calls": 1000000,
        "max_seconds": 7200,
        "random_state": 21962
    },
    "random_state": 21962,
    "process_time": 4194.703125,
    "time_time": 4194.832291126251,
    "target_noise": 0.0,
    "feature_noise": 0.0,
    "true_model": " I_0*(exp(q*Volt/(kb*T))-1)",
    "model_size": 181,
    "symbolic_model": "0.01205413*x0**2*x2**4*(0.8*x1**2 + 0.2*x1*log(x0) + x1 + 0.2/x4**4)**2/(x3**4*x4**4) + 0.13672657*x0 + 0.16766279*x2**2*(0.31830989*x0*x1 + 0.31830989*x1 - 0.31830989*x1/x4**5 + 0.31830989*(x1 + x3/x2)**2 + 1 + 0.31830989/x4**4)**2/(x3**2*x4) + 0.02997451*x2**2*(x0*x1 + x1 + x1/x4**5 + (x1 + x3/x2)**2 + 1)**2/(x3**2*x4**2) + 0.38730492 - 0.02684156*x2*(x0*x1 + x1 + x4 + (x1 + x3/x2)**2 + x4**(-4))**2/(x0*x3*x4)",
    "mse_train": 0.40200622152560245,
    "mae_train": 0.26683696664923945,
    "r2_train": 0.9915627733423642,
    "mse_test": 0.5285194007233538,
    "mae_test": 0.27294339440666837,
    "r2_test": 0.9887578452041209
}