{
    "dataset": "feynman_III_14_14",
    "algorithm": "RILSROLSRegressor",
    "params": {
        "complexity_penalty": 0.001,
        "error_tolerance": 1e-16,
        "max_fit_calls": 1000000,
        "max_seconds": 7200,
        "random_state": 4426
    },
    "random_state": 4426,
    "process_time": 4514.234375,
    "time_time": 4526.475015640259,
    "target_noise": 0.001,
    "feature_noise": 0.0,
    "true_model": " I_0*(exp(q*Volt/(kb*T))-1)",
    "model_size": 64,
    "symbolic_model": "-0.40251445*x0*x1**8*x2**10/(x3**7*(x0 + x4)**8) + 1.38003356*x0*x1**2*x2**2/(x3**2*x4**2) + 0.33138909*x0 + 0.0047197*x1**8*x2**8/(x3**7*x4**7)",
    "mse_train": 2.086432011057249,
    "mae_train": 0.13681965156211928,
    "r2_train": 0.9556616141624606,
    "mse_test": 1.3436264621486003,
    "mae_test": 0.14375431334483665,
    "r2_test": 0.9738635401880836
}