{
    "dataset": "feynman_III_14_14",
    "algorithm": "RILSROLSRegressor",
    "params": {
        "complexity_penalty": 0.001,
        "error_tolerance": 1e-16,
        "max_fit_calls": 1000000,
        "max_seconds": 7200,
        "random_state": 860
    },
    "random_state": 860,
    "process_time": 2941.25,
    "time_time": 2942.0246288776398,
    "target_noise": 0.01,
    "feature_noise": 0.0,
    "true_model": " I_0*(exp(q*Volt/(kb*T))-1)",
    "model_size": 44,
    "symbolic_model": "0.00150921*x0*x1**8*x2**8/(x3**8*x4**7) + 1.39069801*x0*x1**2*x2**2/(x3**2*x4**2) + 0.31735563*x0",
    "mse_train": 1.5808110111688678,
    "mae_train": 0.15338614583105256,
    "r2_train": 0.9657566340042544,
    "mse_test": 0.9583883065047318,
    "mae_test": 0.11313687035082613,
    "r2_test": 0.9805445167653087
}