{
    "dataset": "feynman_III_14_14",
    "algorithm": "RILSROLSRegressor",
    "params": {
        "complexity_penalty": 0.001,
        "error_tolerance": 1e-16,
        "max_fit_calls": 1000000,
        "max_seconds": 7200,
        "random_state": 15795
    },
    "random_state": 15795,
    "process_time": 2862.203125,
    "time_time": 2862.6717190742493,
    "target_noise": 0.1,
    "feature_noise": 0.0,
    "true_model": " I_0*(exp(q*Volt/(kb*T))-1)",
    "model_size": 42,
    "symbolic_model": "1.37600135*x0*x1**2*x2**2/(x3**2*x4**2) + 7.64e-6*x0*x2**20/x3**40 + 0.44666819*x0 + 0.44666819*x1 - 0.98429047",
    "mse_train": 3.083597273694432,
    "mae_train": 0.9857612538116035,
    "r2_train": 0.9353993681386741,
    "mse_test": 2.1793112940051462,
    "mae_test": 0.3836697648987207,
    "r2_test": 0.954875037618419
}