{
    "dataset": "feynman_III_14_14",
    "algorithm": "RILSROLSRegressor",
    "params": {
        "complexity_penalty": 0.001,
        "error_tolerance": 1e-16,
        "max_fit_calls": 1000000,
        "max_seconds": 7200,
        "random_state": 14423
    },
    "random_state": 14423,
    "process_time": 6222.40625,
    "time_time": 6251.509650707245,
    "target_noise": 0.001,
    "feature_noise": 0.0,
    "true_model": " I_0*(exp(q*Volt/(kb*T))-1)",
    "model_size": 36,
    "symbolic_model": "1.38898088*x0*x1/(x3*(-1/(x3 + x3/(x1 - 0.726)) + x4/x2)) - 0.20482491*x0",
    "mse_train": 133.9358349124291,
    "mae_train": 0.40339922535540457,
    "r2_train": -2.027968813351843,
    "mse_test": 9.865230934609809,
    "mae_test": 0.27013159460721103,
    "r2_test": 0.7936751587891201
}