{
    "dataset": "feynman_III_14_14",
    "algorithm": "RILSROLSRegressor",
    "params": {
        "complexity_penalty": 0.001,
        "error_tolerance": 1e-16,
        "max_fit_calls": 1000000,
        "max_seconds": 7200,
        "random_state": 28020
    },
    "random_state": 28020,
    "process_time": 2894.671875,
    "time_time": 2894.9980928897858,
    "target_noise": 0.001,
    "feature_noise": 0.0,
    "true_model": " I_0*(exp(q*Volt/(kb*T))-1)",
    "model_size": 47,
    "symbolic_model": "0.24558682*x0 + 2.27525695*x1**2*(x2*log(x0) + x2*sin(1/x0))**2/(x3**2*x4**2) - 0.31563403*x1*x2 - 0.38119654*cos(x3*x4) + 0.28029177",
    "mse_train": 1.3504112033249223,
    "mae_train": 0.23415968628796163,
    "r2_train": 0.9709781685332897,
    "mse_test": 1.2873482759875494,
    "mae_test": 0.2239562740561319,
    "r2_test": 0.9713517457634192
}