{
    "dataset": "feynman_III_14_14",
    "algorithm": "RILSROLSRegressor",
    "params": {
        "complexity_penalty": 0.001,
        "error_tolerance": 1e-16,
        "max_fit_calls": 1000000,
        "max_seconds": 7200,
        "random_state": 860
    },
    "random_state": 860,
    "process_time": 3373.328125,
    "time_time": 3373.431746482849,
    "target_noise": 0.0,
    "feature_noise": 0.0,
    "true_model": " I_0*(exp(q*Volt/(kb*T))-1)",
    "model_size": 67,
    "symbolic_model": "1.70586371*x0*x1**2*x2**2/(x3**2*x4**2) + 0.36760354*x0*cos(x1**2*x2**2/(x3**2*x4**2)) - 0.18298525*x0*cos(cos(x1**2*x2**x2/(x3**2*x4**2) + 0.5) + 0.01)",
    "mse_train": 0.7266873531438267,
    "mae_train": 0.06973234820010149,
    "r2_train": 0.9842528494303323,
    "mse_test": 0.6225164664673005,
    "mae_test": 0.07676333223661133,
    "r2_test": 0.9873627854237451
}