{
    "dataset": "feynman_III_14_14",
    "algorithm": "RILSROLSRegressor",
    "params": {
        "complexity_penalty": 0.001,
        "error_tolerance": 1e-16,
        "max_fit_calls": 1000000,
        "max_seconds": 7200,
        "random_state": 15795
    },
    "random_state": 15795,
    "process_time": 2793.75,
    "time_time": 2794.3869454860687,
    "target_noise": 0.01,
    "feature_noise": 0.0,
    "true_model": " I_0*(exp(q*Volt/(kb*T))-1)",
    "model_size": 44,
    "symbolic_model": "0.00117933*x0*x1**9*x2**8/(x3**8*x4**8) + 1.37768539*x0*x1**2*x2**2/(x3**2*x4**2) + 0.33283905*x0",
    "mse_train": 2.015136039732021,
    "mae_train": 0.19991429513057138,
    "r2_train": 0.9568507611796231,
    "mse_test": 4.237465081493774,
    "mae_test": 0.16054150245599574,
    "r2_test": 0.9122587705016417
}