{
    "dataset": "feynman_III_12_43",
    "algorithm": "RILSROLSRegressor",
    "params": {
        "complexity_penalty": 0.001,
        "error_tolerance": 1e-16,
        "max_fit_calls": 1000000,
        "max_seconds": 7200,
        "random_state": 4426
    },
    "random_state": 4426,
    "process_time": 3509.890625,
    "time_time": 3519.7810010910034,
    "target_noise": 0.001,
    "feature_noise": 0.0,
    "true_model": " n*(h/(2*3.1415926535))",
    "model_size": 6,
    "symbolic_model": "0.15914163*x0*x1",
    "mse_train": 2.736837332009886e-06,
    "mae_train": 0.0013235038426886608,
    "r2_train": 0.9999957914963815,
    "mse_test": 1.8647334089732327e-08,
    "mae_test": 0.00011884421411603887,
    "r2_test": 0.9999999711549952
}