{
    "dataset": "feynman_III_12_43",
    "algorithm": "RILSROLSRegressor",
    "params": {
        "complexity_penalty": 0.001,
        "error_tolerance": 1e-16,
        "max_fit_calls": 1000000,
        "max_seconds": 7200,
        "random_state": 15795
    },
    "random_state": 15795,
    "process_time": 2390.234375,
    "time_time": 2390.731185436249,
    "target_noise": 0.01,
    "feature_noise": 0.0,
    "true_model": " n*(h/(2*3.1415926535))",
    "model_size": 6,
    "symbolic_model": "0.15906994*x0*x1",
    "mse_train": 0.0002710007649624035,
    "mae_train": 0.013143227379770127,
    "r2_train": 0.9995854964495444,
    "mse_test": 7.672694434023117e-07,
    "mae_test": 0.0007627394478828789,
    "r2_test": 0.9999988201198212
}