{
    "dataset": "feynman_III_12_43",
    "algorithm": "RILSROLSRegressor",
    "params": {
        "complexity_penalty": 0.001,
        "error_tolerance": 1e-16,
        "max_fit_calls": 1000000,
        "max_seconds": 7200,
        "random_state": 28020
    },
    "random_state": 28020,
    "process_time": 0.953125,
    "time_time": 0.9699993133544922,
    "target_noise": 0.0,
    "feature_noise": 0.0,
    "true_model": " n*(h/(2*3.1415926535))",
    "model_size": 6,
    "symbolic_model": "0.15915494*x0*x1",
    "mse_train": 1.024848454374567e-15,
    "mae_train": 2.7873034788453156e-08,
    "r2_train": 0.9999999999999984,
    "mse_test": 1.0187474070364662e-15,
    "mae_test": 2.778689325214745e-08,
    "r2_test": 0.9999999999999984
}