{
    "dataset": "feynman_I_30_3",
    "algorithm": "RILSROLSRegressor",
    "params": {
        "complexity_penalty": 0.001,
        "error_tolerance": 1e-16,
        "fitness_type": "FitnessType.BIC",
        "initial_sample_size": 0.01,
        "max_fit_calls": 1000000,
        "max_seconds": 7200,
        "random_perturbations_order": false,
        "random_state": 5390,
        "verbose": false
    },
    "random_state": 5390,
    "process_time": 3068.0625,
    "time_time": 3068.294242620468,
    "target_noise": 0.0,
    "feature_noise": 0.0,
    "true_model": " Int_0*sin(n*theta/2)**2/sin(theta/2)**2",
    "model_size": 42,
    "symbolic_model": "x0*(0.00158367*x1**4*exp(x1) + x1**2*(-0.03660689*exp(x1)*cos(x1*x2) + 0.71385652) + x1*(1.37973224 - 2.16785829*cos(x1*x2)))/x1**3",
    "mse_train": 0.012680686319664678,
    "mae_train": 0.07698026923825436,
    "r2_train": 0.9979234623804545,
    "mse_test": 0.013108358322389536,
    "mae_test": 0.07746741240146916,
    "r2_test": 0.9980315440108474
}