{
    "dataset": "feynman_I_30_3",
    "algorithm": "RILSROLSRegressor",
    "params": {
        "complexity_penalty": 0.001,
        "error_tolerance": 1e-16,
        "fitness_type": "FitnessType.BIC",
        "initial_sample_size": 0.01,
        "max_fit_calls": 1000000,
        "max_seconds": 7200,
        "random_perturbations_order": false,
        "random_state": 16850,
        "verbose": false
    },
    "random_state": 16850,
    "process_time": 1786.375,
    "time_time": 1786.5863037109375,
    "target_noise": 0.0,
    "feature_noise": 0.0,
    "true_model": " Int_0*sin(n*theta/2)**2/sin(theta/2)**2",
    "model_size": 20,
    "symbolic_model": "0.76835117*x0*x2**3/(x2**x2)**(0.5*x1**2) + 1.4886684",
    "mse_train": 2.966360521034962,
    "mae_train": 1.2670467057340564,
    "r2_train": 0.5244347886003238,
    "mse_test": 3.0572024652307457,
    "mae_test": 1.2755886072948524,
    "r2_test": 0.5521902462213908
}