{
    "dataset": "feynman_I_30_3",
    "algorithm": "RILSROLSRegressor",
    "params": {
        "complexity_penalty": 0.001,
        "error_tolerance": 1e-16,
        "fitness_type": "FitnessType.BIC",
        "initial_sample_size": 0.01,
        "max_fit_calls": 1000000,
        "max_seconds": 7200,
        "random_perturbations_order": false,
        "random_state": 860,
        "verbose": false
    },
    "random_state": 860,
    "process_time": 3093.59375,
    "time_time": 3093.9195046424866,
    "target_noise": 0.0,
    "feature_noise": 0.0,
    "true_model": " Int_0*sin(n*theta/2)**2/sin(theta/2)**2",
    "model_size": 42,
    "symbolic_model": "x0*(0.4569874*(x1 - cos(x1*x2) + 1)**2*sin(x1**(-4)) + 2.8e-7*exp(3.14159265*x1)*sin(log(x2)) - 0.54870328*cos(x1*x2) + 0.44536753)",
    "mse_train": 0.31511947770683585,
    "mae_train": 0.27400206865628424,
    "r2_train": 0.9518153658041347,
    "mse_test": 0.31665576780849225,
    "mae_test": 0.2715993456436005,
    "r2_test": 0.9522377255986358
}