{
    "dataset": "feynman_I_30_3",
    "algorithm": "RILSROLSRegressor",
    "params": {
        "complexity_penalty": 0.001,
        "error_tolerance": 1e-16,
        "fitness_type": "FitnessType.BIC",
        "initial_sample_size": 0.01,
        "max_fit_calls": 1000000,
        "max_seconds": 7200,
        "random_perturbations_order": false,
        "random_state": 23654,
        "verbose": false
    },
    "random_state": 23654,
    "process_time": 3435.125,
    "time_time": 3435.4692318439484,
    "target_noise": 0.001,
    "feature_noise": 0.0,
    "true_model": " Int_0*sin(n*theta/2)**2/sin(theta/2)**2",
    "model_size": 54,
    "symbolic_model": "(-1.01037171*x0*cos(x1*x2) + 1.01037171*x0 + (x1 - 0.55)*(4.0e-8*x0*x1**10 - 0.00147029*x0*x1*exp(x1)*cos(x1*x2) + 0.00490463*x0*exp(x1) - 0.03232444))/(x1 - 0.55)",
    "mse_train": 0.0038859634318693715,
    "mae_train": 0.04202498153395061,
    "r2_train": 0.9994027874366531,
    "mse_test": 0.0036667947883191,
    "mae_test": 0.041120172091961074,
    "r2_test": 0.9994492676010168
}