{
    "dataset": "feynman_II_35_18",
    "algorithm": "RILSROLSRegressor",
    "params": {
        "complexity_penalty": 0.001,
        "error_tolerance": 1e-16,
        "fitness_type": "FitnessType.BIC",
        "initial_sample_size": 0.01,
        "max_fit_calls": 1000000,
        "max_seconds": 7200,
        "random_perturbations_order": false,
        "random_state": 860,
        "verbose": false
    },
    "random_state": 860,
    "process_time": 2804.40625,
    "time_time": 2804.773067712784,
    "target_noise": 0.0,
    "feature_noise": 0.0,
    "true_model": " n_0/(exp(mom*B/(kb*T))+exp(-mom*B/(kb*T)))",
    "model_size": 24,
    "symbolic_model": "3.61749804*x0*x2/(3.14159265*x2 + x3*x4/x1) - 0.55618212*x0",
    "mse_train": 0.0012223422539746802,
    "mae_train": 0.021692434738148195,
    "r2_train": 0.9877164721717336,
    "mse_test": 0.0012531435818225202,
    "mae_test": 0.021923666570402046,
    "r2_test": 0.9874823468070626
}