{
    "dataset": "feynman_II_35_18",
    "algorithm": "RILSROLSRegressor",
    "params": {
        "complexity_penalty": 0.001,
        "error_tolerance": 1e-16,
        "fitness_type": "FitnessType.BIC",
        "initial_sample_size": 0.01,
        "max_fit_calls": 1000000,
        "max_seconds": 7200,
        "random_perturbations_order": false,
        "random_state": 15795,
        "verbose": false
    },
    "random_state": 15795,
    "process_time": 2740.28125,
    "time_time": 2740.5984375476837,
    "target_noise": 0.001,
    "feature_noise": 0.0,
    "true_model": " n_0/(exp(mom*B/(kb*T))+exp(-mom*B/(kb*T)))",
    "model_size": 54,
    "symbolic_model": "x0*(-0.07128368*sin(sin(1/(x1**2*x2**2/(x3**2*x4**2) + 1))) - 0.57678647*sin(sin(1/(3.14159265*x1**2*x2**2/(x3**2*x4**2) + 0.8))) + 0.5003934)",
    "mse_train": 1.7695441030410438e-06,
    "mae_train": 0.0007530126328729334,
    "r2_train": 0.9999822583728517,
    "mse_test": 1.0490634342121082e-06,
    "mae_test": 0.00045557351356691,
    "r2_test": 0.9999894675584252
}