{
    "dataset": "feynman_II_35_18",
    "algorithm": "RILSROLSRegressor",
    "params": {
        "complexity_penalty": 0.001,
        "error_tolerance": 1e-16,
        "fitness_type": "FitnessType.BIC",
        "initial_sample_size": 0.01,
        "max_fit_calls": 1000000,
        "max_seconds": 7200,
        "random_perturbations_order": false,
        "random_state": 23654,
        "verbose": false
    },
    "random_state": 23654,
    "process_time": 2928.828125,
    "time_time": 2932.2025549411774,
    "target_noise": 0.0,
    "feature_noise": 0.0,
    "true_model": " n_0/(exp(mom*B/(kb*T))+exp(-mom*B/(kb*T)))",
    "model_size": 43,
    "symbolic_model": "x0*(0.06927128*sin(1.74532925*sin(log(x1*x2/(x3*x4)) + 0.1) + 1) + 0.20168754*sin(log(x1*x2/(x3*x4))) + 0.26006417)",
    "mse_train": 2.6644146276595436e-06,
    "mae_train": 0.0005028766836189133,
    "r2_train": 0.9999734918619233,
    "mse_test": 3.3559609278330734e-06,
    "mae_test": 0.0004937830354423584,
    "r2_test": 0.9999667421574449
}