{
    "dataset": "feynman_II_35_18",
    "algorithm": "RILSROLSRegressor",
    "params": {
        "complexity_penalty": 0.001,
        "error_tolerance": 1e-16,
        "fitness_type": "FitnessType.BIC",
        "initial_sample_size": 0.01,
        "max_fit_calls": 1000000,
        "max_seconds": 7200,
        "random_perturbations_order": false,
        "random_state": 29910,
        "verbose": false
    },
    "random_state": 29910,
    "process_time": 2522.734375,
    "time_time": 2522.9170026779175,
    "target_noise": 0.0,
    "feature_noise": 0.0,
    "true_model": " n_0/(exp(mom*B/(kb*T))+exp(-mom*B/(kb*T)))",
    "model_size": 35,
    "symbolic_model": "0.12342161*x0*x1 + 0.13793248*x0*x2 - 0.0037373*exp(x2)/sin(x1) - 1.21266854*sin(0.05144676*x0*x3*x4) + 0.0859637",
    "mse_train": 0.00380717642014761,
    "mae_train": 0.044724118189691055,
    "r2_train": 0.9628233215434989,
    "mse_test": 0.003760669500545514,
    "mae_test": 0.04426823254657029,
    "r2_test": 0.9624938348360488
}