{
    "dataset": "feynman_II_11_3",
    "algorithm": "RILSROLSRegressor",
    "params": {
        "complexity_penalty": 0.001,
        "error_tolerance": 1e-16,
        "fitness_type": "FitnessType.BIC",
        "initial_sample_size": 0.01,
        "max_fit_calls": 1000000,
        "max_seconds": 7200,
        "random_perturbations_order": false,
        "random_state": 15795,
        "verbose": false
    },
    "random_state": 15795,
    "process_time": 2431.390625,
    "time_time": 2431.5960035324097,
    "target_noise": 0.001,
    "feature_noise": 0.0,
    "true_model": " q*Ef/(m*(omega_0**2-omega**2))",
    "model_size": 24,
    "symbolic_model": "1.00023126*x0*x1/(x2*(x3 - x4)*(x3 + x4))",
    "mse_train": 5.0365126226633745e-08,
    "mae_train": 0.00017910977773484953,
    "r2_train": 0.9999968446363675,
    "mse_test": 2.525061872018814e-09,
    "mae_test": 4.132299865365922e-05,
    "r2_test": 0.9999998348036816
}