{
    "dataset": "feynman_II_35_21",
    "algorithm": "RILSROLSRegressor",
    "params": {
        "complexity_penalty": 0.001,
        "error_tolerance": 1e-16,
        "max_fit_calls": 1000000,
        "max_seconds": 7200,
        "random_state": 29910
    },
    "random_state": 29910,
    "process_time": 4736.9375,
    "time_time": 4999.2037744522095,
    "target_noise": 0.001,
    "feature_noise": 0.0,
    "true_model": " n_rho*mom*tanh(mom*B/(kb*T))",
    "model_size": 57,
    "symbolic_model": "1.64970153*x0*x1*cos(1/(x1**2*x2**2/(x3**2*x4**2) + 1)) - 0.72851027*x0*x1 + 0.01571456*(x0**2*x2*(x1 + 1)**4/(x3*x4))**0.5",
    "mse_train": 0.026991492894504438,
    "mae_train": 0.08144658085891289,
    "r2_train": 0.9989415054495687,
    "mse_test": 0.027256640261798123,
    "mae_test": 0.08016985218430231,
    "r2_test": 0.9989150089566556
}