{
    "dataset": "feynman_II_35_21",
    "algorithm": "RILSROLSRegressor",
    "params": {
        "complexity_penalty": 0.001,
        "error_tolerance": 1e-16,
        "max_fit_calls": 1000000,
        "max_seconds": 7200,
        "random_state": 23654
    },
    "random_state": 23654,
    "process_time": 2693.203125,
    "time_time": 2693.751845598221,
    "target_noise": 0.1,
    "feature_noise": 0.0,
    "true_model": " n_rho*mom*tanh(mom*B/(kb*T))",
    "model_size": 50,
    "symbolic_model": "1.07466584*x0*x1 - 0.33516763*x0*x3*x4/x2 + 0.38011127 - 29.1677779/(x3**5*x4**5) + 1.71806739*(x2 - x4 + 0.5)**4/(x1**2*x2**4)",
    "mse_train": 9.832538900273331,
    "mae_train": 1.1685789804967448,
    "r2_train": 0.6137240568055466,
    "mse_test": 9.014621016794393,
    "mae_test": 0.7914508218850732,
    "r2_test": 0.6465100576110306
}