{
    "dataset": "feynman_II_35_21",
    "algorithm": "RILSROLSRegressor",
    "params": {
        "complexity_penalty": 0.001,
        "error_tolerance": 1e-16,
        "max_fit_calls": 1000000,
        "max_seconds": 7200,
        "random_state": 23654
    },
    "random_state": 23654,
    "process_time": 2892.15625,
    "time_time": 2892.2949397563934,
    "target_noise": 0.0,
    "feature_noise": 0.0,
    "true_model": " n_rho*mom*tanh(mom*B/(kb*T))",
    "model_size": 40,
    "symbolic_model": "x0*x1*(-0.56504789*2**sin(log(x1*x2/(x3*x4))) + 0.80213983*sin(log(x1*x2/(x3*x4))) + 1.32938815)",
    "mse_train": 0.022653980651918176,
    "mae_train": 0.05051931995414993,
    "r2_train": 0.9990855146123468,
    "mse_test": 0.027158888264742526,
    "mae_test": 0.054331705912443524,
    "r2_test": 0.9989350196940985
}