{
    "dataset": "feynman_II_35_21",
    "algorithm": "RILSROLSRegressor",
    "params": {
        "complexity_penalty": 0.001,
        "error_tolerance": 1e-16,
        "max_fit_calls": 1000000,
        "max_seconds": 7200,
        "random_state": 15795
    },
    "random_state": 15795,
    "process_time": 4220.8125,
    "time_time": 4237.879633665085,
    "target_noise": 0.1,
    "feature_noise": 0.0,
    "true_model": " n_rho*mom*tanh(mom*B/(kb*T))",
    "model_size": 79,
    "symbolic_model": "-0.38285274*x0*x1*x4/(x2 + 1) + 1.32390688*x0*x1 - 0.628492*x0 + 0.11322832*x2*x4 + 0.51846996*x3**2*x4*(1/x3)**x4 - 1.29132283*x3 - 17.61103827*sin(x3)*sin((x0 + x1)**(-2)) - 0.59686939*sin(x2*(x0 + x1)**2 - 1/x4) + 1.74245868",
    "mse_train": 1.5958774502193915,
    "mae_train": 0.9918987268637313,
    "r2_train": 0.9386974151617928,
    "mse_test": 0.9047428156326084,
    "mae_test": 0.7251917057890354,
    "r2_test": 0.9643518738254239
}