{
    "dataset": "feynman_II_35_21",
    "algorithm": "RILSROLSRegressor",
    "params": {
        "complexity_penalty": 0.001,
        "error_tolerance": 1e-16,
        "max_fit_calls": 1000000,
        "max_seconds": 7200,
        "random_state": 21962
    },
    "random_state": 21962,
    "process_time": 3494.84375,
    "time_time": 3496.576109647751,
    "target_noise": 0.1,
    "feature_noise": 0.0,
    "true_model": " n_rho*mom*tanh(mom*B/(kb*T))",
    "model_size": 68,
    "symbolic_model": "1.24911897*x0*x1 - 1.81135303*x0*x3/(x0/x1 + x2/x4 + 1) + 1.39591781*x4 - 1.57065352*x4*log(x0*x4)/(x2 + x3/x2) - 2.53507868 + 4.09289675*log(x3)/x4 - 2.98917991/x4**5",
    "mse_train": 1.5397627594435497,
    "mae_train": 0.962279322916692,
    "r2_train": 0.9412266217453251,
    "mse_test": 0.8031925609682515,
    "mae_test": 0.6559082281639298,
    "r2_test": 0.9678762543764312
}