{
    "dataset": "feynman_I_43_31",
    "algorithm": "RILSROLSRegressor",
    "params": {
        "complexity_penalty": 0.001,
        "error_tolerance": 1e-16,
        "max_fit_calls": 1000000,
        "max_seconds": 7200,
        "random_state": 15795
    },
    "random_state": 15795,
    "process_time": 2.046875,
    "time_time": 2.049001693725586,
    "target_noise": 0.0,
    "feature_noise": 0.0,
    "true_model": " mob*kb*T",
    "model_size": 6,
    "symbolic_model": "x0*x1*x2",
    "mse_train": 6.586317533787945e-29,
    "mae_train": 4.9630743959028225e-15,
    "r2_train": 1.0,
    "mse_test": 6.64590463530188e-29,
    "mae_test": 4.990141633243184e-15,
    "r2_test": 1.0
}