{
    "dataset": "feynman_I_43_31",
    "algorithm": "RILSROLSRegressor",
    "params": {
        "complexity_penalty": 0.001,
        "error_tolerance": 1e-16,
        "max_fit_calls": 1000000,
        "max_seconds": 7200,
        "random_state": 4426
    },
    "random_state": 4426,
    "process_time": 2.328125,
    "time_time": 2.3159992694854736,
    "target_noise": 0.0,
    "feature_noise": 0.0,
    "true_model": " mob*kb*T",
    "model_size": 6,
    "symbolic_model": "x0*x1*x2",
    "mse_train": 6.392698527134368e-29,
    "mae_train": 4.916711482394476e-15,
    "r2_train": 1.0,
    "mse_test": 6.467502755510016e-29,
    "mae_test": 4.948779164237749e-15,
    "r2_test": 1.0
}