{
    "dataset": "feynman_I_43_31",
    "algorithm": "RILSROLSRegressor",
    "params": {
        "complexity_penalty": 0.001,
        "error_tolerance": 1e-16,
        "max_fit_calls": 1000000,
        "max_seconds": 7200,
        "random_state": 23654
    },
    "random_state": 23654,
    "process_time": 2.625,
    "time_time": 2.6385974884033203,
    "target_noise": 0.0,
    "feature_noise": 0.0,
    "true_model": " mob*kb*T",
    "model_size": 6,
    "symbolic_model": "x0*x1*x2",
    "mse_train": 6.73760182692477e-29,
    "mae_train": 4.990363677848108e-15,
    "r2_train": 1.0,
    "mse_test": 6.416183409320864e-29,
    "mae_test": 4.910019058002036e-15,
    "r2_test": 1.0
}