{
    "dataset": "feynman_I_43_31",
    "algorithm": "RILSROLSRegressor",
    "params": {
        "complexity_penalty": 0.001,
        "error_tolerance": 1e-16,
        "max_fit_calls": 1000000,
        "max_seconds": 7200,
        "random_state": 28020
    },
    "random_state": 28020,
    "process_time": 2048.8125,
    "time_time": 2057.52388048172,
    "target_noise": 0.01,
    "feature_noise": 0.0,
    "true_model": " mob*kb*T",
    "model_size": 6,
    "symbolic_model": "x0*x1*x2",
    "mse_train": 0.11209400749828173,
    "mae_train": 0.26566131711551433,
    "r2_train": 0.9996992075041581,
    "mse_test": 6.556189653918584e-29,
    "mae_test": 4.959863630915607e-15,
    "r2_test": 1.0
}