{
    "dataset": "feynman_I_43_31",
    "algorithm": "RILSROLSRegressor",
    "params": {
        "complexity_penalty": 0.001,
        "error_tolerance": 1e-16,
        "max_fit_calls": 1000000,
        "max_seconds": 7200,
        "random_state": 14423
    },
    "random_state": 14423,
    "process_time": 1931.703125,
    "time_time": 1932.8553378582,
    "target_noise": 0.01,
    "feature_noise": 0.0,
    "true_model": " mob*kb*T",
    "model_size": 24,
    "symbolic_model": "1.00527251*x0*x1*x2 - 0.1334768*x1*cos(x1)*cos((x0 - 1)**2) - 0.16904648",
    "mse_train": 0.1556767324226709,
    "mae_train": 0.31493953856540857,
    "r2_train": 0.9995952313307843,
    "mse_test": 0.0443416016280844,
    "mae_test": 0.1708352756424742,
    "r2_test": 0.9998821964373668
}