{
    "dataset": "feynman_II_36_38",
    "algorithm": "RILSROLSRegressor",
    "params": {
        "complexity_penalty": 0.001,
        "error_tolerance": 1e-16,
        "max_fit_calls": 1000000,
        "max_seconds": 7200,
        "random_state": 29910
    },
    "random_state": 29910,
    "process_time": 444.5625,
    "time_time": 444.61598539352417,
    "target_noise": 0.0,
    "feature_noise": 0.0,
    "true_model": " mom*H/(kb*T)+(mom*alpha)/(epsilon*c**2*kb*T)*M",
    "model_size": 30,
    "symbolic_model": "x0*(x1*x5*x6**2 + x4*x7)/(x2*x3*x5*x6**2)",
    "mse_train": 3.961492295300748e-31,
    "mae_train": 3.854833119376622e-16,
    "r2_train": 1.0,
    "mse_test": 3.42890749220836e-31,
    "mae_test": 3.7487901671795497e-16,
    "r2_test": 1.0
}