{
    "dataset": "feynman_II_36_38",
    "algorithm": "RILSROLSRegressor",
    "params": {
        "complexity_penalty": 0.001,
        "error_tolerance": 1e-16,
        "max_fit_calls": 1000000,
        "max_seconds": 7200,
        "random_state": 15795
    },
    "random_state": 15795,
    "process_time": 3450.859375,
    "time_time": 3450.8980062007904,
    "target_noise": 0.0,
    "feature_noise": 0.0,
    "true_model": " mom*H/(kb*T)+(mom*alpha)/(epsilon*c**2*kb*T)*M",
    "model_size": 49,
    "symbolic_model": "1.01315305*x0*x1/(x2*x3) + 8.30313544*x0*x4*x7/(x3*(x2**0.5*x6 + x5*x6*log(x2) + x5*x6 + x6)**2) - 0.00948223",
    "mse_train": 0.0005552941281801711,
    "mae_train": 0.014138563494734828,
    "r2_train": 0.9995338166501485,
    "mse_test": 0.0006302045304851073,
    "mae_test": 0.014905651715578238,
    "r2_test": 0.9994961720747607
}