{
    "dataset": "feynman_II_36_38",
    "algorithm": "RILSROLSRegressor",
    "params": {
        "complexity_penalty": 0.001,
        "error_tolerance": 1e-16,
        "max_fit_calls": 1000000,
        "max_seconds": 7200,
        "random_state": 860
    },
    "random_state": 860,
    "process_time": 2998.671875,
    "time_time": 3000.609703540802,
    "target_noise": 0.1,
    "feature_noise": 0.0,
    "true_model": " mom*H/(kb*T)+(mom*alpha)/(epsilon*c**2*kb*T)*M",
    "model_size": 37,
    "symbolic_model": "7.85690077*x0/(x2*x3*(x6*sin(2/x1) + (x5/x7)**0.5)) + 0.19138831*x1 - 0.52568337",
    "mse_train": 0.12870408308149953,
    "mae_train": 0.25741784098434606,
    "r2_train": 0.8965180619632603,
    "mse_test": 0.09505757370559162,
    "mae_test": 0.1941011741130157,
    "r2_test": 0.9256577166243148
}