{
    "dataset": "feynman_II_36_38",
    "algorithm": "RILSROLSRegressor",
    "params": {
        "complexity_penalty": 0.001,
        "error_tolerance": 1e-16,
        "max_fit_calls": 1000000,
        "max_seconds": 7200,
        "random_state": 28020
    },
    "random_state": 28020,
    "process_time": 4161.203125,
    "time_time": 4162.1441440582275,
    "target_noise": 0.001,
    "feature_noise": 0.0,
    "true_model": " mom*H/(kb*T)+(mom*alpha)/(epsilon*c**2*kb*T)*M",
    "model_size": 82,
    "symbolic_model": "1.00804906*x0*x1/(x2*x3) + 0.85644806*x0*x4/(x2*x3*x6**2) - 0.79288379*x0*x5/(x2*x3*x6**2) + 0.90290143*x0*x7/(x2*x3*x6**2) + 3.55671481/(x2**2*x5**2*x6**10)",
    "mse_train": 0.019996252016851766,
    "mae_train": 0.0584693434588953,
    "r2_train": 0.9839884776260764,
    "mse_test": 0.01970725118595246,
    "mae_test": 0.059382645391656,
    "r2_test": 0.9839674686770584
}