{
    "dataset": "feynman_II_36_38",
    "algorithm": "RILSROLSRegressor",
    "params": {
        "complexity_penalty": 0.001,
        "error_tolerance": 1e-16,
        "max_fit_calls": 1000000,
        "max_seconds": 7200,
        "random_state": 14423
    },
    "random_state": 14423,
    "process_time": 3668.625,
    "time_time": 3697.0935311317444,
    "target_noise": 0.1,
    "feature_noise": 0.0,
    "true_model": " mom*H/(kb*T)+(mom*alpha)/(epsilon*c**2*kb*T)*M",
    "model_size": 52,
    "symbolic_model": "1.45152317*x0**0.5*x1/(x2*x3) + 0.5939*x0**2*x4*log(x7)/(x2*x3*x6**2) - 0.10203064*x6 + 1.18594907*log(x0)/x5**2",
    "mse_train": 0.08537599048328934,
    "mae_train": 0.21813435722904279,
    "r2_train": 0.9348502023789038,
    "mse_test": 0.0476742130425071,
    "mae_test": 0.14054353274602524,
    "r2_test": 0.9607549649258779
}