{
    "dataset": "feynman_II_36_38",
    "algorithm": "RILSROLSRegressor",
    "params": {
        "complexity_penalty": 0.001,
        "error_tolerance": 1e-16,
        "max_fit_calls": 1000000,
        "max_seconds": 7200,
        "random_state": 23654
    },
    "random_state": 23654,
    "process_time": 2777.09375,
    "time_time": 2777.5736334323883,
    "target_noise": 0.1,
    "feature_noise": 0.0,
    "true_model": " mom*H/(kb*T)+(mom*alpha)/(epsilon*c**2*kb*T)*M",
    "model_size": 34,
    "symbolic_model": "x0*(1.0150027*x1*x5*x6**2 + 0.9270468*x4*x7)/(x2*x3*x5*x6**2)",
    "mse_train": 0.03994860979224488,
    "mae_train": 0.1598254163015408,
    "r2_train": 0.9672705556879834,
    "mse_test": 0.0015394181403844181,
    "mae_test": 0.020538587379584555,
    "r2_test": 0.9987822654156192
}