{
    "dataset": "feynman_II_36_38",
    "algorithm": "RILSROLSRegressor",
    "params": {
        "complexity_penalty": 0.001,
        "error_tolerance": 1e-16,
        "max_fit_calls": 1000000,
        "max_seconds": 7200,
        "random_state": 5390
    },
    "random_state": 5390,
    "process_time": 2958.25,
    "time_time": 2959.6863298416138,
    "target_noise": 0.1,
    "feature_noise": 0.0,
    "true_model": " mom*H/(kb*T)+(mom*alpha)/(epsilon*c**2*kb*T)*M",
    "model_size": 38,
    "symbolic_model": "0.99510936*x0*x1/(x2*x3) + 1.02281152*x0*x4*x7/(x2*x3*x5*x6**2)",
    "mse_train": 0.03969221368168699,
    "mae_train": 0.1590720278180358,
    "r2_train": 0.9690216552350387,
    "mse_test": 0.00013761370711182759,
    "mae_test": 0.006241183769658246,
    "r2_test": 0.9998870996296593
}