{
    "dataset": "feynman_II_36_38",
    "algorithm": "RILSROLSRegressor",
    "params": {
        "complexity_penalty": 0.001,
        "error_tolerance": 1e-16,
        "max_fit_calls": 1000000,
        "max_seconds": 7200,
        "random_state": 28020
    },
    "random_state": 28020,
    "process_time": 4230.46875,
    "time_time": 4234.134001731873,
    "target_noise": 0.0,
    "feature_noise": 0.0,
    "true_model": " mom*H/(kb*T)+(mom*alpha)/(epsilon*c**2*kb*T)*M",
    "model_size": 82,
    "symbolic_model": "1.00856164*x0*x1/(x2*x3) + 0.85447256*x0*x4/(x2*x3*x6**2) - 0.78935039*x0*x5/(x2*x3*x6**2) + 0.90125462*x0*x7/(x2*x3*x6**2) + 3.57548381/(x2**2*x5**2*x6**10)",
    "mse_train": 0.020076652682749812,
    "mae_train": 0.058559390907932836,
    "r2_train": 0.9839250241276951,
    "mse_test": 0.019780620732877115,
    "mae_test": 0.05955504025991653,
    "r2_test": 0.9839077800097694
}