{
    "dataset": "feynman_I_6_2a",
    "algorithm": "RILSROLSRegressor",
    "params": {
        "complexity_penalty": 0.001,
        "error_tolerance": 1e-16,
        "fitness_type": "FitnessType.BIC",
        "initial_sample_size": 0.01,
        "max_fit_calls": 1000000,
        "max_seconds": 7200,
        "random_perturbations_order": false,
        "random_state": 16850,
        "verbose": false
    },
    "random_state": 16850,
    "process_time": 2244.734375,
    "time_time": 2244.9176545143127,
    "target_noise": 0.0,
    "feature_noise": 0.0,
    "true_model": " exp(-theta**2/2)/sqrt(2*3.1415926535)",
    "model_size": 22,
    "symbolic_model": "0.09493428*log(x0) + 0.250426*sin(x0**(-x0)) - 0.17914552 + 0.21080331/x0",
    "mse_train": 5.148634508440421e-09,
    "mae_train": 5.06376396402246e-05,
    "r2_train": 0.9999989610087275,
    "mse_test": 5.296900281524968e-09,
    "mae_test": 5.134791252683665e-05,
    "r2_test": 0.9999989254955974
}