{
    "dataset": "feynman_I_6_2a",
    "algorithm": "RILSROLSRegressor",
    "params": {
        "complexity_penalty": 0.001,
        "error_tolerance": 1e-16,
        "fitness_type": "FitnessType.BIC",
        "initial_sample_size": 0.01,
        "max_fit_calls": 1000000,
        "max_seconds": 7200,
        "random_perturbations_order": false,
        "random_state": 23654,
        "verbose": false
    },
    "random_state": 23654,
    "process_time": 2273.734375,
    "time_time": 2273.971970796585,
    "target_noise": 0.0,
    "feature_noise": 0.0,
    "true_model": " exp(-theta**2/2)/sqrt(2*3.1415926535)",
    "model_size": 22,
    "symbolic_model": "0.09496195*log(x0) + 0.24942948*sin(x0**(-x0)) - 0.17965062 + 0.2122777/x0",
    "mse_train": 5.793491964386132e-09,
    "mae_train": 4.666491525241889e-05,
    "r2_train": 0.9999988000079408,
    "mse_test": 6.161065281590344e-09,
    "mae_test": 4.771549205057162e-05,
    "r2_test": 0.9999987516107558
}