{
    "dataset": "feynman_I_6_2a",
    "algorithm": "RILSROLSRegressor",
    "params": {
        "complexity_penalty": 0.001,
        "error_tolerance": 1e-16,
        "fitness_type": "FitnessType.BIC",
        "initial_sample_size": 0.01,
        "max_fit_calls": 1000000,
        "max_seconds": 7200,
        "random_perturbations_order": false,
        "random_state": 14423,
        "verbose": false
    },
    "random_state": 14423,
    "process_time": 2209.125,
    "time_time": 2210.1068062782288,
    "target_noise": 0.0,
    "feature_noise": 0.0,
    "true_model": " exp(-theta**2/2)/sqrt(2*3.1415926535)",
    "model_size": 22,
    "symbolic_model": "0.09449533*log(x0) + 0.24922726*sin(x0**(-x0)) - 0.1790251 + 0.2118068/x0",
    "mse_train": 5.821028753469726e-09,
    "mae_train": 5.466797371278862e-05,
    "r2_train": 0.9999987898983375,
    "mse_test": 6.092333214703002e-09,
    "mae_test": 5.533221160653079e-05,
    "r2_test": 0.9999987586678301
}