{
    "dataset": "feynman_I_15_10",
    "algorithm": "RILSROLSRegressor",
    "params": {
        "complexity_penalty": 0.001,
        "error_tolerance": 1e-16,
        "fitness_type": "FitnessType.BIC",
        "initial_sample_size": 0.01,
        "max_fit_calls": 1000000,
        "max_seconds": 7200,
        "random_perturbations_order": false,
        "random_state": 15795,
        "verbose": false
    },
    "random_state": 15795,
    "process_time": 2350.5625,
    "time_time": 2350.77166056633,
    "target_noise": 0.001,
    "feature_noise": 0.0,
    "true_model": " m_0*v/sqrt(1-v**2/c**2)",
    "model_size": 23,
    "symbolic_model": "0.68007239*x0*x1 + 0.32096812*x0*x1/cos(x1/x2)**3 - 0.00115065",
    "mse_train": 2.882610932950835e-05,
    "mae_train": 0.004288306565304645,
    "r2_train": 0.9999935605443658,
    "mse_test": 2.5486067003985093e-06,
    "mae_test": 0.0012924971506061594,
    "r2_test": 0.9999994266324144
}