{
    "dataset": "feynman_I_15_10",
    "algorithm": "RILSROLSRegressor",
    "params": {
        "complexity_penalty": 0.001,
        "error_tolerance": 1e-16,
        "fitness_type": "FitnessType.BIC",
        "initial_sample_size": 0.01,
        "max_fit_calls": 1000000,
        "max_seconds": 7200,
        "random_perturbations_order": false,
        "random_state": 16850,
        "verbose": false
    },
    "random_state": 16850,
    "process_time": 3054.71875,
    "time_time": 3055.083118200302,
    "target_noise": 0.0,
    "feature_noise": 0.0,
    "true_model": " m_0*v/sqrt(1-v**2/c**2)",
    "model_size": 53,
    "symbolic_model": "x0**2*(x1**6 + x2*(x1**5 + x1**4*x2 + x1**4))/(x2*(x2 + 1)**2*(x2 + sin(log(x2/x1)) + 1)*log(x2))",
    "mse_train": 16.31353247387398,
    "mae_train": 3.692561144999339,
    "r2_train": -2.5996751478511158,
    "mse_test": 15.915090771811498,
    "mae_test": 3.6563376058227157,
    "r2_test": -2.5831595400626113
}