{
    "dataset": "feynman_test_4",
    "algorithm": "RILSROLSRegressor",
    "params": {
        "complexity_penalty": 0.001,
        "error_tolerance": 1e-16,
        "fitness_type": "FitnessType.BIC",
        "initial_sample_size": 0.01,
        "max_fit_calls": 1000000,
        "max_seconds": 7200,
        "random_perturbations_order": false,
        "random_state": 15795,
        "verbose": false
    },
    "random_state": 15795,
    "process_time": 3219.9375,
    "time_time": 3220.2395362854004,
    "target_noise": 0.0,
    "feature_noise": 0.0,
    "true_model": " sqrt(2/m*(E_n-U-L**2/(2*m*r**2)))",
    "model_size": 102,
    "symbolic_model": "-0.52165436*x0 + 3.60826936*x2 - 0.43364762*x3*cos(10 + 1/(x0*x1 + x0*x2 - 3.14159265*x2 + 1))**0.5/(x4*(x0 + 1)) + 22520271539759500000000000000000000000000000000000000000000 + 5.47092998*cos(x3/(x4*(x0 + 1)) + 1/(x0*x1 + x0*x2 - 3.14159265*x2 + 1))**0.5/(x0*x1 + x0*x2 - 3.14159265*x2 + 1) - 9.50228586*x2/x1",
    "mse_train": 5.0716263022450154e+116,
    "mae_train": 2.2520271539759497e+58,
    "r2_train": -2.0561022034944045e+117,
    "mse_test": 5.071626302245016e+116,
    "mae_test": 2.25202715397595e+58,
    "r2_test": -2.0496281931579768e+117
}