{
    "dataset": "feynman_test_4",
    "algorithm": "RILSROLSRegressor",
    "params": {
        "complexity_penalty": 0.001,
        "error_tolerance": 1e-16,
        "fitness_type": "FitnessType.BIC",
        "initial_sample_size": 0.01,
        "max_fit_calls": 1000000,
        "max_seconds": 7200,
        "random_perturbations_order": false,
        "random_state": 23654,
        "verbose": false
    },
    "random_state": 23654,
    "process_time": 2912.140625,
    "time_time": 2912.5274419784546,
    "target_noise": 0.001,
    "feature_noise": 0.0,
    "true_model": " sqrt(2/m*(E_n-U-L**2/(2*m*r**2)))",
    "model_size": 47,
    "symbolic_model": "1.41346026*(cos(x3/(x0*x4)) - 1 + x1/x0 - x2/x0)**0.5 - 0.00759506/(x4*(x0 - x3 + x4)**2)",
    "mse_train": 1957.452919368225,
    "mae_train": 1.0920296321568699,
    "r2_train": -7819.56766903165,
    "mse_test": 55694.287100156085,
    "mae_test": 2.3663418300115397,
    "r2_test": -225277.26643096356
}