{
    "dataset": "feynman_test_4",
    "algorithm": "RILSROLSRegressor",
    "params": {
        "complexity_penalty": 0.001,
        "error_tolerance": 1e-16,
        "fitness_type": "FitnessType.BIC",
        "initial_sample_size": 0.01,
        "max_fit_calls": 1000000,
        "max_seconds": 7200,
        "random_perturbations_order": false,
        "random_state": 29910,
        "verbose": false
    },
    "random_state": 29910,
    "process_time": 3339.53125,
    "time_time": 3339.8589577674866,
    "target_noise": 0.0,
    "feature_noise": 0.0,
    "true_model": " sqrt(2/m*(E_n-U-L**2/(2*m*r**2)))",
    "model_size": 59,
    "symbolic_model": "-0.0035819*x2*x3**2/x4**2 - 1.3936281*x3**2*sin(x0**(-2))/(x4**2*(x1 - 0.8*x3 + x4)) + 1.41372701*(0.01 + x1/x0 - x2/x0)**0.5 - 0.00576006",
    "mse_train": 3.4630533445374406e-05,
    "mae_train": 0.002518621230322079,
    "r2_train": 0.9998625452993499,
    "mse_test": 3.455021213651764e-05,
    "mae_test": 0.002470591395084131,
    "r2_test": 0.9998607685951557
}