{
    "dataset": "feynman_test_4",
    "algorithm": "RILSROLSRegressor",
    "params": {
        "complexity_penalty": 0.001,
        "error_tolerance": 1e-16,
        "fitness_type": "FitnessType.BIC",
        "initial_sample_size": 0.01,
        "max_fit_calls": 1000000,
        "max_seconds": 7200,
        "random_perturbations_order": false,
        "random_state": 16850,
        "verbose": false
    },
    "random_state": 16850,
    "process_time": 2917.84375,
    "time_time": 2918.204489707947,
    "target_noise": 0.0,
    "feature_noise": 0.0,
    "true_model": " sqrt(2/m*(E_n-U-L**2/(2*m*r**2)))",
    "model_size": 38,
    "symbolic_model": "(x0*(1.45220288*((x1 - x2)/x0)**0.5 + 0.44266011*cos(x3*sin(1/x0)/x4) - 0.49322612) - 0.0397742)/x0",
    "mse_train": 0.0002525002029733886,
    "mae_train": 0.006013623253049576,
    "r2_train": 0.9989487144980908,
    "mse_test": 0.00030904227502552903,
    "mae_test": 0.0060855235222850934,
    "r2_test": 0.9987451723703124
}