{
    "dataset": "feynman_test_20",
    "algorithm": "RILSROLSRegressor",
    "params": {
        "complexity_penalty": 0.001,
        "error_tolerance": 1e-16,
        "fitness_type": "FitnessType.BIC",
        "initial_sample_size": 0.01,
        "max_fit_calls": 1000000,
        "max_seconds": 7200,
        "random_perturbations_order": false,
        "random_state": 16850,
        "verbose": false
    },
    "random_state": 16850,
    "process_time": 2461.640625,
    "time_time": 2461.9058833122253,
    "target_noise": 0.0,
    "feature_noise": 0.0,
    "true_model": " 1/(4*3.1415926535)*alpha**2*h**2/(m**2*c**2)*(omega_0/omega)**2*(omega_0/omega+omega/omega_0-sin(beta)**2)",
    "model_size": 32,
    "symbolic_model": "0.04164526*3**x3*x1**4*x2/(x0**4*x4**3*x5**2) + 0.04645188*x1*x2 - 0.20744948",
    "mse_train": 5480.556093979764,
    "mae_train": 2.437804273390722,
    "r2_train": -6.799878603348012,
    "mse_test": 3787.8676888309515,
    "mae_test": 1.7443725993711978,
    "r2_test": -12.699774245089259
}