{
    "dataset": "feynman_I_10_7",
    "algorithm": "RILSROLSRegressor",
    "params": {
        "complexity_penalty": 0.001,
        "error_tolerance": 1e-16,
        "max_fit_calls": 1000000,
        "max_seconds": 7200,
        "random_state": 28020
    },
    "random_state": 28020,
    "process_time": 1794.21875,
    "time_time": 1795.7480006217957,
    "target_noise": 0.1,
    "feature_noise": 0.0,
    "true_model": " m_0/sqrt(1-v**2/c**2)",
    "model_size": 20,
    "symbolic_model": "1.02449793*x0 + 0.00988192*x1*cos(x0 - 10*x1)/sin(x2)",
    "mse_train": 5.163029763543135,
    "mae_train": 0.3472732512993852,
    "r2_train": -2.28808404273677,
    "mse_test": 7.003823249118497,
    "mae_test": 0.16758998913411294,
    "r2_test": -3.7353600914848757
}