{
    "dataset": "feynman_I_10_7",
    "algorithm": "RILSROLSRegressor",
    "params": {
        "complexity_penalty": 0.001,
        "error_tolerance": 1e-16,
        "max_fit_calls": 1000000,
        "max_seconds": 7200,
        "random_state": 4426
    },
    "random_state": 4426,
    "process_time": 2903.265625,
    "time_time": 2909.326737165451,
    "target_noise": 0.1,
    "feature_noise": 0.0,
    "true_model": " m_0/sqrt(1-v**2/c**2)",
    "model_size": 10,
    "symbolic_model": "x0*x1/x2**2 + x0",
    "mse_train": 0.11522614397143904,
    "mae_train": 0.2714772930451151,
    "r2_train": 0.9276065172783793,
    "mse_test": 0.002177979052358678,
    "mae_test": 0.030195782533022637,
    "r2_test": 0.998520660795898
}