{
    "dataset": "feynman_I_10_7",
    "algorithm": "RILSROLSRegressor",
    "params": {
        "complexity_penalty": 0.001,
        "error_tolerance": 1e-16,
        "max_fit_calls": 1000000,
        "max_seconds": 7200,
        "random_state": 860
    },
    "random_state": 860,
    "process_time": 2126.5,
    "time_time": 2127.495752096176,
    "target_noise": 0.1,
    "feature_noise": 0.0,
    "true_model": " m_0/sqrt(1-v**2/c**2)",
    "model_size": 30,
    "symbolic_model": "1.07953753*x0 + 0.38402757*x1 - 0.67877367 + 5.72441019*sin(x0**10 + x1 + x2**2 + sin(x2))/x2**2",
    "mse_train": 0.16230096328372928,
    "mae_train": 0.31906689384694575,
    "r2_train": 0.8966746639345243,
    "mse_test": 0.05026036056696887,
    "mae_test": 0.16814115099307705,
    "r2_test": 0.9660190840843818
}