{
    "dataset": "feynman_I_32_5",
    "algorithm": "RILSROLSRegressor",
    "params": {
        "complexity_penalty": 0.001,
        "error_tolerance": 1e-16,
        "max_fit_calls": 1000000,
        "max_seconds": 7200,
        "random_state": 23654
    },
    "random_state": 23654,
    "process_time": 2703.71875,
    "time_time": 2710.122293949127,
    "target_noise": 0.01,
    "feature_noise": 0.0,
    "true_model": " q**2*a**2/(6*3.1415926535*epsilon*c**3)",
    "model_size": 18,
    "symbolic_model": "0.05301463*x0**2*x1**2/(x2*x3**3)",
    "mse_train": 7.041270601529599e-05,
    "mae_train": 0.006710749339709662,
    "r2_train": 0.9998855571651882,
    "mse_test": 2.7874698388157203e-07,
    "mae_test": 0.00018234860189102515,
    "r2_test": 0.9999994471760456
}