{
    "dataset": "feynman_I_32_5",
    "algorithm": "RILSROLSRegressor",
    "params": {
        "complexity_penalty": 0.001,
        "error_tolerance": 1e-16,
        "max_fit_calls": 1000000,
        "max_seconds": 7200,
        "random_state": 4426
    },
    "random_state": 4426,
    "process_time": 2121.015625,
    "time_time": 2129.138052225113,
    "target_noise": 0.1,
    "feature_noise": 0.0,
    "true_model": " q**2*a**2/(6*3.1415926535*epsilon*c**3)",
    "model_size": 18,
    "symbolic_model": "0.05337042*x0**2*x1**2/(x2*x3**3)",
    "mse_train": 0.007439561531847848,
    "mae_train": 0.06894236913902871,
    "r2_train": 0.9889325687106015,
    "mse_test": 2.2974231948293533e-05,
    "mae_test": 0.001619805880151584,
    "r2_test": 0.9999592403770309
}