{
    "dataset": "feynman_I_32_5",
    "algorithm": "RILSROLSRegressor",
    "params": {
        "complexity_penalty": 0.001,
        "error_tolerance": 1e-16,
        "max_fit_calls": 1000000,
        "max_seconds": 7200,
        "random_state": 21962
    },
    "random_state": 21962,
    "process_time": 2341.96875,
    "time_time": 2342.652500629425,
    "target_noise": 0.01,
    "feature_noise": 0.0,
    "true_model": " q**2*a**2/(6*3.1415926535*epsilon*c**3)",
    "model_size": 18,
    "symbolic_model": "0.05297663*x0**2*x1**2/(x2*x3**3)",
    "mse_train": 7.177400505492102e-05,
    "mae_train": 0.006775296132672842,
    "r2_train": 0.9998861270059044,
    "mse_test": 1.4633545488008566e-06,
    "mae_test": 0.0003943940397899419,
    "r2_test": 0.9999977626428656
}