{
    "dataset": "feynman_I_32_5",
    "algorithm": "RILSROLSRegressor",
    "params": {
        "complexity_penalty": 0.001,
        "error_tolerance": 1e-16,
        "max_fit_calls": 1000000,
        "max_seconds": 7200,
        "random_state": 29910
    },
    "random_state": 29910,
    "process_time": 2079.53125,
    "time_time": 2080.0467422008514,
    "target_noise": 0.01,
    "feature_noise": 0.0,
    "true_model": " q**2*a**2/(6*3.1415926535*epsilon*c**3)",
    "model_size": 18,
    "symbolic_model": "0.05302692*x0**2*x1**2/(x2*x3**3)",
    "mse_train": 6.85365166199164e-05,
    "mae_train": 0.006621200227017584,
    "r2_train": 0.9998830467631,
    "mse_test": 1.3875550296034501e-07,
    "mae_test": 0.00012709067644816057,
    "r2_test": 0.9999997541234693
}