{
    "dataset": "feynman_I_32_5",
    "algorithm": "RILSROLSRegressor",
    "params": {
        "complexity_penalty": 0.001,
        "error_tolerance": 1e-16,
        "max_fit_calls": 1000000,
        "max_seconds": 7200,
        "random_state": 14423
    },
    "random_state": 14423,
    "process_time": 2208.640625,
    "time_time": 2209.1601011753082,
    "target_noise": 0.01,
    "feature_noise": 0.0,
    "true_model": " q**2*a**2/(6*3.1415926535*epsilon*c**3)",
    "model_size": 18,
    "symbolic_model": "0.05315901*x0**2*x1**2/(x2*x3**3)",
    "mse_train": 7.994702283925055e-05,
    "mae_train": 0.007073014034167998,
    "r2_train": 0.999884873447192,
    "mse_test": 2.9870381753755537e-06,
    "mae_test": 0.0005557092506436843,
    "r2_test": 0.9999954322794171
}