{
    "dataset": "feynman_I_32_5",
    "algorithm": "RILSROLSRegressor",
    "params": {
        "complexity_penalty": 0.001,
        "error_tolerance": 1e-16,
        "max_fit_calls": 1000000,
        "max_seconds": 7200,
        "random_state": 28020
    },
    "random_state": 28020,
    "process_time": 2869.40625,
    "time_time": 2896.6583263874054,
    "target_noise": 0.01,
    "feature_noise": 0.0,
    "true_model": " q**2*a**2/(6*3.1415926535*epsilon*c**3)",
    "model_size": 24,
    "symbolic_model": "0.05294608*(x0**4*x1**4/x3**4)**0.5/(x2*x3)",
    "mse_train": 6.886986071272258e-05,
    "mae_train": 0.006564475972519542,
    "r2_train": 0.9998821200597838,
    "mse_test": 2.530860093049479e-06,
    "mae_test": 0.0005347536374355359,
    "r2_test": 0.9999955358811932
}