{
    "dataset": "feynman_I_32_5",
    "algorithm": "RILSROLSRegressor",
    "params": {
        "complexity_penalty": 0.001,
        "error_tolerance": 1e-16,
        "max_fit_calls": 1000000,
        "max_seconds": 7200,
        "random_state": 16850
    },
    "random_state": 16850,
    "process_time": 11.53125,
    "time_time": 11.527715921401978,
    "target_noise": 0.0,
    "feature_noise": 0.0,
    "true_model": " q**2*a**2/(6*3.1415926535*epsilon*c**3)",
    "model_size": 18,
    "symbolic_model": "0.05305165*x0**2*x1**2/(x2*x3**3)",
    "mse_train": 1.2843429548411677e-15,
    "mae_train": 1.167910343252402e-08,
    "r2_train": 0.9999999999999979,
    "mse_test": 1.3722135593190586e-15,
    "mae_test": 1.2071460980366877e-08,
    "r2_test": 0.9999999999999979
}