{
    "dataset": "feynman_II_36_38",
    "algorithm": "RILSROLSRegressor",
    "params": {
        "complexity_penalty": 0.001,
        "error_tolerance": 1e-16,
        "fitness_type": "FitnessType.BIC",
        "initial_sample_size": 0.01,
        "max_fit_calls": 1000000,
        "max_seconds": 7200,
        "random_perturbations_order": false,
        "random_state": 16850,
        "verbose": false
    },
    "random_state": 16850,
    "process_time": 3519.15625,
    "time_time": 3519.464131116867,
    "target_noise": 0.0,
    "feature_noise": 0.0,
    "true_model": " mom*H/(kb*T)+(mom*alpha)/(epsilon*c**2*kb*T)*M",
    "model_size": 57,
    "symbolic_model": "0.49068381*x1/x2 - 0.07837358*x4 - 0.38133798 + 2.53139456/(sin(sin(log(x2)/x1) + 1/(x1 + x4)) + x3/x0)**2 + 1.09483288*x4*x7/(x2*x5*x6**2)",
    "mse_train": 0.048682473481878,
    "mae_train": 0.11432001174153489,
    "r2_train": 0.9605560396232073,
    "mse_test": 0.04938728881775449,
    "mae_test": 0.11531822728246198,
    "r2_test": 0.9603302645580407
}