{
    "dataset": "strogatz_barmag2",
    "algorithm": "RILSROLSRegressor",
    "params": {
        "complexity_penalty": 0.001,
        "error_tolerance": 1e-16,
        "max_fit_calls": 1000000,
        "max_seconds": 7200,
        "random_state": 29910
    },
    "random_state": 29910,
    "process_time": 2240.78125,
    "time_time": 2241.1377453804016,
    "target_noise": 0.01,
    "feature_noise": 0.0,
    "true_model": " 0.5 * sin(y - x) - sin(y)",
    "model_size": 14,
    "symbolic_model": "-0.9978088*sin(x1) - 0.49910785*sin(x0 - x1)",
    "mse_train": 8.778820990655182e-06,
    "mae_train": 0.0023206246109637152,
    "r2_train": 0.9998976669973355,
    "mse_test": 3.118499404937011e-07,
    "mae_test": 0.00033524116524831775,
    "r2_test": 0.9999949160417774
}