{
    "dataset": "feynman_III_15_27",
    "algorithm": "RILSROLSRegressor",
    "params": {
        "complexity_penalty": 0.001,
        "error_tolerance": 1e-16,
        "max_fit_calls": 1000000,
        "max_seconds": 7200,
        "random_state": 4426
    },
    "random_state": 4426,
    "process_time": 2.9375,
    "time_time": 2.9370005130767822,
    "target_noise": 0.0,
    "feature_noise": 0.0,
    "true_model": " 2*3.1415926535*alpha/(n*d)",
    "model_size": 12,
    "symbolic_model": "6.28318531*x0/(x1*x2)",
    "mse_train": 3.288018859695033e-18,
    "mae_train": 1.3675765232867843e-09,
    "r2_train": 1.0,
    "mse_test": 3.4078935062507438e-18,
    "mae_test": 1.3882838036227697e-09,
    "r2_test": 1.0
}