{
    "dataset": "feynman_III_15_27",
    "algorithm": "RILSROLSRegressor",
    "params": {
        "complexity_penalty": 0.001,
        "error_tolerance": 1e-16,
        "max_fit_calls": 1000000,
        "max_seconds": 7200,
        "random_state": 23654
    },
    "random_state": 23654,
    "process_time": 2170.828125,
    "time_time": 2174.0877544879913,
    "target_noise": 0.01,
    "feature_noise": 0.0,
    "true_model": " 2*3.1415926535*alpha/(n*d)",
    "model_size": 12,
    "symbolic_model": "6.27969615*x0/(x1*x2)",
    "mse_train": 0.001636137245676828,
    "mae_train": 0.032343926387715376,
    "r2_train": 0.9997664193413494,
    "mse_test": 5.2023992526923535e-06,
    "mae_test": 0.0017222819831179705,
    "r2_test": 0.9999992825605756
}