{
    "dataset": "feynman_III_15_27",
    "algorithm": "RILSROLSRegressor",
    "params": {
        "complexity_penalty": 0.001,
        "error_tolerance": 1e-16,
        "max_fit_calls": 1000000,
        "max_seconds": 7200,
        "random_state": 16850
    },
    "random_state": 16850,
    "process_time": 2086.078125,
    "time_time": 2086.44824385643,
    "target_noise": 0.001,
    "feature_noise": 0.0,
    "true_model": " 2*3.1415926535*alpha/(n*d)",
    "model_size": 12,
    "symbolic_model": "6.28380964*x0/(x1*x2)",
    "mse_train": 1.761412321084361e-05,
    "mae_train": 0.003361873140839001,
    "r2_train": 0.9999975775260646,
    "mse_test": 1.6361350277820246e-07,
    "mae_test": 0.00030435419531810686,
    "r2_test": 0.9999999772415152
}