{
    "dataset": "feynman_III_15_27",
    "algorithm": "RILSROLSRegressor",
    "params": {
        "complexity_penalty": 0.001,
        "error_tolerance": 1e-16,
        "max_fit_calls": 1000000,
        "max_seconds": 7200,
        "random_state": 23654
    },
    "random_state": 23654,
    "process_time": 3.53125,
    "time_time": 3.5350401401519775,
    "target_noise": 0.0,
    "feature_noise": 0.0,
    "true_model": " 2*3.1415926535*alpha/(n*d)",
    "model_size": 12,
    "symbolic_model": "6.28318531*x0/(x1*x2)",
    "mse_train": 3.2546103345703903e-18,
    "mae_train": 1.357788471051391e-09,
    "r2_train": 1.0,
    "mse_test": 3.3992912824636062e-18,
    "mae_test": 1.3921838786434825e-09,
    "r2_test": 1.0
}