{
    "dataset": "feynman_III_13_18",
    "algorithm": "RILSROLSRegressor",
    "params": {
        "complexity_penalty": 0.001,
        "error_tolerance": 1e-16,
        "fitness_type": "FitnessType.BIC",
        "initial_sample_size": 0.01,
        "max_fit_calls": 1000000,
        "max_seconds": 7200,
        "random_perturbations_order": false,
        "random_state": 15795,
        "verbose": false
    },
    "random_state": 15795,
    "process_time": 1980.453125,
    "time_time": 1980.6397330760956,
    "target_noise": 0.001,
    "feature_noise": 0.0,
    "true_model": " 2*E_n*d**2*k/(h/(2*3.1415926535))",
    "model_size": 14,
    "symbolic_model": "12.56580157*x0*x1**2*x2/x3",
    "mse_train": 0.5356257643854987,
    "mae_train": 0.5845738936190322,
    "r2_train": 0.9999982838124226,
    "mse_test": 0.001076754842031664,
    "mae_test": 0.02121675566238732,
    "r2_test": 0.9999999964763229
}