{
    "dataset": "feynman_III_12_43",
    "algorithm": "RILSROLSRegressor",
    "params": {
        "complexity_penalty": 0.001,
        "error_tolerance": 1e-16,
        "fitness_type": "FitnessType.BIC",
        "initial_sample_size": 0.01,
        "max_fit_calls": 1000000,
        "max_seconds": 7200,
        "random_perturbations_order": false,
        "random_state": 5390,
        "verbose": false
    },
    "random_state": 5390,
    "process_time": 1.09375,
    "time_time": 1.1029999256134033,
    "target_noise": 0.0,
    "feature_noise": 0.0,
    "true_model": " n*(h/(2*3.1415926535))",
    "model_size": 6,
    "symbolic_model": "0.15915494*x0*x1",
    "mse_train": 1.0015278949676608e-15,
    "mae_train": 2.7478747951339975e-08,
    "r2_train": 0.9999999999999984,
    "mse_test": 1.0118250976840026e-15,
    "mae_test": 2.7741203010833715e-08,
    "r2_test": 0.9999999999999984
}