{
    "dataset": "feynman_III_12_43",
    "algorithm": "RILSROLSRegressor",
    "params": {
        "complexity_penalty": 0.001,
        "error_tolerance": 1e-16,
        "fitness_type": "FitnessType.BIC",
        "initial_sample_size": 0.01,
        "max_fit_calls": 1000000,
        "max_seconds": 7200,
        "random_perturbations_order": false,
        "random_state": 23654,
        "verbose": false
    },
    "random_state": 23654,
    "process_time": 2507.15625,
    "time_time": 2507.441511631012,
    "target_noise": 0.001,
    "feature_noise": 0.0,
    "true_model": " n*(h/(2*3.1415926535))",
    "model_size": 6,
    "symbolic_model": "0.15913182*x0*x1",
    "mse_train": 2.759730748885166e-06,
    "mae_train": 0.0013279737735174095,
    "r2_train": 0.9999958104588929,
    "mse_test": 5.708919965144158e-08,
    "mae_test": 0.00020810663782616277,
    "r2_test": 0.9999999125559583
}