{
    "dataset": "feynman_III_12_43",
    "algorithm": "RILSROLSRegressor",
    "params": {
        "complexity_penalty": 0.001,
        "error_tolerance": 1e-16,
        "fitness_type": "FitnessType.BIC",
        "initial_sample_size": 0.01,
        "max_fit_calls": 1000000,
        "max_seconds": 7200,
        "random_perturbations_order": false,
        "random_state": 16850,
        "verbose": false
    },
    "random_state": 16850,
    "process_time": 1.109375,
    "time_time": 1.1139967441558838,
    "target_noise": 0.0,
    "feature_noise": 0.0,
    "true_model": " n*(h/(2*3.1415926535))",
    "model_size": 6,
    "symbolic_model": "0.15915494*x0*x1",
    "mse_train": 1.0365681349885494e-15,
    "mae_train": 2.8020185284721723e-08,
    "r2_train": 0.9999999999999984,
    "mse_test": 1.0083425339436185e-15,
    "mae_test": 2.7637142077487908e-08,
    "r2_test": 0.9999999999999984
}