{
    "dataset": "feynman_I_15_10",
    "algorithm": "RILSROLSRegressor",
    "params": {
        "complexity_penalty": 0.001,
        "error_tolerance": 1e-16,
        "max_fit_calls": 1000000,
        "max_seconds": 7200,
        "random_state": 5390
    },
    "random_state": 5390,
    "process_time": 2362.421875,
    "time_time": 2362.5166902542114,
    "target_noise": 0.0,
    "feature_noise": 0.0,
    "true_model": " m_0*v/sqrt(1-v**2/c**2)",
    "model_size": 25,
    "symbolic_model": "0.39507485*x0*x1**3/(x2 + cos(x1 + 1/x1))**2 + 1.00220797*x0*x1",
    "mse_train": 1.928437093127939e-05,
    "mae_train": 0.0027198522997815104,
    "r2_train": 0.9999957281328005,
    "mse_test": 1.869560937248285e-05,
    "mae_test": 0.0026923652083461146,
    "r2_test": 0.9999957878834411
}