{
    "dataset": "feynman_I_15_10",
    "algorithm": "RILSROLSRegressor",
    "params": {
        "complexity_penalty": 0.001,
        "error_tolerance": 1e-16,
        "max_fit_calls": 1000000,
        "max_seconds": 7200,
        "random_state": 15795
    },
    "random_state": 15795,
    "process_time": 2174.8125,
    "time_time": 2174.9166674613953,
    "target_noise": 0.0,
    "feature_noise": 0.0,
    "true_model": " m_0*v/sqrt(1-v**2/c**2)",
    "model_size": 18,
    "symbolic_model": "x0*x1*(1.17934557 - 0.19456604*cos(1/log(x2/x1)))",
    "mse_train": 1.5577065626041887e-05,
    "mae_train": 0.002751347911847117,
    "r2_train": 0.999996520280216,
    "mse_test": 1.5414745450950356e-05,
    "mae_test": 0.0027880481019412263,
    "r2_test": 0.9999965320991342
}