{
    "dataset": "feynman_I_15_10",
    "algorithm": "RILSROLSRegressor",
    "params": {
        "complexity_penalty": 0.001,
        "error_tolerance": 1e-16,
        "max_fit_calls": 1000000,
        "max_seconds": 7200,
        "random_state": 23654
    },
    "random_state": 23654,
    "process_time": 2199.796875,
    "time_time": 2208.499176263809,
    "target_noise": 0.01,
    "feature_noise": 0.0,
    "true_model": " m_0*v/sqrt(1-v**2/c**2)",
    "model_size": 18,
    "symbolic_model": "0.9935724*x0*x1 + 0.57756109*x0*x1**3.14159265/x2**2",
    "mse_train": 0.0033752977706403924,
    "mae_train": 0.044891137482482885,
    "r2_train": 0.9992471342996982,
    "mse_test": 0.0007221137360530772,
    "mae_test": 0.013613091737664756,
    "r2_test": 0.9998386293636896
}