{
    "dataset": "feynman_I_15_10",
    "algorithm": "RILSROLSRegressor",
    "params": {
        "complexity_penalty": 0.001,
        "error_tolerance": 1e-16,
        "max_fit_calls": 1000000,
        "max_seconds": 7200,
        "random_state": 28020
    },
    "random_state": 28020,
    "process_time": 2476.8125,
    "time_time": 2478.6772389411926,
    "target_noise": 0.1,
    "feature_noise": 0.0,
    "true_model": " m_0*v/sqrt(1-v**2/c**2)",
    "model_size": 20,
    "symbolic_model": "1.03110286*x0*x1 - 29.74654571*log(x1)**2*cos(x0)/x2**2",
    "mse_train": 0.31057278260013516,
    "mae_train": 0.4362726993940919,
    "r2_train": 0.9358331620874257,
    "mse_test": 0.039817722396720524,
    "mae_test": 0.11767237334188183,
    "r2_test": 0.9910382777347043
}