{
    "dataset": "feynman_I_15_10",
    "algorithm": "RILSROLSRegressor",
    "params": {
        "complexity_penalty": 0.001,
        "error_tolerance": 1e-16,
        "max_fit_calls": 1000000,
        "max_seconds": 7200,
        "random_state": 16850
    },
    "random_state": 16850,
    "process_time": 2665.171875,
    "time_time": 2666.324448108673,
    "target_noise": 0.01,
    "feature_noise": 0.0,
    "true_model": " m_0*v/sqrt(1-v**2/c**2)",
    "model_size": 19,
    "symbolic_model": "0.10312091*x0*x1**3/log(x2)**3.14159265 + 0.99651179*x0*x1",
    "mse_train": 0.003199872612753633,
    "mae_train": 0.04461607474820118,
    "r2_train": 0.9992952300347887,
    "mse_test": 0.00039330638285666033,
    "mae_test": 0.010913022737835572,
    "r2_test": 0.9999114501112116
}