{
    "dataset": "feynman_I_15_10",
    "algorithm": "RILSROLSRegressor",
    "params": {
        "complexity_penalty": 0.001,
        "error_tolerance": 1e-16,
        "max_fit_calls": 1000000,
        "max_seconds": 7200,
        "random_state": 28020
    },
    "random_state": 28020,
    "process_time": 2181.078125,
    "time_time": 2183.4847531318665,
    "target_noise": 0.01,
    "feature_noise": 0.0,
    "true_model": " m_0*v/sqrt(1-v**2/c**2)",
    "model_size": 18,
    "symbolic_model": "0.5985934*x0*x1**3/x2**2 + 0.99636534*x0*x1",
    "mse_train": 0.003917414001549459,
    "mae_train": 0.04541286898010126,
    "r2_train": 0.9991374404430057,
    "mse_test": 0.00097682035457106,
    "mae_test": 0.010249288505350963,
    "r2_test": 0.9997801483310991
}