{
    "dataset": "feynman_I_15_10",
    "algorithm": "RILSROLSRegressor",
    "params": {
        "complexity_penalty": 0.001,
        "error_tolerance": 1e-16,
        "max_fit_calls": 1000000,
        "max_seconds": 7200,
        "random_state": 5390
    },
    "random_state": 5390,
    "process_time": 2827.890625,
    "time_time": 2828.6057558059692,
    "target_noise": 0.001,
    "feature_noise": 0.0,
    "true_model": " m_0*v/sqrt(1-v**2/c**2)",
    "model_size": 22,
    "symbolic_model": "-0.11213672*x0*x1**2/(x1 - 0.84147098*x2) + 0.98640759*x0*x1",
    "mse_train": 0.0002970074043531178,
    "mae_train": 0.00825803355611542,
    "r2_train": 0.9999342107202991,
    "mse_test": 0.00026913689642744915,
    "mae_test": 0.006483301299734079,
    "r2_test": 0.999939363518169
}