{
    "dataset": "feynman_I_15_10",
    "algorithm": "RILSROLSRegressor",
    "params": {
        "complexity_penalty": 0.001,
        "error_tolerance": 1e-16,
        "max_fit_calls": 1000000,
        "max_seconds": 7200,
        "random_state": 16850
    },
    "random_state": 16850,
    "process_time": 2172.0625,
    "time_time": 2172.348611831665,
    "target_noise": 0.001,
    "feature_noise": 0.0,
    "true_model": " m_0*v/sqrt(1-v**2/c**2)",
    "model_size": 22,
    "symbolic_model": "0.14001072*x0*x1**2/(-1.14159265*x1 + x2) + 0.9845514*x0*x1",
    "mse_train": 0.00019352404588279736,
    "mae_train": 0.008589782834216528,
    "r2_train": 0.9999573033260637,
    "mse_test": 0.000154680693928043,
    "mae_test": 0.006794788626610748,
    "r2_test": 0.9999651748386448
}