{
    "dataset": "feynman_I_43_16",
    "algorithm": "RILSROLSRegressor",
    "params": {
        "complexity_penalty": 0.001,
        "error_tolerance": 1e-16,
        "max_fit_calls": 1000000,
        "max_seconds": 7200,
        "random_state": 21962
    },
    "random_state": 21962,
    "process_time": 5.359375,
    "time_time": 5.346997022628784,
    "target_noise": 0.0,
    "feature_noise": 0.0,
    "true_model": " mu_drift*q*Volt/d",
    "model_size": 10,
    "symbolic_model": "x0*x1*x2/x3",
    "mse_train": 1.5635405873713577e-29,
    "mae_train": 2.1828372442911358e-15,
    "r2_train": 1.0,
    "mse_test": 1.5863754296830234e-29,
    "mae_test": 2.2112334185919736e-15,
    "r2_test": 1.0
}