{
    "dataset": "feynman_I_43_16",
    "algorithm": "RILSROLSRegressor",
    "params": {
        "complexity_penalty": 0.001,
        "error_tolerance": 1e-16,
        "max_fit_calls": 1000000,
        "max_seconds": 7200,
        "random_state": 15795
    },
    "random_state": 15795,
    "process_time": 2090.765625,
    "time_time": 2091.325338125229,
    "target_noise": 0.01,
    "feature_noise": 0.0,
    "true_model": " mu_drift*q*Volt/d",
    "model_size": 10,
    "symbolic_model": "x0*x1*x2/x3",
    "mse_train": 0.022002428863917747,
    "mae_train": 0.11843475165030197,
    "r2_train": 0.9997901975824467,
    "mse_test": 1.5854745628552128e-29,
    "mae_test": 2.1844526187919654e-15,
    "r2_test": 1.0
}