{
    "dataset": "feynman_I_43_16",
    "algorithm": "RILSROLSRegressor",
    "params": {
        "complexity_penalty": 0.001,
        "error_tolerance": 1e-16,
        "max_fit_calls": 1000000,
        "max_seconds": 7200,
        "random_state": 21962
    },
    "random_state": 21962,
    "process_time": 2861.984375,
    "time_time": 3237.478518009186,
    "target_noise": 0.001,
    "feature_noise": 0.0,
    "true_model": " mu_drift*q*Volt/d",
    "model_size": 10,
    "symbolic_model": "x0*x1*x2/x3",
    "mse_train": 0.0002190725223220368,
    "mae_train": 0.011835156929407677,
    "r2_train": 0.9999978656705134,
    "mse_test": 1.5863754296830234e-29,
    "mae_test": 2.2112334185919736e-15,
    "r2_test": 1.0
}