{
    "dataset": "feynman_I_43_16",
    "algorithm": "RILSROLSRegressor",
    "params": {
        "complexity_penalty": 0.001,
        "error_tolerance": 1e-16,
        "max_fit_calls": 1000000,
        "max_seconds": 7200,
        "random_state": 5390
    },
    "random_state": 5390,
    "process_time": 9.25,
    "time_time": 9.257065296173096,
    "target_noise": 0.0,
    "feature_noise": 0.0,
    "true_model": " mu_drift*q*Volt/d",
    "model_size": 10,
    "symbolic_model": "x0*x1*x2/x3",
    "mse_train": 1.518558166996821e-29,
    "mae_train": 2.2126522836174445e-15,
    "r2_train": 1.0,
    "mse_test": 1.5429268322421484e-29,
    "mae_test": 2.1780266479254353e-15,
    "r2_test": 1.0
}