{
    "dataset": "feynman_I_43_16",
    "algorithm": "RILSROLSRegressor",
    "params": {
        "complexity_penalty": 0.001,
        "error_tolerance": 1e-16,
        "max_fit_calls": 1000000,
        "max_seconds": 7200,
        "random_state": 28020
    },
    "random_state": 28020,
    "process_time": 2606.765625,
    "time_time": 2609.016005754471,
    "target_noise": 0.1,
    "feature_noise": 0.0,
    "true_model": " mu_drift*q*Volt/d",
    "model_size": 62,
    "symbolic_model": "1.04429485*x0*x1*x2/x3 - 0.73244576*x0 - 5.65554769*x3**(1 - x0)*log(x0)**0.5 + 2.493227 + 3.6429957*exp(x0/x3)*sin(0.6/(x1*sin(x3)))/(x2*x3)",
    "mse_train": 17.274095699231893,
    "mae_train": 1.7938704531961815,
    "r2_train": 0.8380074504379185,
    "mse_test": 11.4729337784144,
    "mae_test": 1.0524130862331533,
    "r2_test": 0.886670731645255
}