{
    "dataset": "strogatz_predprey1",
    "algorithm": "RILSROLSRegressor",
    "params": {
        "complexity_penalty": 0.001,
        "error_tolerance": 1e-16,
        "max_fit_calls": 1000000,
        "max_seconds": 7200,
        "random_state": 29910
    },
    "random_state": 29910,
    "process_time": 2530.65625,
    "time_time": 2531.9389991760254,
    "target_noise": 0.001,
    "feature_noise": 0.0,
    "true_model": " x  * ( 4 - x - (y)/(1+x) )",
    "model_size": 22,
    "symbolic_model": "-0.99996425*x0**2 - 1.00011834*x0*x1/(x0 + 1) + 4.00037304*x0",
    "mse_train": 6.243289596200899e-06,
    "mae_train": 0.001962461614734378,
    "r2_train": 0.9999989437393815,
    "mse_test": 2.53085214100743e-07,
    "mae_test": 0.0002996636656485206,
    "r2_test": 0.9999999541847753
}