{
    "dataset": "strogatz_predprey1",
    "algorithm": "RILSROLSRegressor",
    "params": {
        "complexity_penalty": 0.001,
        "error_tolerance": 1e-16,
        "max_fit_calls": 1000000,
        "max_seconds": 7200,
        "random_state": 29910
    },
    "random_state": 29910,
    "process_time": 2834.453125,
    "time_time": 2835.1010131835938,
    "target_noise": 0.1,
    "feature_noise": 0.0,
    "true_model": " x  * ( 4 - x - (y)/(1+x) )",
    "model_size": 44,
    "symbolic_model": "19.16497293*0.5**x0 - 0.72564828*(x0 + x0/(x1 + 1))**2 - 40.37591224*(1/x1)**(x0/x1) + 21.18815274 - 0.11166925/(10 - x1)",
    "mse_train": 0.12014597730734114,
    "mae_train": 0.24246825691593557,
    "r2_train": 0.9797101815936595,
    "mse_test": 0.04529118413238148,
    "mae_test": 0.10211597210833939,
    "r2_test": 0.9918010785980597
}