{
    "dataset": "strogatz_predprey1",
    "algorithm": "RILSROLSRegressor",
    "params": {
        "complexity_penalty": 0.001,
        "error_tolerance": 1e-16,
        "max_fit_calls": 1000000,
        "max_seconds": 7200,
        "random_state": 29910
    },
    "random_state": 29910,
    "process_time": 859.1875,
    "time_time": 859.2099969387054,
    "target_noise": 0.0,
    "feature_noise": 0.0,
    "true_model": " x  * ( 4 - x - (y)/(1+x) )",
    "model_size": 22,
    "symbolic_model": "-x0**2 + 4*x0 - x1 + x1/(x0 + 1)",
    "mse_train": 5.206114500560085e-29,
    "mae_train": 3.1175416930059528e-15,
    "r2_train": 1.0,
    "mse_test": 1.64309778665793e-29,
    "mae_test": 2.251560550958938e-15,
    "r2_test": 1.0
}