{
    "dataset": "strogatz_predprey1",
    "algorithm": "RILSROLSRegressor",
    "params": {
        "complexity_penalty": 0.001,
        "error_tolerance": 1e-16,
        "max_fit_calls": 1000000,
        "max_seconds": 7200,
        "random_state": 860
    },
    "random_state": 860,
    "process_time": 2641.828125,
    "time_time": 2642.536141872406,
    "target_noise": 0.1,
    "feature_noise": 0.0,
    "true_model": " x  * ( 4 - x - (y)/(1+x) )",
    "model_size": 32,
    "symbolic_model": "-2.26973968*1.5**x0 + 7.72681722*x0/x1 - 0.03167177*x1**2 + 0.96788225*log(x1) + 0.21691344*cos(x1) + 1.61002869",
    "mse_train": 0.08896472899666254,
    "mae_train": 0.2287098255178536,
    "r2_train": 0.9856241586455695,
    "mse_test": 0.025479686180436452,
    "mae_test": 0.12631853393925946,
    "r2_test": 0.9942398401030883
}