{
    "dataset": "strogatz_predprey1",
    "algorithm": "RILSROLSRegressor",
    "params": {
        "complexity_penalty": 0.001,
        "error_tolerance": 1e-16,
        "max_fit_calls": 1000000,
        "max_seconds": 7200,
        "random_state": 16850
    },
    "random_state": 16850,
    "process_time": 2814.125,
    "time_time": 2814.228638648987,
    "target_noise": 0.0,
    "feature_noise": 0.0,
    "true_model": " x  * ( 4 - x - (y)/(1+x) )",
    "model_size": 39,
    "symbolic_model": "-0.02288434*2**x0*x0**0.5*x1 + 0.4664607*x0*x1 - 1.33383976*x1*log(x0 + 1) + 2.06760744*log(x0 + 1) + 1.87467298*sin(x0)",
    "mse_train": 0.3977177477501109,
    "mae_train": 0.0538800530265807,
    "r2_train": 0.8999334099686686,
    "mse_test": 8.24734212832993,
    "mae_test": 0.335203721309861,
    "r2_test": 0.27239139594423745
}