{
    "dataset": "feynman_II_8_7",
    "algorithm": "RILSROLSRegressor",
    "params": {
        "complexity_penalty": 0.001,
        "error_tolerance": 1e-16,
        "fitness_type": "FitnessType.BIC",
        "initial_sample_size": 0.01,
        "max_fit_calls": 1000000,
        "max_seconds": 7200,
        "random_perturbations_order": false,
        "random_state": 15795,
        "verbose": false
    },
    "random_state": 15795,
    "process_time": 2142.921875,
    "time_time": 2143.14906334877,
    "target_noise": 0.001,
    "feature_noise": 0.0,
    "true_model": " 3/5*q**2/(4*3.1415926535*epsilon*d)",
    "model_size": 14,
    "symbolic_model": "0.0477466*x0**2/(x1*x2)",
    "mse_train": 1.397671960705478e-08,
    "mae_train": 9.439490599754038e-05,
    "r2_train": 0.9999982105779658,
    "mse_test": 8.487577329639958e-14,
    "mae_test": 1.9577188913368275e-07,
    "r2_test": 0.9999999999890378
}