{
    "dataset": "feynman_test_3",
    "algorithm": "RILSROLSRegressor",
    "params": {
        "complexity_penalty": 0.001,
        "error_tolerance": 1e-16,
        "fitness_type": "FitnessType.BIC",
        "initial_sample_size": 0.01,
        "max_fit_calls": 1000000,
        "max_seconds": 7200,
        "random_perturbations_order": false,
        "random_state": 21962,
        "verbose": false
    },
    "random_state": 21962,
    "process_time": 2050.6875,
    "time_time": 2050.9490168094635,
    "target_noise": 0.0,
    "feature_noise": 0.0,
    "true_model": " d*(1-alpha**2)/(1+alpha*cos(theta1-theta2))",
    "model_size": 31,
    "symbolic_model": "x0*(0.97000172*x1*log(cos(x2 - x3)) - 0.99713719*x1 - 2.76741029*cos(x2 - x3)**0.5 + 3.75970179)",
    "mse_train": 6.401483109437526e-05,
    "mae_train": 0.004130688654149773,
    "r2_train": 0.9999811590546666,
    "mse_test": 6.598212438344008e-05,
    "mae_test": 0.004081631312159595,
    "r2_test": 0.9999804450949987
}