{
    "dataset": "feynman_test_3",
    "algorithm": "RILSROLSRegressor",
    "params": {
        "complexity_penalty": 0.001,
        "error_tolerance": 1e-16,
        "fitness_type": "FitnessType.BIC",
        "initial_sample_size": 0.01,
        "max_fit_calls": 1000000,
        "max_seconds": 7200,
        "random_perturbations_order": false,
        "random_state": 23654,
        "verbose": false
    },
    "random_state": 23654,
    "process_time": 2049.09375,
    "time_time": 2049.2689864635468,
    "target_noise": 0.001,
    "feature_noise": 0.0,
    "true_model": " d*(1-alpha**2)/(1+alpha*cos(theta1-theta2))",
    "model_size": 42,
    "symbolic_model": "-0.0806082*x0*x1**2*(x2 - x3)**2 - 0.08614512*x0*x1*(x2 - x3)**4 - 0.99822662*x0*x1 + 0.99968396*x0 - 0.01134684",
    "mse_train": 0.00024927631342750974,
    "mae_train": 0.00899277950471797,
    "r2_train": 0.9999267702442546,
    "mse_test": 0.00026292354956147866,
    "mae_test": 0.00797279664168215,
    "r2_test": 0.9999226122428572
}