{
    "dataset": "feynman_II_34_2",
    "algorithm": "RILSROLSRegressor",
    "params": {
        "complexity_penalty": 0.001,
        "error_tolerance": 1e-16,
        "max_fit_calls": 1000000,
        "max_seconds": 7200,
        "random_state": 28020
    },
    "random_state": 28020,
    "process_time": 1982.5,
    "time_time": 1982.600472688675,
    "target_noise": 0.001,
    "feature_noise": 0.0,
    "true_model": " q*v*r/2",
    "model_size": 8,
    "symbolic_model": "0.5000202*x0*x1*x2",
    "mse_train": 0.00028030469811232017,
    "mae_train": 0.013285981909763149,
    "r2_train": 0.999997069785744,
    "mse_test": 4.5062640205242555e-07,
    "mae_test": 0.0005465314743966469,
    "r2_test": 0.9999999951589837
}