{
    "dataset": "feynman_II_34_2",
    "algorithm": "RILSROLSRegressor",
    "params": {
        "complexity_penalty": 0.001,
        "error_tolerance": 1e-16,
        "max_fit_calls": 1000000,
        "max_seconds": 7200,
        "random_state": 14423
    },
    "random_state": 14423,
    "process_time": 1857.25,
    "time_time": 1858.0450739860535,
    "target_noise": 0.01,
    "feature_noise": 0.0,
    "true_model": " q*v*r/2",
    "model_size": 8,
    "symbolic_model": "0.49977422*x0*x1*x2",
    "mse_train": 0.027591864307571514,
    "mae_train": 0.13199013020123876,
    "r2_train": 0.999709001771506,
    "mse_test": 5.6851294318191246e-05,
    "mae_test": 0.006144299201930801,
    "r2_test": 0.9999993930354201
}