{
    "dataset": "feynman_II_34_2",
    "algorithm": "RILSROLSRegressor",
    "params": {
        "complexity_penalty": 0.001,
        "error_tolerance": 1e-16,
        "max_fit_calls": 1000000,
        "max_seconds": 7200,
        "random_state": 16850
    },
    "random_state": 16850,
    "process_time": 1.796875,
    "time_time": 1.7930035591125488,
    "target_noise": 0.0,
    "feature_noise": 0.0,
    "true_model": " q*v*r/2",
    "model_size": 8,
    "symbolic_model": "0.5*x0*x1*x2",
    "mse_train": 1.5707294213338544e-29,
    "mae_train": 2.3198443166450032e-15,
    "r2_train": 1.0,
    "mse_test": 1.6391470564727367e-29,
    "mae_test": 2.360556194958008e-15,
    "r2_test": 1.0
}