{
    "dataset": "feynman_II_34_2",
    "algorithm": "RILSROLSRegressor",
    "params": {
        "complexity_penalty": 0.001,
        "error_tolerance": 1e-16,
        "max_fit_calls": 1000000,
        "max_seconds": 7200,
        "random_state": 29910
    },
    "random_state": 29910,
    "process_time": 2599.09375,
    "time_time": 2600.1687297821045,
    "target_noise": 0.1,
    "feature_noise": 0.0,
    "true_model": " q*v*r/2",
    "model_size": 50,
    "symbolic_model": "0.51046553*x0*x1*x2 - 1.51724308*sin(x2/x1 + x1**x2/3.14159265**x0)*cos(x0) - 0.79882806*sin(log(x2))*cos(x2**2/x1) + 0.75862154*cos(x0)",
    "mse_train": 3.4198740232852747,
    "mae_train": 1.4749452298369203,
    "r2_train": 0.9636989026683357,
    "mse_test": 0.6384814780188922,
    "mae_test": 0.6223789945021785,
    "r2_test": 0.9932165734609228
}