{
    "dataset": "feynman_II_34_2",
    "algorithm": "RILSROLSRegressor",
    "params": {
        "complexity_penalty": 0.001,
        "error_tolerance": 1e-16,
        "max_fit_calls": 1000000,
        "max_seconds": 7200,
        "random_state": 5390
    },
    "random_state": 5390,
    "process_time": 2293.28125,
    "time_time": 2415.732884645462,
    "target_noise": 0.01,
    "feature_noise": 0.0,
    "true_model": " q*v*r/2",
    "model_size": 8,
    "symbolic_model": "0.50031737*x0*x1*x2",
    "mse_train": 0.028036912818637547,
    "mae_train": 0.1337529919905719,
    "r2_train": 0.999704175255176,
    "mse_test": 0.00011161361946043815,
    "mae_test": 0.008590468555387712,
    "r2_test": 0.9999988109052489
}