{
    "dataset": "feynman_II_34_2",
    "algorithm": "RILSROLSRegressor",
    "params": {
        "complexity_penalty": 0.001,
        "error_tolerance": 1e-16,
        "max_fit_calls": 1000000,
        "max_seconds": 7200,
        "random_state": 21962
    },
    "random_state": 21962,
    "process_time": 2169.75,
    "time_time": 2682.5209426879883,
    "target_noise": 0.001,
    "feature_noise": 0.0,
    "true_model": " q*v*r/2",
    "model_size": 8,
    "symbolic_model": "0.49998187*x0*x1*x2",
    "mse_train": 0.00027826340335611,
    "mae_train": 0.013332404411888819,
    "r2_train": 0.9999970852567356,
    "mse_test": 3.62743302568809e-07,
    "mae_test": 0.0004911354009531945,
    "r2_test": 0.999999996075594
}