{
    "dataset": "feynman_II_13_17",
    "algorithm": "RILSROLSRegressor",
    "params": {
        "complexity_penalty": 0.001,
        "error_tolerance": 1e-16,
        "max_fit_calls": 1000000,
        "max_seconds": 7200,
        "random_state": 860
    },
    "random_state": 860,
    "process_time": 290.0625,
    "time_time": 290.0781247615814,
    "target_noise": 0.0,
    "feature_noise": 0.0,
    "true_model": " 1/(4*3.1415926535*epsilon*c**2)*2*I/r",
    "model_size": 16,
    "symbolic_model": "0.15915494*x2/(x0*x1**2*x3)",
    "mse_train": 3.083342689726026e-19,
    "mae_train": 2.9199877561874883e-10,
    "r2_train": 0.9999999999999994,
    "mse_test": 3.305083808470015e-19,
    "mae_test": 3.0033146790001866e-10,
    "r2_test": 0.9999999999999994
}