{
    "dataset": "feynman_II_13_17",
    "algorithm": "RILSROLSRegressor",
    "params": {
        "complexity_penalty": 0.001,
        "error_tolerance": 1e-16,
        "max_fit_calls": 1000000,
        "max_seconds": 7200,
        "random_state": 28020
    },
    "random_state": 28020,
    "process_time": 1898.484375,
    "time_time": 1898.7046794891357,
    "target_noise": 0.001,
    "feature_noise": 0.0,
    "true_model": " 1/(4*3.1415926535*epsilon*c**2)*2*I/r",
    "model_size": 16,
    "symbolic_model": "0.15916091*x2/(x0*x1**2*x3)",
    "mse_train": 9.208819984761641e-10,
    "mae_train": 2.407723709184506e-05,
    "r2_train": 0.999998618346271,
    "mse_test": 1.2348633424635334e-12,
    "mae_test": 5.762708405024651e-07,
    "r2_test": 0.9999999980773613
}