{
    "dataset": "feynman_II_13_17",
    "algorithm": "RILSROLSRegressor",
    "params": {
        "complexity_penalty": 0.001,
        "error_tolerance": 1e-16,
        "max_fit_calls": 1000000,
        "max_seconds": 7200,
        "random_state": 23654
    },
    "random_state": 23654,
    "process_time": 1914.578125,
    "time_time": 1914.7494485378265,
    "target_noise": 0.01,
    "feature_noise": 0.0,
    "true_model": " 1/(4*3.1415926535*epsilon*c**2)*2*I/r",
    "model_size": 16,
    "symbolic_model": "0.15907853*x2/(x0*x1**2*x3)",
    "mse_train": 8.467502042930834e-08,
    "mae_train": 0.0002327655064479039,
    "r2_train": 0.9998581902099901,
    "mse_test": 1.9741348207126507e-10,
    "mae_test": 7.342220861621357e-06,
    "r2_test": 0.9999996828941702
}