{
    "dataset": "feynman_test_1",
    "algorithm": "RILSROLSRegressor",
    "params": {
        "complexity_penalty": 0.001,
        "error_tolerance": 1e-16,
        "max_fit_calls": 1000000,
        "max_seconds": 7200,
        "random_state": 21962
    },
    "random_state": 21962,
    "process_time": 7026.390625,
    "time_time": 7219.972530126572,
    "target_noise": 0.001,
    "feature_noise": 0.0,
    "true_model": " (Z_1*Z_2*alpha*hbar*c/(4*E_n*sin(theta/2)**2))**2",
    "model_size": 147,
    "symbolic_model": "0.06534598*x0**4*x1**4*x2**4*(x0**0.5 + x4)**4/(x6 + x5/x3)**6 + 0.48197146*x0**2/(x5/x3 + 1/(x1*x6))**6 + 0.44534922*x0*(x0 + x4)**2/((x5/x3)**0.5 + log(x6))**3 + 26.46809854*x1*x2*x4/(x6 + x5/x3)**3 + 0.4004728*x2**4*(x0**0.5 + x4)**4/(x6 + x5/x3)**6 - 4.72386213*cos(x6) - 1.8530083*cos(x5/(x3*(x6 - 0.5))) - 6.30772546 + 6.4306035/x6",
    "mse_train": 21.780440259304456,
    "mae_train": 0.8806205514376887,
    "r2_train": 0.8475698512754376,
    "mse_test": 19.864255103231223,
    "mae_test": 0.8363212958596064,
    "r2_test": 0.8538045965789082
}