{
    "dataset": "feynman_test_1",
    "algorithm": "RILSROLSRegressor",
    "params": {
        "complexity_penalty": 0.001,
        "error_tolerance": 1e-16,
        "max_fit_calls": 1000000,
        "max_seconds": 7200,
        "random_state": 860
    },
    "random_state": 860,
    "process_time": 6387.203125,
    "time_time": 6390.283225297928,
    "target_noise": 0.001,
    "feature_noise": 0.0,
    "true_model": " (Z_1*Z_2*alpha*hbar*c/(4*E_n*sin(theta/2)**2))**2",
    "model_size": 101,
    "symbolic_model": "(-0.40092578*x5**3*x6**2 + 0.24707106*x5**2*x6**2*exp(0.49572899*x1*x6) + x5*(-7.22179909*x0*x2**2*x3*x4 - 8.67770921*x1*x2**2*x4 + 1.74475544*x1*x2**2*x4*(x0*x3*x6 + x4)**2/x6**2 + 2.75018012*x1*x2**2 + 11.27577305*x2**2*x4 - 2.26152586))/(x5**3*x6**2)",
    "mse_train": 6.546918667714171,
    "mae_train": 0.7660153291731613,
    "r2_train": 0.9557128478596415,
    "mse_test": 5.391704291472734,
    "mae_test": 0.7446795427084477,
    "r2_test": 0.9601460064633451
}