{
    "dataset": "feynman_test_1",
    "algorithm": "RILSROLSRegressor",
    "params": {
        "complexity_penalty": 0.001,
        "error_tolerance": 1e-16,
        "max_fit_calls": 1000000,
        "max_seconds": 7200,
        "random_state": 29910
    },
    "random_state": 29910,
    "process_time": 6795.203125,
    "time_time": 6813.145041704178,
    "target_noise": 0.001,
    "feature_noise": 0.0,
    "true_model": " (Z_1*Z_2*alpha*hbar*c/(4*E_n*sin(theta/2)**2))**2",
    "model_size": 62,
    "symbolic_model": "x0**2*x1**2*x3**2*x4**2*(0.498390093920163*x2**2*x6**5/(0.31830988618379*x6 + 1)**2 - 1.38139753*x2**2*x6**3 + 2.27170827*x2**2*x6**2)/(x5**2*x6**5)",
    "mse_train": 0.0033712349424526535,
    "mae_train": 0.0330094930435598,
    "r2_train": 0.9999776943424564,
    "mse_test": 0.0031964296529792048,
    "mae_test": 0.029993395667390073,
    "r2_test": 0.9999755578695516
}