{
    "dataset": "feynman_test_1",
    "algorithm": "RILSROLSRegressor",
    "params": {
        "complexity_penalty": 0.001,
        "error_tolerance": 1e-16,
        "max_fit_calls": 1000000,
        "max_seconds": 7200,
        "random_state": 860
    },
    "random_state": 860,
    "process_time": 3990.953125,
    "time_time": 3992.8522431850433,
    "target_noise": 0.1,
    "feature_noise": 0.0,
    "true_model": " (Z_1*Z_2*alpha*hbar*c/(4*E_n*sin(theta/2)**2))**2",
    "model_size": 36,
    "symbolic_model": "0.25420775*x1**2*x3*x4**2*(x0*x2*x3/x6 + x0*x2)**2/(x5**2*x6**2)",
    "mse_train": 2.3202774196602642,
    "mae_train": 1.174342470929596,
    "r2_train": 0.9844861472787143,
    "mse_test": 0.5377631540608667,
    "mae_test": 0.3126989222739215,
    "r2_test": 0.9960250028362853
}