{
    "dataset": "feynman_test_1",
    "algorithm": "RILSROLSRegressor",
    "params": {
        "complexity_penalty": 0.001,
        "error_tolerance": 1e-16,
        "max_fit_calls": 1000000,
        "max_seconds": 7200,
        "random_state": 29910
    },
    "random_state": 29910,
    "process_time": 4969.5,
    "time_time": 4969.872900247574,
    "target_noise": 0.0,
    "feature_noise": 0.0,
    "true_model": " (Z_1*Z_2*alpha*hbar*c/(4*E_n*sin(theta/2)**2))**2",
    "model_size": 46,
    "symbolic_model": "x0**2*x1**2*x2**2*x3**2*x4**2*(0.4314357*x6**5 - 1.47990568*x6**4 + 2.22240399*x6**3)/(x5**2*x6**6)",
    "mse_train": 0.003875593493124018,
    "mae_train": 0.028693945134377122,
    "r2_train": 0.9999743577564745,
    "mse_test": 0.003429443745620295,
    "mae_test": 0.02825848923315334,
    "r2_test": 0.9999737760812857
}