{
    "dataset": "feynman_test_1",
    "algorithm": "RILSROLSRegressor",
    "params": {
        "complexity_penalty": 0.001,
        "error_tolerance": 1e-16,
        "max_fit_calls": 1000000,
        "max_seconds": 7200,
        "random_state": 21962
    },
    "random_state": 21962,
    "process_time": 6046.3125,
    "time_time": 7208.413904428482,
    "target_noise": 0.01,
    "feature_noise": 0.0,
    "true_model": " (Z_1*Z_2*alpha*hbar*c/(4*E_n*sin(theta/2)**2))**2",
    "model_size": 94,
    "symbolic_model": "27.37200299*x1**2*x2**2*(x0 + x4)**4/(x6 + 0.8 + x5/x3)**6 + 0.06026479*x3**4*(x0 + x4**0.5)**2/x5**3 + 1.02644285 - 31.5992472/(x6 + x5**2/(x3**2*x6**2) + 0.5/(x3**2*x6**2))**3 + 5039.25698051/(x6 + 1 + x5*x6**2/x3)**6",
    "mse_train": 2.9275668301936144,
    "mae_train": 0.6253641671231047,
    "r2_train": 0.9795155610283953,
    "mse_test": 2.9352450965479995,
    "mae_test": 0.6078325848230414,
    "r2_test": 0.9783974108870654
}