{
    "dataset": "feynman_test_1",
    "algorithm": "RILSROLSRegressor",
    "params": {
        "complexity_penalty": 0.001,
        "error_tolerance": 1e-16,
        "max_fit_calls": 1000000,
        "max_seconds": 7200,
        "random_state": 28020
    },
    "random_state": 28020,
    "process_time": 5507.890625,
    "time_time": 7186.404000997543,
    "target_noise": 0.001,
    "feature_noise": 0.0,
    "true_model": " (Z_1*Z_2*alpha*hbar*c/(4*E_n*sin(theta/2)**2))**2",
    "model_size": 76,
    "symbolic_model": "1.20394083*x0**2*x1**2*x2**2*x3**2*x4**2/(x5**2*(sin(log(x6)) + 1)**4) - 1.21682129*x0**2*x1**2*x2**2*x3**2*x4**2/(x5**2*x6**2*(0.84147098 + 1/sin(log(x6) - 0.11578391))**2)",
    "mse_train": 0.0004348004182515706,
    "mae_train": 0.014752721863170996,
    "r2_train": 0.9999973568150692,
    "mse_test": 0.0002779596100360835,
    "mae_test": 0.007962672274523864,
    "r2_test": 0.9999979980463239
}