{
    "dataset": "feynman_test_1",
    "algorithm": "RILSROLSRegressor",
    "params": {
        "complexity_penalty": 0.001,
        "error_tolerance": 1e-16,
        "max_fit_calls": 1000000,
        "max_seconds": 7200,
        "random_state": 5390
    },
    "random_state": 5390,
    "process_time": 5065.4375,
    "time_time": 5066.90825676918,
    "target_noise": 0.01,
    "feature_noise": 0.0,
    "true_model": " (Z_1*Z_2*alpha*hbar*c/(4*E_n*sin(theta/2)**2))**2",
    "model_size": 129,
    "symbolic_model": "0.57641898*x0**2*x1*x2*x3**2/(x6 - 0.5)**2 + 0.28850556*x0**2*x1*x3**3*x4/(x6 - 0.5)**2 - 0.26884981*x0**2*x1*x6/(x6 - 0.5)**2 - 1.24374044*x0**2*x3**3*sin(0.26025236*x1*x5)/(x6 - 0.5)**2 + 2.33193772*x0**2/(x4*(-x4 + 1/(x3 + 1/x4) + x6/x2 + x5/x1)**2) - 0.26884981*x1*x2*x6/(x6 - 0.5)**2",
    "mse_train": 1381083572.3319678,
    "mae_train": 564.2498351530462,
    "r2_train": -9357176.40854003,
    "mse_test": 56425960087.75203,
    "mae_test": 1541.383285963157,
    "r2_test": -380752687.3269858
}