{
    "dataset": "feynman_test_1",
    "algorithm": "RILSROLSRegressor",
    "params": {
        "complexity_penalty": 0.001,
        "error_tolerance": 1e-16,
        "max_fit_calls": 1000000,
        "max_seconds": 7200,
        "random_state": 23654
    },
    "random_state": 23654,
    "process_time": 3267.671875,
    "time_time": 3267.8250987529755,
    "target_noise": 0.0,
    "feature_noise": 0.0,
    "true_model": " (Z_1*Z_2*alpha*hbar*c/(4*E_n*sin(theta/2)**2))**2",
    "model_size": 41,
    "symbolic_model": "1.2318308*x0**2*x1**2*x2**2*x3**2*x4**2*(x6 + log(1/x6))**2/(x5**2*x6**4) - 0.07195878",
    "mse_train": 0.09710769526009037,
    "mae_train": 0.12633290172634676,
    "r2_train": 0.9993785596109324,
    "mse_test": 0.07911077958114497,
    "mae_test": 0.12257782136468547,
    "r2_test": 0.9994310175064833
}