{
    "dataset": "feynman_test_5",
    "algorithm": "RILSROLSRegressor",
    "params": {
        "complexity_penalty": 0.001,
        "error_tolerance": 1e-16,
        "fitness_type": "FitnessType.BIC",
        "initial_sample_size": 0.01,
        "max_fit_calls": 1000000,
        "max_seconds": 7200,
        "random_perturbations_order": false,
        "random_state": 16850,
        "verbose": false
    },
    "random_state": 16850,
    "process_time": 345.84375,
    "time_time": 345.8632175922394,
    "target_noise": 0.0,
    "feature_noise": 0.0,
    "true_model": " 2*3.1415926535*d**(3/2)/sqrt(G*(m1+m2))",
    "model_size": 42,
    "symbolic_model": "-3.14159265*x0**2/(x1*(x2 + x3)) + 3.14159265*x0*((x0/(x1*(x2 + x3)))**0.5 + 1)**2 - 3.14159265*x0",
    "mse_train": 7.46414143281654e-17,
    "mae_train": 7.829716752305593e-09,
    "r2_train": 1.0,
    "mse_test": 7.420907379060299e-17,
    "mae_test": 7.793499137473958e-09,
    "r2_test": 1.0
}