{
    "dataset": "feynman_test_5",
    "algorithm": "RILSROLSRegressor",
    "params": {
        "complexity_penalty": 0.001,
        "error_tolerance": 1e-16,
        "fitness_type": "FitnessType.BIC",
        "initial_sample_size": 0.01,
        "max_fit_calls": 1000000,
        "max_seconds": 7200,
        "random_perturbations_order": false,
        "random_state": 15795,
        "verbose": false
    },
    "random_state": 15795,
    "process_time": 3694.1875,
    "time_time": 3694.5797867774963,
    "target_noise": 0.001,
    "feature_noise": 0.0,
    "true_model": " 2*3.1415926535*d**(3/2)/sqrt(G*(m1+m2))",
    "model_size": 85,
    "symbolic_model": "x0**4/(x1*(x2 + x3)) + x0**2/(x2 + x3) + x0*(x2 + x3)/(x1 + x2 + x3 + x0**(-2)) + x0*x2/x1 + x0/(x1*(x1 + x2 + x3 + x0**(-2))) + exp(x0)/(x1 + x2*x3 + x2 + x0**(-2))",
    "mse_train": 17.060753349347266,
    "mae_train": 2.660293776705827,
    "r2_train": -0.6706079724603367,
    "mse_test": 16.328093820488654,
    "mae_test": 2.6310772594976863,
    "r2_test": -0.6464936161578476
}