{
    "dataset": "feynman_test_5",
    "algorithm": "RILSROLSRegressor",
    "params": {
        "complexity_penalty": 0.001,
        "error_tolerance": 1e-16,
        "fitness_type": "FitnessType.BIC",
        "initial_sample_size": 0.01,
        "max_fit_calls": 1000000,
        "max_seconds": 7200,
        "random_perturbations_order": false,
        "random_state": 860,
        "verbose": false
    },
    "random_state": 860,
    "process_time": 4321.171875,
    "time_time": 4321.44296336174,
    "target_noise": 0.0,
    "feature_noise": 0.0,
    "true_model": " 2*3.1415926535*d**(3/2)/sqrt(G*(m1+m2))",
    "model_size": 85,
    "symbolic_model": "(-2**x0*x1*(544.2234918*x0 + 3.46883976)*(x2 + x3 + 1)*sin(1/(x1 + 1)) + 2**x0*(0.18435975*sin(1/(x1 + 1)) - 444.54039052)*(x2 + x3 + 1) + x1*(484.78378682*2**x0*sin(1/(x1 + 1)) + 2.50241452)*(x2 + x3 + 1)**2)/(x1*(x2 + x3 + 1)**2)",
    "mse_train": 32203.10558216481,
    "mae_train": 158.63270019454882,
    "r2_train": -3187.5938056492964,
    "mse_test": 31913.477477116914,
    "mae_test": 158.144566384858,
    "r2_test": -3133.321018497295
}