{
    "dataset": "feynman_test_5",
    "algorithm": "RILSROLSRegressor",
    "params": {
        "complexity_penalty": 0.001,
        "error_tolerance": 1e-16,
        "fitness_type": "FitnessType.BIC",
        "initial_sample_size": 0.01,
        "max_fit_calls": 1000000,
        "max_seconds": 7200,
        "random_perturbations_order": false,
        "random_state": 5390,
        "verbose": false
    },
    "random_state": 5390,
    "process_time": 7206.5,
    "time_time": 7207.190024614334,
    "target_noise": 0.0,
    "feature_noise": 0.0,
    "true_model": " 2*3.1415926535*d**(3/2)/sqrt(G*(m1+m2))",
    "model_size": 115,
    "symbolic_model": "(5.04528939*x0**2*x2*x3**2*((x1*(x1 + x2 + x3 + sin(x0 + 1))**x0 + x2 + x3)/(x1 + x2 + x3 + sin(x0 + 1)))**(1/x1) + 0.13448863*x2**3*x3 - 1.02882562*x2**2*x3**2 + x2*x3*(0.99910527*x0**2*x1*((x1 + x2 + x3)/(x1 + x2 + x3 + sin(x0 + 1)))**(1/x1) + 1.1752203*x1**2))/(x2**2*x3**2)",
    "mse_train": 7446.953367116943,
    "mae_train": 57.716552250397925,
    "r2_train": -744.9397769556604,
    "mse_test": 7635.67515948708,
    "mae_test": 58.523179996407706,
    "r2_test": -750.8485018969124
}