{
    "dataset": "feynman_test_5",
    "algorithm": "RILSROLSRegressor",
    "params": {
        "complexity_penalty": 0.001,
        "error_tolerance": 1e-16,
        "fitness_type": "FitnessType.BIC",
        "initial_sample_size": 0.01,
        "max_fit_calls": 1000000,
        "max_seconds": 7200,
        "random_perturbations_order": false,
        "random_state": 15795,
        "verbose": false
    },
    "random_state": 15795,
    "process_time": 2913.46875,
    "time_time": 2913.7018880844116,
    "target_noise": 0.0,
    "feature_noise": 0.0,
    "true_model": " 2*3.1415926535*d**(3/2)/sqrt(G*(m1+m2))",
    "model_size": 43,
    "symbolic_model": "0.85668045*x0**2/x1 + 14.4558178*x0/(x1/x0**0.5 + x2 + x3 + (exp(x0)/x1 - 1/x1)**(-0.5)) - 0.23801331",
    "mse_train": 0.0011731634719006768,
    "mae_train": 0.023007643726177064,
    "r2_train": 0.9998851173768949,
    "mse_test": 0.0011741147823605615,
    "mae_test": 0.02290965775847224,
    "r2_test": 0.9998816045207085
}