{
    "dataset": "feynman_test_19",
    "algorithm": "RILSROLSRegressor",
    "params": {
        "complexity_penalty": 0.001,
        "error_tolerance": 1e-16,
        "max_fit_calls": 1000000,
        "max_seconds": 7200,
        "random_state": 21962
    },
    "random_state": 21962,
    "process_time": 5956.484375,
    "time_time": 7205.858199596405,
    "target_noise": 0.01,
    "feature_noise": 0.0,
    "true_model": " -1/(8*3.1415926535*G)*(c**4*k_f/r**2+H_G**2*c**2*(1-2*alpha))",
    "model_size": 67,
    "symbolic_model": "-0.02021961*x1*x5**4*sin(1/x0)/x2**2 + 0.1624909*x3**2*x4*x5**2*sin(0.5/x0) - 0.04410837*x3**2*x5**2*sin(1/x0) - 0.02021961*x1*x5**4/(x0*x2**2)",
    "mse_train": 0.0356448046529947,
    "mae_train": 0.13254384707420608,
    "r2_train": 0.9997472559682246,
    "mse_test": 0.015846694084852665,
    "mae_test": 0.054107559529072966,
    "r2_test": 0.9998830660931787
}