{
    "dataset": "feynman_test_19",
    "algorithm": "RILSROLSRegressor",
    "params": {
        "complexity_penalty": 0.001,
        "error_tolerance": 1e-16,
        "max_fit_calls": 1000000,
        "max_seconds": 7200,
        "random_state": 5390
    },
    "random_state": 5390,
    "process_time": 4833.609375,
    "time_time": 4833.822401762009,
    "target_noise": 0.0,
    "feature_noise": 0.0,
    "true_model": " -1/(8*3.1415926535*G)*(c**4*k_f/r**2+H_G**2*c**2*(1-2*alpha))",
    "model_size": 77,
    "symbolic_model": "(-1.70591685*x0*exp(x5)*sin(0.10132118*x1/(x0*x2**2)) + 0.00156126*x3**2*x4**2*x5**2 + 0.20233327*x3**2*x5*(x4*x5)**0.5 - 0.23241711*x3**2*x5 + 0.00723331*x3**2*(x5 + 1)**3*log(x4)**2)/x0",
    "mse_train": 0.06517854715849587,
    "mae_train": 0.15107589843302394,
    "r2_train": 0.999534087045398,
    "mse_test": 0.06770845206272733,
    "mae_test": 0.15143728433868106,
    "r2_test": 0.9995205046058336
}