{
    "dataset": "feynman_test_19",
    "algorithm": "RILSROLSRegressor",
    "params": {
        "complexity_penalty": 0.001,
        "error_tolerance": 1e-16,
        "max_fit_calls": 1000000,
        "max_seconds": 7200,
        "random_state": 5390
    },
    "random_state": 5390,
    "process_time": 3971.546875,
    "time_time": 3990.9894342422485,
    "target_noise": 0.1,
    "feature_noise": 0.0,
    "true_model": " -1/(8*3.1415926535*G)*(c**4*k_f/r**2+H_G**2*c**2*(1-2*alpha))",
    "model_size": 94,
    "symbolic_model": "-0.32286158*3**x5/((x0**2 + 1)*(x2 - 0.5)) - 0.00331781*x1**2*x5**2 - 0.04523481*x1**2*x5**2/(x2**2*x4**0.5) - 0.94071438*x3/(x0**2/x5**2 + 1) + 0.90395448 + 0.07237037*x3**2*x4*x5**2/x0 + 0.06035958*x4*x5**2/x0",
    "mse_train": 2.8098480221888664,
    "mae_train": 1.2677358546698407,
    "r2_train": 0.9801936248726449,
    "mse_test": 1.063670942270754,
    "mae_test": 0.5888667729195662,
    "r2_test": 0.9924673315931829
}