{
    "dataset": "feynman_test_19",
    "algorithm": "RILSROLSRegressor",
    "params": {
        "complexity_penalty": 0.001,
        "error_tolerance": 1e-16,
        "max_fit_calls": 1000000,
        "max_seconds": 7200,
        "random_state": 16850
    },
    "random_state": 16850,
    "process_time": 3831.3125,
    "time_time": 3833.4362421035767,
    "target_noise": 0.1,
    "feature_noise": 0.0,
    "true_model": " -1/(8*3.1415926535*G)*(c**4*k_f/r**2+H_G**2*c**2*(1-2*alpha))",
    "model_size": 91,
    "symbolic_model": "0.05824421*x3**2*x4*(x5 + 1)**2*sin(1/x0) - 0.32968679*x3**2*x4*sin(1/(x0 + x5)) - 0.03199482*x3**2*x5**2*sin(1/x0) - 0.55262945*(x5/(x0*x2/x5 + x5/x1) + x5/(x0/x5 + x2))**2 + 0.56435011 + 11.11267883/x3**20",
    "mse_train": 4.589423357483055,
    "mae_train": 1.434091493704152,
    "r2_train": 0.9676264897086778,
    "mse_test": 2.854207250367553,
    "mae_test": 0.7782177387199515,
    "r2_test": 0.9795534794771171
}