{
    "dataset": "feynman_test_19",
    "algorithm": "RILSROLSRegressor",
    "params": {
        "complexity_penalty": 0.001,
        "error_tolerance": 1e-16,
        "max_fit_calls": 1000000,
        "max_seconds": 7200,
        "random_state": 4426
    },
    "random_state": 4426,
    "process_time": 4465.828125,
    "time_time": 4510.916841268539,
    "target_noise": 0.1,
    "feature_noise": 0.0,
    "true_model": " -1/(8*3.1415926535*G)*(c**4*k_f/r**2+H_G**2*c**2*(1-2*alpha))",
    "model_size": 66,
    "symbolic_model": "0.0003806*x1**4*x3**2/(0.5 - x2)**4 - 0.07470595*x3**2*x4*x5**2/(-x0 - x0/x4**2) + 0.69632747 + 0.25978541*x1*x5**2/(x0*(0.5 - 0.8*x2))",
    "mse_train": 7.422030961036799,
    "mae_train": 1.5090882439378175,
    "r2_train": 0.9503288129500816,
    "mse_test": 4.770942095777298,
    "mae_test": 0.7973204538618278,
    "r2_test": 0.9658286798136905
}