{
    "dataset": "feynman_test_19",
    "algorithm": "RILSROLSRegressor",
    "params": {
        "complexity_penalty": 0.001,
        "error_tolerance": 1e-16,
        "max_fit_calls": 1000000,
        "max_seconds": 7200,
        "random_state": 5390
    },
    "random_state": 5390,
    "process_time": 4038.171875,
    "time_time": 4038.970221757889,
    "target_noise": 0.01,
    "feature_noise": 0.0,
    "true_model": " -1/(8*3.1415926535*G)*(c**4*k_f/r**2+H_G**2*c**2*(1-2*alpha))",
    "model_size": 34,
    "symbolic_model": "(-0.03952517*x1*x5**4 + x2**2*x3**2*x5**2*(0.0794375*x4 - 0.03925541))/(x0*x2**2)",
    "mse_train": 0.019905259255768352,
    "mae_train": 0.1123619991410029,
    "r2_train": 0.9998577405294882,
    "mse_test": 0.0009952589387263028,
    "mae_test": 0.01547467440153312,
    "r2_test": 0.9999929518093741
}