{
    "dataset": "feynman_test_19",
    "algorithm": "RILSROLSRegressor",
    "params": {
        "complexity_penalty": 0.001,
        "error_tolerance": 1e-16,
        "max_fit_calls": 1000000,
        "max_seconds": 7200,
        "random_state": 860
    },
    "random_state": 860,
    "process_time": 4621.90625,
    "time_time": 4641.577011346817,
    "target_noise": 0.01,
    "feature_noise": 0.0,
    "true_model": " -1/(8*3.1415926535*G)*(c**4*k_f/r**2+H_G**2*c**2*(1-2*alpha))",
    "model_size": 85,
    "symbolic_model": "0.43982946*2.64**x5/(x0*(0.5 - x2)) - 1.43547039*x3 + 7.50807664 - 7.39224419/x3 + 3.94927942*x3*x4*x5/x0 - 16.29466493*x4*(x3 - 0.6)**0.5*log(x5 + 0.72)/x0 + 3.67519637*x4/x0 - 1.63976209*log(x3 - 0.6)*log(x5 + 0.72)/x0",
    "mse_train": 3.925962692646501,
    "mae_train": 1.033458844410773,
    "r2_train": 0.9709859354382713,
    "mse_test": 4.429197121971468,
    "mae_test": 1.0490173409881807,
    "r2_test": 0.9704180696811301
}