{
    "dataset": "feynman_I_12_11",
    "algorithm": "RILSROLSRegressor",
    "params": {
        "complexity_penalty": 0.001,
        "error_tolerance": 1e-16,
        "max_fit_calls": 1000000,
        "max_seconds": 7200,
        "random_state": 21962
    },
    "random_state": 21962,
    "process_time": 1992.875,
    "time_time": 1993.2390332221985,
    "target_noise": 0.01,
    "feature_noise": 0.0,
    "true_model": " q*(Ef+B*v*sin(theta))",
    "model_size": 11,
    "symbolic_model": "x0*(x1 + x2*x3*sin(x4))",
    "mse_train": 0.07850906359420294,
    "mae_train": 0.22404742933091157,
    "r2_train": 0.9998830989998925,
    "mse_test": 9.672921222740701e-29,
    "mae_test": 5.7883077671239125e-15,
    "r2_test": 1.0
}