{
    "dataset": "feynman_I_12_11",
    "algorithm": "RILSROLSRegressor",
    "params": {
        "complexity_penalty": 0.001,
        "error_tolerance": 1e-16,
        "max_fit_calls": 1000000,
        "max_seconds": 7200,
        "random_state": 4426
    },
    "random_state": 4426,
    "process_time": 2158.59375,
    "time_time": 2160.016576051712,
    "target_noise": 0.001,
    "feature_noise": 0.0,
    "true_model": " q*(Ef+B*v*sin(theta))",
    "model_size": 11,
    "symbolic_model": "x0*(x1 + x2*x3*sin(x4))",
    "mse_train": 0.0008004034164243656,
    "mae_train": 0.022626767102356542,
    "r2_train": 0.999998825262316,
    "mse_test": 9.878429811997387e-29,
    "mae_test": 5.806036944625004e-15,
    "r2_test": 1.0
}