{
    "dataset": "feynman_I_12_11",
    "algorithm": "RILSROLSRegressor",
    "params": {
        "complexity_penalty": 0.001,
        "error_tolerance": 1e-16,
        "max_fit_calls": 1000000,
        "max_seconds": 7200,
        "random_state": 29910
    },
    "random_state": 29910,
    "process_time": 3046.0625,
    "time_time": 3059.923999071121,
    "target_noise": 0.001,
    "feature_noise": 0.0,
    "true_model": " q*(Ef+B*v*sin(theta))",
    "model_size": 15,
    "symbolic_model": "x0*(1.00035052*x1 + 0.99985317*x2*x3*sin(x4))",
    "mse_train": 0.0008576465237029126,
    "mae_train": 0.023387614710415575,
    "r2_train": 0.9999987632518885,
    "mse_test": 2.5307256017267668e-05,
    "mae_test": 0.0038035029822031372,
    "r2_test": 0.9999999619662817
}