{
    "dataset": "feynman_I_12_11",
    "algorithm": "RILSROLSRegressor",
    "params": {
        "complexity_penalty": 0.001,
        "error_tolerance": 1e-16,
        "max_fit_calls": 1000000,
        "max_seconds": 7200,
        "random_state": 5390
    },
    "random_state": 5390,
    "process_time": 2147.28125,
    "time_time": 2160.466802597046,
    "target_noise": 0.01,
    "feature_noise": 0.0,
    "true_model": " q*(Ef+B*v*sin(theta))",
    "model_size": 11,
    "symbolic_model": "x0*(x1 + x2*x3*sin(x4))",
    "mse_train": 0.07859980450906447,
    "mae_train": 0.22386737794373263,
    "r2_train": 0.999882826832132,
    "mse_test": 9.940309040970014e-29,
    "mae_test": 5.777916556662377e-15,
    "r2_test": 1.0
}