{
    "dataset": "feynman_I_12_11",
    "algorithm": "RILSROLSRegressor",
    "params": {
        "complexity_penalty": 0.001,
        "error_tolerance": 1e-16,
        "max_fit_calls": 1000000,
        "max_seconds": 7200,
        "random_state": 28020
    },
    "random_state": 28020,
    "process_time": 13.515625,
    "time_time": 13.519999027252197,
    "target_noise": 0.0,
    "feature_noise": 0.0,
    "true_model": " q*(Ef+B*v*sin(theta))",
    "model_size": 11,
    "symbolic_model": "x0*(x1 + x2*x3*sin(x4))",
    "mse_train": 9.85982498805321e-29,
    "mae_train": 5.838019997983501e-15,
    "r2_train": 1.0,
    "mse_test": 9.961171530394467e-29,
    "mae_test": 5.793808419141122e-15,
    "r2_test": 1.0
}