{
    "dataset": "feynman_I_12_11",
    "algorithm": "RILSROLSRegressor",
    "params": {
        "complexity_penalty": 0.001,
        "error_tolerance": 1e-16,
        "max_fit_calls": 1000000,
        "max_seconds": 7200,
        "random_state": 23654
    },
    "random_state": 23654,
    "process_time": 2112.828125,
    "time_time": 2115.0239672660828,
    "target_noise": 0.01,
    "feature_noise": 0.0,
    "true_model": " q*(Ef+B*v*sin(theta))",
    "model_size": 15,
    "symbolic_model": "x0*(0.99640514*x1 + 1.00137584*x2*x3*sin(x4))",
    "mse_train": 0.0820826131079409,
    "mae_train": 0.22919927150633043,
    "r2_train": 0.9998773658895592,
    "mse_test": 0.0023704858506396346,
    "mae_test": 0.03695146024928975,
    "r2_test": 0.9999964566792919
}