{
    "dataset": "feynman_I_40_1",
    "algorithm": "RILSROLSRegressor",
    "params": {
        "complexity_penalty": 0.001,
        "error_tolerance": 1e-16,
        "max_fit_calls": 1000000,
        "max_seconds": 7200,
        "random_state": 5390
    },
    "random_state": 5390,
    "process_time": 3223.453125,
    "time_time": 3226.705454826355,
    "target_noise": 0.001,
    "feature_noise": 0.0,
    "true_model": " n_0*exp(-m*g*x/(kb*T))",
    "model_size": 54,
    "symbolic_model": "0.11270014*x0*x3/x4 - 0.24655162*x0*sin(log(x1 - 0.5 + x4/x3))**2 + 0.23039088*(x0 + x5 + 1/x4)**2/(x2 + 1 + x1/x0)**2 + 0.1527294",
    "mse_train": 0.04472268770850026,
    "mae_train": 0.14991901305761063,
    "r2_train": 0.8948175129852356,
    "mse_test": 0.047202470484134666,
    "mae_test": 0.1524511267696106,
    "r2_test": 0.8875839489714923
}