{
    "dataset": "feynman_I_40_1",
    "algorithm": "RILSROLSRegressor",
    "params": {
        "complexity_penalty": 0.001,
        "error_tolerance": 1e-16,
        "max_fit_calls": 1000000,
        "max_seconds": 7200,
        "random_state": 15795
    },
    "random_state": 15795,
    "process_time": 3591.1875,
    "time_time": 3606.652086496353,
    "target_noise": 0.1,
    "feature_noise": 0.0,
    "true_model": " n_0*exp(-m*g*x/(kb*T))",
    "model_size": 45,
    "symbolic_model": "0.43787389*x0*x3*x5/(x1*x2*x4 + cos(2*x1*x2 + 20*x2) + x5/x4) - 0.04682434*x0 - 0.10748601 + 0.16096885/x4",
    "mse_train": 0.04645943306940854,
    "mae_train": 0.121382903702407,
    "r2_train": 0.8957597767964361,
    "mse_test": 0.03593797983228376,
    "mae_test": 0.09595973536995993,
    "r2_test": 0.9157776367314715
}