{
    "dataset": "feynman_I_34_27",
    "algorithm": "RILSROLSRegressor",
    "params": {
        "complexity_penalty": 0.001,
        "error_tolerance": 1e-16,
        "fitness_type": "FitnessType.BIC",
        "initial_sample_size": 0.01,
        "max_fit_calls": 1000000,
        "max_seconds": 7200,
        "random_perturbations_order": false,
        "random_state": 23654,
        "verbose": false
    },
    "random_state": 23654,
    "process_time": 2699.984375,
    "time_time": 2700.2622854709625,
    "target_noise": 0.001,
    "feature_noise": 0.0,
    "true_model": " (h/(2*3.1415926535))*omega",
    "model_size": 6,
    "symbolic_model": "0.15913815*x0*x1",
    "mse_train": 2.782131108154979e-06,
    "mae_train": 0.0013334545457607476,
    "r2_train": 0.9999957428771983,
    "mse_test": 3.0105377211882455e-08,
    "mae_test": 0.00015111809431686974,
    "r2_test": 0.9999999538885831
}