{
    "dataset": "feynman_I_34_27",
    "algorithm": "RILSROLSRegressor",
    "params": {
        "complexity_penalty": 0.001,
        "error_tolerance": 1e-16,
        "fitness_type": "FitnessType.BIC",
        "initial_sample_size": 0.01,
        "max_fit_calls": 1000000,
        "max_seconds": 7200,
        "random_perturbations_order": false,
        "random_state": 15795,
        "verbose": false
    },
    "random_state": 15795,
    "process_time": 2521.03125,
    "time_time": 2521.2558028697968,
    "target_noise": 0.001,
    "feature_noise": 0.0,
    "true_model": " (h/(2*3.1415926535))*omega",
    "model_size": 6,
    "symbolic_model": "0.15916443*x0*x1",
    "mse_train": 2.6996045952346732e-06,
    "mae_train": 0.0013115127019750557,
    "r2_train": 0.9999958982601429,
    "mse_test": 9.703343829755041e-09,
    "mae_test": 8.576927737048063e-05,
    "r2_test": 0.9999999853099897
}