{
    "dataset": "feynman_II_13_23",
    "algorithm": "RILSROLSRegressor",
    "params": {
        "complexity_penalty": 0.001,
        "error_tolerance": 1e-16,
        "fitness_type": "FitnessType.BIC",
        "initial_sample_size": 0.01,
        "max_fit_calls": 1000000,
        "max_seconds": 7200,
        "random_perturbations_order": false,
        "random_state": 28020,
        "verbose": false
    },
    "random_state": 28020,
    "process_time": 2660.984375,
    "time_time": 2661.7973141670227,
    "target_noise": 0.0,
    "feature_noise": 0.0,
    "true_model": " rho_c_0/sqrt(1-v**2/c**2)",
    "model_size": 42,
    "symbolic_model": "0.01892401*x0*x1**2/x2**2 - 0.25936237*x0*x1/(x1 + x2) - 0.2836822*x0*x1/(x1 - 1.1*x2) + 1.00005582*x0",
    "mse_train": 1.5577956106821207e-09,
    "mae_train": 1.861791985509398e-05,
    "r2_train": 0.9999999989366609,
    "mse_test": 1.9373840675244485e-09,
    "mae_test": 1.8581403720714568e-05,
    "r2_test": 0.9999999986985484
}