{
    "dataset": "feynman_II_13_23",
    "algorithm": "RILSROLSRegressor",
    "params": {
        "complexity_penalty": 0.001,
        "error_tolerance": 1e-16,
        "fitness_type": "FitnessType.BIC",
        "initial_sample_size": 0.01,
        "max_fit_calls": 1000000,
        "max_seconds": 7200,
        "random_perturbations_order": false,
        "random_state": 21962,
        "verbose": false
    },
    "random_state": 21962,
    "process_time": 2693.703125,
    "time_time": 2694.0464823246,
    "target_noise": 0.0,
    "feature_noise": 0.0,
    "true_model": " rho_c_0/sqrt(1-v**2/c**2)",
    "model_size": 40,
    "symbolic_model": "0.26974355*x0*x1/(-0.9*x1 + x2) - 0.00130675*x0*x1/x2 + 0.26951469*x0*x2/(x1 + x2) + 0.73049999*x0",
    "mse_train": 4.0338389835685715e-09,
    "mae_train": 2.3956153165402384e-05,
    "r2_train": 0.999999997278535,
    "mse_test": 3.357153104657212e-09,
    "mae_test": 2.3930284078364286e-05,
    "r2_test": 0.9999999977267533
}