{
    "dataset": "feynman_II_13_23",
    "algorithm": "RILSROLSRegressor",
    "params": {
        "complexity_penalty": 0.001,
        "error_tolerance": 1e-16,
        "fitness_type": "FitnessType.BIC",
        "initial_sample_size": 0.01,
        "max_fit_calls": 1000000,
        "max_seconds": 7200,
        "random_perturbations_order": false,
        "random_state": 860,
        "verbose": false
    },
    "random_state": 860,
    "process_time": 2945.703125,
    "time_time": 2945.93549990654,
    "target_noise": 0.0,
    "feature_noise": 0.0,
    "true_model": " rho_c_0/sqrt(1-v**2/c**2)",
    "model_size": 54,
    "symbolic_model": "0.29762699*x0*x1**2/(0.5*x1 + x2)**2 + 0.20953345*x0*x1**2/(-0.6*x1 + x2)**2 + 0.9999727*x0 + 1.506e-5*x1**2*x2/(x1 - 0.66666667*x2)**2 - 5.619e-5",
    "mse_train": 5.139864632350543e-06,
    "mae_train": 0.000132138391916229,
    "r2_train": 0.9999964891723898,
    "mse_test": 2.9356863401883582e-06,
    "mae_test": 0.00011797540841416666,
    "r2_test": 0.9999980200575871
}