{
    "dataset": "feynman_III_8_54",
    "algorithm": "RILSROLSRegressor",
    "params": {
        "complexity_penalty": 0.001,
        "error_tolerance": 1e-16,
        "max_fit_calls": 1000000,
        "max_seconds": 7200,
        "random_state": 15795
    },
    "random_state": 15795,
    "process_time": 3164.921875,
    "time_time": 3198.574657678604,
    "target_noise": 0.1,
    "feature_noise": 0.0,
    "true_model": " sin(E_n*t/(h/(2*3.1415926535)))**2",
    "model_size": 68,
    "symbolic_model": "0.98121087 - 1.0196355*sin(-exp(x1)*sin(log(1/x1) + 1) + sin(x0**2/x2 + 1) + 9.5/(x0/(-x0*x1 + x2) + x2/(-x0*x1 + x2) + log(x1 + 0.605)/x0))**2",
    "mse_train": 0.02841185792522027,
    "mae_train": 0.11408702964853334,
    "r2_train": 0.77924927210162,
    "mse_test": 0.023965720372653505,
    "mae_test": 0.09843624215156824,
    "r2_test": 0.8093938568831955
}