{
    "dataset": "feynman_III_8_54",
    "algorithm": "RILSROLSRegressor",
    "params": {
        "complexity_penalty": 0.001,
        "error_tolerance": 1e-16,
        "max_fit_calls": 1000000,
        "max_seconds": 7200,
        "random_state": 23654
    },
    "random_state": 23654,
    "process_time": 3221.15625,
    "time_time": 3223.171050310135,
    "target_noise": 0.001,
    "feature_noise": 0.0,
    "true_model": " sin(E_n*t/(h/(2*3.1415926535)))**2",
    "model_size": 76,
    "symbolic_model": "-6.05900736*log(x0)*sin(log(x1)**4/x2) + 0.51513997 - 0.19066644*x2*cos(-0.5*x0*x1 - 0.63661977*x1*(x0/(-x0 + x2) + x2/x1**2) + x2 + 3.14159265/x1 + 3.14159265*(x0 + x2/x1)/x0)/x1**(0.5*x1)",
    "mse_train": 0.08897303005726061,
    "mae_train": 0.2307771949593519,
    "r2_train": 0.28360422003258756,
    "mse_test": 0.09039678148561672,
    "mae_test": 0.23269288898649876,
    "r2_test": 0.2832852952660453
}