{
    "dataset": "feynman_III_8_54",
    "algorithm": "RILSROLSRegressor",
    "params": {
        "complexity_penalty": 0.001,
        "error_tolerance": 1e-16,
        "max_fit_calls": 1000000,
        "max_seconds": 7200,
        "random_state": 23654
    },
    "random_state": 23654,
    "process_time": 39729.390625,
    "time_time": 39834.08374977112,
    "target_noise": 0.01,
    "feature_noise": 0.0,
    "true_model": " sin(E_n*t/(h/(2*3.1415926535)))**2",
    "model_size": 100,
    "symbolic_model": "7.34086741*(0.5 - 1/x2)**4 - 0.96517419*sin(x0*x1 + x0 + x1**3/((x2 + 1)*(-16.5*x0*x1*(0.5 - 1/x2)**2 + 4*x1**2*(1 - 0.5*x2)**2 + 1/(x0 + 1) + x2**2/x0**4)) + x1/x2 - x2 + log(x1) + 1 + 1/x2)**2 + 0.96339917",
    "mse_train": 0.05768019345477151,
    "mae_train": 0.14635110267840226,
    "r2_train": 0.535748378597074,
    "mse_test": 0.05751956010907372,
    "mae_test": 0.14578182715381935,
    "r2_test": 0.5439537352714137
}