{
    "dataset": "feynman_III_8_54",
    "algorithm": "RILSROLSRegressor",
    "params": {
        "complexity_penalty": 0.001,
        "error_tolerance": 1e-16,
        "max_fit_calls": 1000000,
        "max_seconds": 7200,
        "random_state": 14423
    },
    "random_state": 14423,
    "process_time": 2842.25,
    "time_time": 2842.9678676128387,
    "target_noise": 0.1,
    "feature_noise": 0.0,
    "true_model": " sin(E_n*t/(h/(2*3.1415926535)))**2",
    "model_size": 50,
    "symbolic_model": "-0.49451166*sin(x1*(x0 + 1)**2 - 2*x2 + 2*log(1/(x0*x2)) + 11 - 1/(x0*x2))*sin(log(x2)) + 0.42839062 + 1.01453923/x2**20",
    "mse_train": 0.1014580073185718,
    "mae_train": 0.23656974897224503,
    "r2_train": 0.20937382373056612,
    "mse_test": 0.0937565488552954,
    "mae_test": 0.22354199292925273,
    "r2_test": 0.24961249397416074
}