{
    "dataset": "feynman_III_8_54",
    "algorithm": "RILSROLSRegressor",
    "params": {
        "complexity_penalty": 0.001,
        "error_tolerance": 1e-16,
        "max_fit_calls": 1000000,
        "max_seconds": 7200,
        "random_state": 28020
    },
    "random_state": 28020,
    "process_time": 2921.0625,
    "time_time": 2921.3555290699005,
    "target_noise": 0.001,
    "feature_noise": 0.0,
    "true_model": " sin(E_n*t/(h/(2*3.1415926535)))**2",
    "model_size": 69,
    "symbolic_model": "-3.96e-6*x0/cos(x2)**2 - 0.35622418*x1*cos(x2)*cos(x2*sin(1/x1)/x0 + x2/x0 + x2**2/(x0*x1**2)) - 0.15611766*x2*cos(x2)**2 + 0.89788339 - 0.4390211*x1/(x0*x2)",
    "mse_train": 0.29451219181823707,
    "mae_train": 0.2719424356946048,
    "r2_train": -1.3572757960702626,
    "mse_test": 8609.564360084312,
    "mae_test": 0.9709147106917707,
    "r2_test": -69342.9903415469
}