{
    "dataset": "feynman_III_8_54",
    "algorithm": "RILSROLSRegressor",
    "params": {
        "complexity_penalty": 0.001,
        "error_tolerance": 1e-16,
        "max_fit_calls": 1000000,
        "max_seconds": 7200,
        "random_state": 15795
    },
    "random_state": 15795,
    "process_time": 2737.140625,
    "time_time": 2759.895283937454,
    "target_noise": 0.001,
    "feature_noise": 0.0,
    "true_model": " sin(E_n*t/(h/(2*3.1415926535)))**2",
    "model_size": 53,
    "symbolic_model": "0.45678017 + 1.00258239*cos(x1*x2 + x1*x2**(9 - 1.1*x1))/(x0 + x2*log(x1))**2 + 0.3821565*x1*log(x2)*cos(x0 + 1 - exp(x2)/x1)/x0**2",
    "mse_train": 0.1982428068146127,
    "mae_train": 0.36775038773613655,
    "r2_train": -0.5962734570239916,
    "mse_test": 0.19723343132326948,
    "mae_test": 0.36808954420814466,
    "r2_test": -0.5686531868709734
}