{
    "dataset": "feynman_III_8_54",
    "algorithm": "RILSROLSRegressor",
    "params": {
        "complexity_penalty": 0.001,
        "error_tolerance": 1e-16,
        "max_fit_calls": 1000000,
        "max_seconds": 7200,
        "random_state": 860
    },
    "random_state": 860,
    "process_time": 3459.0625,
    "time_time": 3459.228001832962,
    "target_noise": 0.0,
    "feature_noise": 0.0,
    "true_model": " sin(E_n*t/(h/(2*3.1415926535)))**2",
    "model_size": 93,
    "symbolic_model": "-0.14376556*x1 + 0.66961257 + 2.33426445*cos(x2)*cos(2.2**x0*sin(sin(x1)**2 + 1.1 + x2/x1) - x0**2*sin(x1 + x2 + 1 + 1/x2)/cos(x1**4/x2**4) + x1*exp(x0) - x2/x1)/(x1 + x2) + 0.06193309*x1/(x0**20*(x1 - x2)**2)",
    "mse_train": 1715.5779088665772,
    "mae_train": 1.611995676595679,
    "r2_train": -13654.60782018892,
    "mse_test": 5898805.289040941,
    "mae_test": 26.381366670591273,
    "r2_test": -47310868.32228879
}