{
    "dataset": "feynman_III_8_54",
    "algorithm": "RILSROLSRegressor",
    "params": {
        "complexity_penalty": 0.001,
        "error_tolerance": 1e-16,
        "max_fit_calls": 1000000,
        "max_seconds": 7200,
        "random_state": 4426
    },
    "random_state": 4426,
    "process_time": 5072.75,
    "time_time": 5074.791879892349,
    "target_noise": 0.01,
    "feature_noise": 0.0,
    "true_model": " sin(E_n*t/(h/(2*3.1415926535)))**2",
    "model_size": 139,
    "symbolic_model": "0.00297557*x1*log(0.31830989*x0*x1*log(x2/(x0*x1))**2/x2 - 0.15915494/(sin(log(x2/(x0*x1))**2/x1) + 1)**100 + 0.31830989*x2/(x0*x1*(sin(log(x2/(x0*x1))**2/x1) + 1)**100))**4 - 1.99367688*sin(1.84835256/(log(0.5 + x2/(x0*x1))**2 + 1)**1000) + 0.09385696 + 3.18697395/(x1*(log(0.5 + x2/(x0*x1))**2 + 1)**200)",
    "mse_train": 0.03851437861626273,
    "mae_train": 0.14942785337030245,
    "r2_train": 0.6930386065782937,
    "mse_test": 0.03837295659436915,
    "mae_test": 0.14909632506596143,
    "r2_test": 0.6930868465393637
}