{
    "dataset": "feynman_III_8_54",
    "algorithm": "RILSROLSRegressor",
    "params": {
        "complexity_penalty": 0.001,
        "error_tolerance": 1e-16,
        "max_fit_calls": 1000000,
        "max_seconds": 7200,
        "random_state": 5390
    },
    "random_state": 5390,
    "process_time": 4196.65625,
    "time_time": 4198.249328613281,
    "target_noise": 0.001,
    "feature_noise": 0.0,
    "true_model": " sin(E_n*t/(h/(2*3.1415926535)))**2",
    "model_size": 72,
    "symbolic_model": "0.27672548*x1/x2**5 - 0.36790345*x2**0.5*sin(2.88*log(1/x0) + x2/x1 + x1**(-5))*sin(2*x0*x1/(-x0 + x2) + 2.2*x1/x2 + sin(2*x0 + 2*x1) + 2/x2) + 0.41029905",
    "mse_train": 0.08765752313143012,
    "mae_train": 0.22295822841673527,
    "r2_train": 0.2885138368346847,
    "mse_test": 0.09012751669076502,
    "mae_test": 0.22599542272687942,
    "r2_test": 0.2859889507052933
}