{
    "dataset": "feynman_I_12_5",
    "algorithm": "RILSROLSRegressor",
    "params": {
        "complexity_penalty": 0.001,
        "error_tolerance": 1e-16,
        "fitness_type": "FitnessType.BIC",
        "initial_sample_size": 0.01,
        "max_fit_calls": 1000000,
        "max_seconds": 7200,
        "random_perturbations_order": false,
        "random_state": 23654,
        "verbose": false
    },
    "random_state": 23654,
    "process_time": 3677.703125,
    "time_time": 3679.71745967865,
    "target_noise": 0.001,
    "feature_noise": 0.0,
    "true_model": " q2*Ef",
    "model_size": 6,
    "symbolic_model": "0.99982305*x0*x1",
    "mse_train": 0.00011138838192088732,
    "mae_train": 0.008443658782542086,
    "r2_train": 0.9999956514945563,
    "mse_test": 3.341714109363167e-06,
    "mae_test": 0.0015926626442216193,
    "r2_test": 0.9999998700431653
}