{
    "dataset": "feynman_test_2",
    "algorithm": "RILSROLSRegressor",
    "params": {
        "complexity_penalty": 0.001,
        "error_tolerance": 1e-16,
        "max_fit_calls": 1000000,
        "max_seconds": 7200,
        "random_state": 4426
    },
    "random_state": 4426,
    "process_time": 3663.8125,
    "time_time": 3668.0763218402863,
    "target_noise": 0.001,
    "feature_noise": 0.0,
    "true_model": " m*k_G/L**2*(1+sqrt(1+2*E_n*L**2/(m*k_G**2))*cos(theta1-theta2))",
    "model_size": 59,
    "symbolic_model": "0.9047061*x0*x1*cos(x4 - x5)/x2**2 + 1.00048368*x0*x1/x2**2 + 0.25785762*x0*cos(x4 - x5)/x2 + 1.11268164*x3*cos(x4 - x5)/(x1 + x2)",
    "mse_train": 0.0005095507543711378,
    "mae_train": 0.014967430104217354,
    "r2_train": 0.9998806704209156,
    "mse_test": 0.0004926521108066746,
    "mae_test": 0.01444349833936304,
    "r2_test": 0.9998792055885658
}