{
    "dataset": "feynman_test_2",
    "algorithm": "RILSROLSRegressor",
    "params": {
        "complexity_penalty": 0.001,
        "error_tolerance": 1e-16,
        "max_fit_calls": 1000000,
        "max_seconds": 7200,
        "random_state": 15795
    },
    "random_state": 15795,
    "process_time": 3772.953125,
    "time_time": 3773.134851694107,
    "target_noise": 0.0,
    "feature_noise": 0.0,
    "true_model": " m*k_G/L**2*(1+sqrt(1+2*E_n*L**2/(m*k_G**2))*cos(theta1-theta2))",
    "model_size": 70,
    "symbolic_model": "-1107.82664684*x0*x2*x3*sin(x0*x3 + x0 + 1/x3 + x3*x4/x2 + x2/x1)/(x2 + 1)**10 + 1.62727992*sin(x4)*sin(x5) + 0.93981816*sin((x2 - 0.5)**(-8)) + 1.56596337 + 4.83677589/x2**10 - 1.6455773/x0",
    "mse_train": 3.2618148752959355,
    "mae_train": 1.1525655001926545,
    "r2_train": 0.22622651286356088,
    "mse_test": 3.170412885582666,
    "mae_test": 1.1461585030559358,
    "r2_test": 0.21910817241600145
}