{
    "dataset": "feynman_test_2",
    "algorithm": "RILSROLSRegressor",
    "params": {
        "complexity_penalty": 0.001,
        "error_tolerance": 1e-16,
        "max_fit_calls": 1000000,
        "max_seconds": 7200,
        "random_state": 14423
    },
    "random_state": 14423,
    "process_time": 4715.1875,
    "time_time": 5839.000060081482,
    "target_noise": 0.01,
    "feature_noise": 0.0,
    "true_model": " m*k_G/L**2*(1+sqrt(1+2*E_n*L**2/(m*k_G**2))*cos(theta1-theta2))",
    "model_size": 59,
    "symbolic_model": "0.91244386*x0*x1*cos(x4 - x5)/x2**2 + 1.00130656*x0*x1/x2**2 + 0.2315918*x0*cos(x4 - x5)/x2 + 1.18854597*x3*cos(x4 - x5)/(x1 + x2)",
    "mse_train": 0.0012967728226999987,
    "mae_train": 0.027017310967199542,
    "r2_train": 0.9996650679643698,
    "mse_test": 0.0007407424074598368,
    "mae_test": 0.017494826848946078,
    "r2_test": 0.999822541437137
}