{
    "dataset": "feynman_test_2",
    "algorithm": "RILSROLSRegressor",
    "params": {
        "complexity_penalty": 0.001,
        "error_tolerance": 1e-16,
        "max_fit_calls": 1000000,
        "max_seconds": 7200,
        "random_state": 15795
    },
    "random_state": 15795,
    "process_time": 4729.90625,
    "time_time": 4731.111214876175,
    "target_noise": 0.01,
    "feature_noise": 0.0,
    "true_model": " m*k_G/L**2*(1+sqrt(1+2*E_n*L**2/(m*k_G**2))*cos(theta1-theta2))",
    "model_size": 59,
    "symbolic_model": "0.92869254*x0*x1*cos(x4 - x5)/x2**2 + 1.00159964*x0*x1/x2**2 + 0.2181984*x0*cos(x4 - x5)/x2 + 1.13239188*x3*cos(x4 - x5)/(x1 + x2)",
    "mse_train": 0.001220142247359831,
    "mae_train": 0.02697757574607358,
    "r2_train": 0.9997106475425206,
    "mse_test": 0.00059468038897563,
    "mae_test": 0.016223310842941877,
    "r2_test": 0.9998535266312197
}