{
    "dataset": "feynman_test_2",
    "algorithm": "RILSROLSRegressor",
    "params": {
        "complexity_penalty": 0.001,
        "error_tolerance": 1e-16,
        "max_fit_calls": 1000000,
        "max_seconds": 7200,
        "random_state": 15795
    },
    "random_state": 15795,
    "process_time": 3695.28125,
    "time_time": 3695.91183757782,
    "target_noise": 0.001,
    "feature_noise": 0.0,
    "true_model": " m*k_G/L**2*(1+sqrt(1+2*E_n*L**2/(m*k_G**2))*cos(theta1-theta2))",
    "model_size": 70,
    "symbolic_model": "-1108.02118815*x0*x2*x3*sin(x0*x3 + x0 + 1/x3 + x3*x4/x2 + x2/x1)/(x2 + 1)**10 + 1.62628237*sin(x4)*sin(x5) + 0.93986871*sin((x2 - 0.5)**(-8)) + 1.56638386 + 4.83777176/x2**10 - 1.6466573/x0",
    "mse_train": 3.262423163991793,
    "mae_train": 1.1526747963572255,
    "r2_train": 0.22609682233689343,
    "mse_test": 3.17094611766634,
    "mae_test": 1.1461927966302432,
    "r2_test": 0.21897683413566582
}