{
    "dataset": "feynman_test_2",
    "algorithm": "RILSROLSRegressor",
    "params": {
        "complexity_penalty": 0.001,
        "error_tolerance": 1e-16,
        "max_fit_calls": 1000000,
        "max_seconds": 7200,
        "random_state": 28020
    },
    "random_state": 28020,
    "process_time": 4873.828125,
    "time_time": 4878.013516187668,
    "target_noise": 0.1,
    "feature_noise": 0.0,
    "true_model": " m*k_G/L**2*(1+sqrt(1+2*E_n*L**2/(m*k_G**2))*cos(theta1-theta2))",
    "model_size": 130,
    "symbolic_model": "-10.71897127*x0*x1*x4*(x4 - x5)**2/((1 + 1/x5)**4*(x2 + 1)**5) + 43.46507596*x0*x2*x4**0.5/((1 + x5**(-2))**5*(x2 + 1)**5) - 12.50980407*x4*x5/(x4 + 1)**5 + 19.54410777*x4/(x4 + 1)**4 + 0.50489566*log(x1) + 0.61361635 + 18.66877824*exp(x0)*log(x1)/(x2 + 1)**5 + 46.50429217*log(x1)/(x2 + 1)**5 - 21.25758658/((1 + (x4 - x5)**(-2))**6*(x4 - x5)**2)",
    "mse_train": 2.9265628721720476,
    "mae_train": 0.8562747792585118,
    "r2_train": 0.30931258927208416,
    "mse_test": 2.8981573209378984,
    "mae_test": 0.8213131072369868,
    "r2_test": 0.27887868121397075
}