{
    "dataset": "feynman_test_2",
    "algorithm": "RILSROLSRegressor",
    "params": {
        "complexity_penalty": 0.001,
        "error_tolerance": 1e-16,
        "max_fit_calls": 1000000,
        "max_seconds": 7200,
        "random_state": 21962
    },
    "random_state": 21962,
    "process_time": 3984.515625,
    "time_time": 3984.720654964447,
    "target_noise": 0.0,
    "feature_noise": 0.0,
    "true_model": " m*k_G/L**2*(1+sqrt(1+2*E_n*L**2/(m*k_G**2))*cos(theta1-theta2))",
    "model_size": 78,
    "symbolic_model": "0.35983187*x0*x5*sin(x4 + 15.70796327/(x5 + 1))/x2 - 0.17073528*x4 + 0.97423046 + 0.39449206*x5*sin(x4 + 15.70796327/(x5 + 1))/x2 - 2.1407542*sin(x4 + 15.70796327/(x5 + 3.14159265))/x2 + 2.38481201*(x1**3)**0.5*log(x0)/x2**3",
    "mse_train": 0.5571428276699482,
    "mae_train": 0.4780614328151072,
    "r2_train": 0.8702154698677389,
    "mse_test": 0.5905125996805904,
    "mae_test": 0.48772798035972775,
    "r2_test": 0.8514304085179977
}