{
    "dataset": "feynman_test_2",
    "algorithm": "RILSROLSRegressor",
    "params": {
        "complexity_penalty": 0.001,
        "error_tolerance": 1e-16,
        "max_fit_calls": 1000000,
        "max_seconds": 7200,
        "random_state": 23654
    },
    "random_state": 23654,
    "process_time": 3833.265625,
    "time_time": 3885.368834733963,
    "target_noise": 0.01,
    "feature_noise": 0.0,
    "true_model": " m*k_G/L**2*(1+sqrt(1+2*E_n*L**2/(m*k_G**2))*cos(theta1-theta2))",
    "model_size": 59,
    "symbolic_model": "0.89916321*x0*x1*cos(x4 - x5)/x2**2 + 0.99454112*x0*x1/x2**2 + 0.26928515*x0*cos(x4 - x5)/x2 + 1.12028966*x3*cos(x4 - x5)/(x1 + x2)",
    "mse_train": 0.0012243569365509993,
    "mae_train": 0.026688151441176814,
    "r2_train": 0.9997093977960695,
    "mse_test": 0.0006031618205023181,
    "mae_test": 0.016194626401292368,
    "r2_test": 0.9998515272595688
}