{
    "dataset": "feynman_test_2",
    "algorithm": "RILSROLSRegressor",
    "params": {
        "complexity_penalty": 0.001,
        "error_tolerance": 1e-16,
        "max_fit_calls": 1000000,
        "max_seconds": 7200,
        "random_state": 14423
    },
    "random_state": 14423,
    "process_time": 3064.09375,
    "time_time": 3064.524176597595,
    "target_noise": 0.001,
    "feature_noise": 0.0,
    "true_model": " m*k_G/L**2*(1+sqrt(1+2*E_n*L**2/(m*k_G**2))*cos(theta1-theta2))",
    "model_size": 59,
    "symbolic_model": "0.89842741*x0*x1*cos(x4 - x5)/x2**2 + 1.00091507*x0*x1/x2**2 + 0.23962556*x0*cos(x4 - x5)/x2 + 1.16772712*x3*cos(x4 - x5)/(x1 + x2)",
    "mse_train": 0.0006401248286334992,
    "mae_train": 0.015404806940829236,
    "r2_train": 0.9998346343019593,
    "mse_test": 0.0006392415921516537,
    "mae_test": 0.015247364546774084,
    "r2_test": 0.9998468578373223
}