{
    "dataset": "feynman_test_2",
    "algorithm": "RILSROLSRegressor",
    "params": {
        "complexity_penalty": 0.001,
        "error_tolerance": 1e-16,
        "max_fit_calls": 1000000,
        "max_seconds": 7200,
        "random_state": 29910
    },
    "random_state": 29910,
    "process_time": 3061.96875,
    "time_time": 3063.343893766403,
    "target_noise": 0.1,
    "feature_noise": 0.0,
    "true_model": " m*k_G/L**2*(1+sqrt(1+2*E_n*L**2/(m*k_G**2))*cos(theta1-theta2))",
    "model_size": 56,
    "symbolic_model": "-0.38111574*x0*x1/(0.5 - x2) + 0.8314352*x0*x3**0.5*cos(x4 - x5)/x2 + 1.246358*x1*cos(x4 - x5)/x2**2 - 0.69801609 + 1.47682899/x2",
    "mse_train": 0.10418514352409959,
    "mae_train": 0.2409495502561872,
    "r2_train": 0.974847998583409,
    "mse_test": 0.0440999502176697,
    "mae_test": 0.11677734133733299,
    "r2_test": 0.9893764230883461
}