{
    "dataset": "feynman_III_21_20",
    "algorithm": "RILSROLSRegressor",
    "params": {
        "complexity_penalty": 0.001,
        "error_tolerance": 1e-16,
        "max_fit_calls": 1000000,
        "max_seconds": 7200,
        "random_state": 14423
    },
    "random_state": 14423,
    "process_time": 3498.75,
    "time_time": 3518.6955511569977,
    "target_noise": 0.001,
    "feature_noise": 0.0,
    "true_model": " -rho_c_0*q*A_vec/m",
    "model_size": 12,
    "symbolic_model": "-1.00001799*x0*x1*x2/x3",
    "mse_train": 0.0002080411232847153,
    "mae_train": 0.011456656466619313,
    "r2_train": 0.9999978542639766,
    "mse_test": 7.137508021582933e-08,
    "mae_test": 0.00019464588759420892,
    "r2_test": 0.9999999993102067
}