{
    "dataset": "feynman_III_21_20",
    "algorithm": "RILSROLSRegressor",
    "params": {
        "complexity_penalty": 0.001,
        "error_tolerance": 1e-16,
        "max_fit_calls": 1000000,
        "max_seconds": 7200,
        "random_state": 14423
    },
    "random_state": 14423,
    "process_time": 3303.4375,
    "time_time": 4048.5373828411102,
    "target_noise": 0.01,
    "feature_noise": 0.0,
    "true_model": " -rho_c_0*q*A_vec/m",
    "model_size": 12,
    "symbolic_model": "-1.00017994*x0*x1*x2/x3",
    "mse_train": 0.02080411322818516,
    "mae_train": 0.1145665697041141,
    "r2_train": 0.9997854735899339,
    "mse_test": 7.140682363611587e-06,
    "mae_test": 0.0019468916628035196,
    "r2_test": 0.9999999309899933
}