{
    "dataset": "feynman_III_21_20",
    "algorithm": "RILSROLSRegressor",
    "params": {
        "complexity_penalty": 0.001,
        "error_tolerance": 1e-16,
        "max_fit_calls": 1000000,
        "max_seconds": 7200,
        "random_state": 21962
    },
    "random_state": 21962,
    "process_time": 2448.1875,
    "time_time": 2450.5512416362762,
    "target_noise": 0.001,
    "feature_noise": 0.0,
    "true_model": " -rho_c_0*q*A_vec/m",
    "model_size": 12,
    "symbolic_model": "-0.99991251*x0*x1*x2/x3",
    "mse_train": 0.00021800407410889903,
    "mae_train": 0.011816261898946075,
    "r2_train": 0.999997818028067,
    "mse_test": 1.6663059365843576e-06,
    "mae_test": 0.0009419347910302087,
    "r2_test": 0.9999999836281408
}