{
    "dataset": "feynman_III_21_20",
    "algorithm": "RILSROLSRegressor",
    "params": {
        "complexity_penalty": 0.001,
        "error_tolerance": 1e-16,
        "max_fit_calls": 1000000,
        "max_seconds": 7200,
        "random_state": 16850
    },
    "random_state": 16850,
    "process_time": 1878.296875,
    "time_time": 1878.620569229126,
    "target_noise": 0.001,
    "feature_noise": 0.0,
    "true_model": " -rho_c_0*q*A_vec/m",
    "model_size": 12,
    "symbolic_model": "-0.99999198*x0*x1*x2/x3",
    "mse_train": 0.00023348868883064374,
    "mae_train": 0.012221953423827953,
    "r2_train": 0.9999978113414193,
    "mse_test": 1.3823751241957083e-08,
    "mae_test": 8.620406057622953e-05,
    "r2_test": 0.9999999998609098
}