{
    "dataset": "feynman_II_11_28",
    "algorithm": "RILSROLSRegressor",
    "params": {
        "complexity_penalty": 0.001,
        "error_tolerance": 1e-16,
        "fitness_type": "FitnessType.BIC",
        "initial_sample_size": 0.01,
        "max_fit_calls": 1000000,
        "max_seconds": 7200,
        "random_perturbations_order": false,
        "random_state": 23654,
        "verbose": false
    },
    "random_state": 23654,
    "process_time": 2363.296875,
    "time_time": 2377.924434185028,
    "target_noise": 0.0,
    "feature_noise": 0.0,
    "true_model": " 1+n*alpha/(1-(n*alpha/3))",
    "model_size": 24,
    "symbolic_model": "0.23659157*x0*x1 + 0.4139335*exp(1.27279221*x0*x1) + 0.23659157*sin(x0*x1) + 0.58605524",
    "mse_train": 3.1270573705107676e-10,
    "mae_train": 1.448509768600248e-05,
    "r2_train": 0.9999999963410986,
    "mse_test": 3.1079415515020005e-10,
    "mae_test": 1.4484050003155215e-05,
    "r2_test": 0.9999999963079405
}