{
    "dataset": "feynman_II_11_28",
    "algorithm": "RILSROLSRegressor",
    "params": {
        "complexity_penalty": 0.001,
        "error_tolerance": 1e-16,
        "fitness_type": "FitnessType.BIC",
        "initial_sample_size": 0.01,
        "max_fit_calls": 1000000,
        "max_seconds": 7200,
        "random_perturbations_order": false,
        "random_state": 23654,
        "verbose": false
    },
    "random_state": 23654,
    "process_time": 1929.90625,
    "time_time": 1930.1170389652252,
    "target_noise": 0.001,
    "feature_noise": 0.0,
    "true_model": " 1+n*alpha/(1-(n*alpha/3))",
    "model_size": 17,
    "symbolic_model": "0.99676254*exp(x0*x1) + 0.65282387*sin(cos(x0*x1)) - 0.5458768",
    "mse_train": 1.949824911552514e-06,
    "mae_train": 0.0011167254575633783,
    "r2_train": 0.9999771870709319,
    "mse_test": 1.643081203460311e-07,
    "mae_test": 0.0003381059734562604,
    "r2_test": 0.9999980481120324
}