{
    "dataset": "strogatz_shearflow1",
    "algorithm": "RILSROLSRegressor",
    "params": {
        "complexity_penalty": 0.001,
        "error_tolerance": 1e-16,
        "fitness_type": "FitnessType.BIC",
        "initial_sample_size": 0.01,
        "max_fit_calls": 1000000,
        "max_seconds": 7200,
        "random_perturbations_order": false,
        "random_state": 860,
        "verbose": false
    },
    "random_state": 860,
    "process_time": 2390.609375,
    "time_time": 2390.8265087604523,
    "target_noise": 0.0,
    "feature_noise": 0.0,
    "true_model": " cot(y) * cos(x)",
    "model_size": 32,
    "symbolic_model": "-0.0329477*2**x0 + 0.17937947*x0/x1**2 + 1.35e-5*x1**12 + 0.13856282*x1 + 0.22596409 - 0.18303632/x1",
    "mse_train": 0.3199991909172387,
    "mae_train": 0.10514618796964974,
    "r2_train": 0.041158488845851826,
    "mse_test": 0.9921884194027563,
    "mae_test": 0.2149617840235002,
    "r2_test": -1.3118450301363564
}