{
    "dataset": "strogatz_shearflow1",
    "algorithm": "RILSROLSRegressor",
    "params": {
        "complexity_penalty": 0.001,
        "error_tolerance": 1e-16,
        "fitness_type": "FitnessType.BIC",
        "initial_sample_size": 0.01,
        "max_fit_calls": 1000000,
        "max_seconds": 7200,
        "random_perturbations_order": false,
        "random_state": 15795,
        "verbose": false
    },
    "random_state": 15795,
    "process_time": 2409.96875,
    "time_time": 2410.3154022693634,
    "target_noise": 0.0,
    "feature_noise": 0.0,
    "true_model": " cot(y) * cos(x)",
    "model_size": 31,
    "symbolic_model": "1.368e-5*x1**12 + 0.17670212*x1 + 1.11659212*cos(1/x1) - 0.87733771 - 0.46294915/x1 - 6.03e-6/x1**10",
    "mse_train": 0.599806685458778,
    "mae_train": 0.1010557770283547,
    "r2_train": -1.9307750300836868,
    "mse_test": 809.7596871522527,
    "mae_test": 4.2790587490546494,
    "r2_test": -999.6650071136891
}