{
    "dataset": "strogatz_shearflow1",
    "algorithm": "RILSROLSRegressor",
    "params": {
        "complexity_penalty": 0.001,
        "error_tolerance": 1e-16,
        "fitness_type": "FitnessType.BIC",
        "initial_sample_size": 0.01,
        "max_fit_calls": 1000000,
        "max_seconds": 7200,
        "random_perturbations_order": false,
        "random_state": 21962,
        "verbose": false
    },
    "random_state": 21962,
    "process_time": 2224.203125,
    "time_time": 2224.494987010956,
    "target_noise": 0.0,
    "feature_noise": 0.0,
    "true_model": " cot(y) * cos(x)",
    "model_size": 38,
    "symbolic_model": "-0.01891251*x0*x1 + 7.556e-5*x1**10 + 0.05025526*x1 + 0.09057557 - 0.16307852/(x1 - 1 - 1/x0) - 0.1721049/x1**2",
    "mse_train": 6.625311351628176,
    "mae_train": 0.20663403100665226,
    "r2_train": -15.112564948840053,
    "mse_test": 0.01738084170015142,
    "mae_test": 0.06319094807749165,
    "r2_test": 0.9086689206481793
}