{
    "dataset": "feynman_I_6_2b",
    "algorithm": "RILSROLSRegressor",
    "params": {
        "complexity_penalty": 0.001,
        "error_tolerance": 1e-16,
        "max_fit_calls": 1000000,
        "max_seconds": 7200,
        "random_state": 860
    },
    "random_state": 860,
    "process_time": 2788.765625,
    "time_time": 2789.862382173538,
    "target_noise": 0.001,
    "feature_noise": 0.0,
    "true_model": " exp(-((theta-theta1)/sigma)**2/2)/(sqrt(2*3.1415926535)*sigma)",
    "model_size": 23,
    "symbolic_model": "(-0.17974579*x0*sin((x1 - x2)**2/x0**3) + 0.39744755)/x0",
    "mse_train": 0.00012501503593158097,
    "mae_train": 0.0016980236891270969,
    "r2_train": 0.964798090230402,
    "mse_test": 0.00013006053647866936,
    "mae_test": 0.0016513089079558064,
    "r2_test": 0.9639907113325635
}