{
    "dataset": "feynman_I_6_2b",
    "algorithm": "RILSROLSRegressor",
    "params": {
        "complexity_penalty": 0.001,
        "error_tolerance": 1e-16,
        "max_fit_calls": 1000000,
        "max_seconds": 7200,
        "random_state": 29910
    },
    "random_state": 29910,
    "process_time": 2253.734375,
    "time_time": 2254.047876358032,
    "target_noise": 0.01,
    "feature_noise": 0.0,
    "true_model": " exp(-((theta-theta1)/sigma)**2/2)/(sqrt(2*3.1415926535)*sigma)",
    "model_size": 19,
    "symbolic_model": "(0.34168709*cos((x1 - x2)/x0) + 0.05553076)/x0",
    "mse_train": 3.06103962475484e-05,
    "mae_train": 0.0025467070204813614,
    "r2_train": 0.9913307107390397,
    "mse_test": 2.6702806241900864e-05,
    "mae_test": 0.0017029653428205361,
    "r2_test": 0.9927142647189767
}