{
    "dataset": "feynman_I_6_2b",
    "algorithm": "RILSROLSRegressor",
    "params": {
        "complexity_penalty": 0.001,
        "error_tolerance": 1e-16,
        "max_fit_calls": 1000000,
        "max_seconds": 7200,
        "random_state": 14423
    },
    "random_state": 14423,
    "process_time": 2268.375,
    "time_time": 2268.533834218979,
    "target_noise": 0.001,
    "feature_noise": 0.0,
    "true_model": " exp(-((theta-theta1)/sigma)**2/2)/(sqrt(2*3.1415926535)*sigma)",
    "model_size": 22,
    "symbolic_model": "-0.26599214*sin(log(x0)) + 0.37247251 - 0.11164052*(x1 - x2)**2/x0**2",
    "mse_train": 4.613707231045938e-05,
    "mae_train": 0.004401426782359439,
    "r2_train": 0.9868815743584854,
    "mse_test": 4.7120335607258986e-05,
    "mae_test": 0.004472524515797137,
    "r2_test": 0.987032316722276
}