{
    "dataset": "feynman_I_6_2b",
    "algorithm": "RILSROLSRegressor",
    "params": {
        "complexity_penalty": 0.001,
        "error_tolerance": 1e-16,
        "max_fit_calls": 1000000,
        "max_seconds": 7200,
        "random_state": 4426
    },
    "random_state": 4426,
    "process_time": 2295.90625,
    "time_time": 2296.209731578827,
    "target_noise": 0.001,
    "feature_noise": 0.0,
    "true_model": " exp(-((theta-theta1)/sigma)**2/2)/(sqrt(2*3.1415926535)*sigma)",
    "model_size": 19,
    "symbolic_model": "(0.3238016*cos((x1 - x2)/x0) + 0.07193915)/x0",
    "mse_train": 1.6074532265123336e-05,
    "mae_train": 0.0020651290784910975,
    "r2_train": 0.9955326676909724,
    "mse_test": 1.7044154067859654e-05,
    "mae_test": 0.0020908567521028196,
    "r2_test": 0.9952719707324894
}