{
    "dataset": "feynman_I_6_2b",
    "algorithm": "RILSROLSRegressor",
    "params": {
        "complexity_penalty": 0.001,
        "error_tolerance": 1e-16,
        "max_fit_calls": 1000000,
        "max_seconds": 7200,
        "random_state": 21962
    },
    "random_state": 21962,
    "process_time": 2472.765625,
    "time_time": 2473.7193291187286,
    "target_noise": 0.1,
    "feature_noise": 0.0,
    "true_model": " exp(-((theta-theta1)/sigma)**2/2)/(sqrt(2*3.1415926535)*sigma)",
    "model_size": 19,
    "symbolic_model": "0.08733095 + 0.82422216/(2*(-x1 + x2)**2 + exp(x0))",
    "mse_train": 0.0005082551067210076,
    "mae_train": 0.017667002850521703,
    "r2_train": 0.8759599502378491,
    "mse_test": 9.230701071276558e-05,
    "mae_test": 0.004632685963050651,
    "r2_test": 0.9744181572428614
}