{
    "dataset": "feynman_I_6_2b",
    "algorithm": "RILSROLSRegressor",
    "params": {
        "complexity_penalty": 0.001,
        "error_tolerance": 1e-16,
        "max_fit_calls": 1000000,
        "max_seconds": 7200,
        "random_state": 21962
    },
    "random_state": 21962,
    "process_time": 2181.78125,
    "time_time": 2181.886706352234,
    "target_noise": 0.0,
    "feature_noise": 0.0,
    "true_model": " exp(-((theta-theta1)/sigma)**2/2)/(sqrt(2*3.1415926535)*sigma)",
    "model_size": 20,
    "symbolic_model": "0.3883002/x0 - 0.13779952*(x1 - x2)**2/x0**3",
    "mse_train": 5.104113460140004e-05,
    "mae_train": 0.0042400369700917335,
    "r2_train": 0.9861091862150918,
    "mse_test": 4.981464376893836e-05,
    "mae_test": 0.004232012893217909,
    "r2_test": 0.9861944355682226
}