{
    "dataset": "feynman_I_13_12",
    "algorithm": "RILSROLSRegressor",
    "params": {
        "complexity_penalty": 0.001,
        "error_tolerance": 1e-16,
        "max_fit_calls": 1000000,
        "max_seconds": 7200,
        "random_state": 5390
    },
    "random_state": 5390,
    "process_time": 4067.46875,
    "time_time": 4068.988972425461,
    "target_noise": 0.1,
    "feature_noise": 0.0,
    "true_model": " G*m1*m2*(1/r2-1/r1)",
    "model_size": 36,
    "symbolic_model": "x0*x1*x4*(0.57640678*x2*log(x2*sin(1/x3))*sin(1/x3) + 0.40271246*log(x2/x3))/x2",
    "mse_train": 1.1682577062807789,
    "mae_train": 0.8222227545996426,
    "r2_train": 0.9862509434843691,
    "mse_test": 0.31248626185635364,
    "mae_test": 0.2635171182582716,
    "r2_test": 0.9962079719248569
}