{
    "dataset": "feynman_I_13_12",
    "algorithm": "RILSROLSRegressor",
    "params": {
        "complexity_penalty": 0.001,
        "error_tolerance": 1e-16,
        "max_fit_calls": 1000000,
        "max_seconds": 7200,
        "random_state": 860
    },
    "random_state": 860,
    "process_time": 5590.015625,
    "time_time": 5679.651256322861,
    "target_noise": 0.001,
    "feature_noise": 0.0,
    "true_model": " G*m1*m2*(1/r2-1/r1)",
    "model_size": 24,
    "symbolic_model": "0.99971217*x0*x1*x4/x3 - 0.99992102*x0*x1*x4/x2",
    "mse_train": 9.08668199582942e-05,
    "mae_train": 0.007586194377677826,
    "r2_train": 0.9999988515630014,
    "mse_test": 1.1276453558171975e-05,
    "mae_test": 0.0022500113281249292,
    "r2_test": 0.999999866883153
}