{
    "dataset": "feynman_I_13_12",
    "algorithm": "RILSROLSRegressor",
    "params": {
        "complexity_penalty": 0.001,
        "error_tolerance": 1e-16,
        "max_fit_calls": 1000000,
        "max_seconds": 7200,
        "random_state": 5390
    },
    "random_state": 5390,
    "process_time": 3732.625,
    "time_time": 3733.6487789154053,
    "target_noise": 0.001,
    "feature_noise": 0.0,
    "true_model": " G*m1*m2*(1/r2-1/r1)",
    "model_size": 24,
    "symbolic_model": "0.99988227*x0*x1*x4/x3 - 0.99987403*x0*x1*x4/x2",
    "mse_train": 8.572038409583812e-05,
    "mae_train": 0.007385019957906556,
    "r2_train": 0.9999989799877312,
    "mse_test": 1.2411549004429832e-06,
    "mae_test": 0.0006760920175767472,
    "r2_test": 0.9999999849385564
}