{
    "dataset": "feynman_I_13_12",
    "algorithm": "RILSROLSRegressor",
    "params": {
        "complexity_penalty": 0.001,
        "error_tolerance": 1e-16,
        "max_fit_calls": 1000000,
        "max_seconds": 7200,
        "random_state": 16850
    },
    "random_state": 16850,
    "process_time": 2092.21875,
    "time_time": 2092.245348215103,
    "target_noise": 0.0,
    "feature_noise": 0.0,
    "true_model": " G*m1*m2*(1/r2-1/r1)",
    "model_size": 20,
    "symbolic_model": "x0*x1*x4*(x2 - x3)/(x2*x3)",
    "mse_train": 1.1346527698862144e-29,
    "mae_train": 1.856998658577441e-15,
    "r2_train": 1.0,
    "mse_test": 1.1807224730505584e-29,
    "mae_test": 1.8984377156243406e-15,
    "r2_test": 1.0
}