{
    "dataset": "feynman_test_11",
    "algorithm": "RILSROLSRegressor",
    "params": {
        "complexity_penalty": 0.001,
        "error_tolerance": 1e-16,
        "max_fit_calls": 1000000,
        "max_seconds": 7200,
        "random_state": 860
    },
    "random_state": 860,
    "process_time": 3318.734375,
    "time_time": 3353.723820209503,
    "target_noise": 0.01,
    "feature_noise": 0.0,
    "true_model": " I_0*(sin(alpha/2)*sin(n*delta/2)/(alpha/2*sin(delta/2)))**2",
    "model_size": 58,
    "symbolic_model": "-0.73888958*x0*x1/x2 - 0.35779528*x0*x2*x3**2 + 0.05230578*x0*x2 + 1.88789222*x0*x3 + 0.73672709*x0*x3/x2 + 0.07040633*x2**2 - 0.90995498 + 0.25781803*x1/x0",
    "mse_train": 0.023996231523383812,
    "mae_train": 0.09831089165612997,
    "r2_train": 0.9783956692174807,
    "mse_test": 0.02302890264202737,
    "mae_test": 0.09547634247051816,
    "r2_test": 0.9789475422685316
}