{
    "dataset": "feynman_test_11",
    "algorithm": "RILSROLSRegressor",
    "params": {
        "complexity_penalty": 0.001,
        "error_tolerance": 1e-16,
        "max_fit_calls": 1000000,
        "max_seconds": 7200,
        "random_state": 5390
    },
    "random_state": 5390,
    "process_time": 3129.28125,
    "time_time": 3131.695290327072,
    "target_noise": 0.001,
    "feature_noise": 0.0,
    "true_model": " I_0*(sin(alpha/2)*sin(n*delta/2)/(alpha/2*sin(delta/2)))**2",
    "model_size": 46,
    "symbolic_model": "-0.13316356*x0*x1**2*x3/(x2 + 0.5) + 0.57950925*x0*sin(0.21233289*x2*exp(x3)) + 1.63464822*x0*x3/x2 - 0.83362964*x0/x2",
    "mse_train": 0.01678554737417446,
    "mae_train": 0.08475381648270941,
    "r2_train": 0.9844005613210786,
    "mse_test": 0.015441758698386543,
    "mae_test": 0.08297466430874993,
    "r2_test": 0.9856909016455118
}