{
    "dataset": "feynman_test_11",
    "algorithm": "RILSROLSRegressor",
    "params": {
        "complexity_penalty": 0.001,
        "error_tolerance": 1e-16,
        "max_fit_calls": 1000000,
        "max_seconds": 7200,
        "random_state": 23654
    },
    "random_state": 23654,
    "process_time": 3194.4375,
    "time_time": 3198.9657287597656,
    "target_noise": 0.01,
    "feature_noise": 0.0,
    "true_model": " I_0*(sin(alpha/2)*sin(n*delta/2)/(alpha/2*sin(delta/2)))**2",
    "model_size": 57,
    "symbolic_model": "-0.59676905*2**x3*x0*x2/(x1 + 1) + 6.09233628*x0*x3/(x1 + 1) - 1.79146842*x0/(log(x1) + 1) + 4.48430197*x0*log(x2)*cos(x3)/(x1 + 1/x3)",
    "mse_train": 0.007845684220339164,
    "mae_train": 0.06001848248276512,
    "r2_train": 0.992842144300317,
    "mse_test": 0.0072878396519443596,
    "mae_test": 0.05674256234193984,
    "r2_test": 0.9930653931840507
}