{
    "dataset": "feynman_test_11",
    "algorithm": "RILSROLSRegressor",
    "params": {
        "complexity_penalty": 0.001,
        "error_tolerance": 1e-16,
        "max_fit_calls": 1000000,
        "max_seconds": 7200,
        "random_state": 4426
    },
    "random_state": 4426,
    "process_time": 3121.4375,
    "time_time": 3121.572964668274,
    "target_noise": 0.0,
    "feature_noise": 0.0,
    "true_model": " I_0*(sin(alpha/2)*sin(n*delta/2)/(alpha/2*sin(delta/2)))**2",
    "model_size": 43,
    "symbolic_model": "2.95702023*x0*x3/(x2*(x1 + x2)) - 1.04844961*x0*sin(x1)*cos(x2*x3)/x2 - 0.68372253*x3 - 0.15149955*sin(x2) + 1.16594839",
    "mse_train": 0.013428538935878595,
    "mae_train": 0.0836203573851617,
    "r2_train": 0.987677958710013,
    "mse_test": 0.012887678775635689,
    "mae_test": 0.08257167692925604,
    "r2_test": 0.988050483201085
}