{
    "dataset": "feynman_I_18_4",
    "algorithm": "RILSROLSRegressor",
    "params": {
        "complexity_penalty": 0.001,
        "error_tolerance": 1e-16,
        "max_fit_calls": 1000000,
        "max_seconds": 7200,
        "random_state": 5390
    },
    "random_state": 5390,
    "process_time": 3216.6875,
    "time_time": 3284.1278483867645,
    "target_noise": 0.001,
    "feature_noise": 0.0,
    "true_model": " (m1*r1+m2*r2)/(m1+m2)",
    "model_size": 28,
    "symbolic_model": "x2/(1 + x1/x0) + x3 - x3/(1 + x1/x0)",
    "mse_train": 9.796775935338872e-06,
    "mae_train": 0.0024993188651673747,
    "r2_train": 0.9999862048752386,
    "mse_test": 3.7866112311513787e-31,
    "mae_test": 4.385114493743458e-16,
    "r2_test": 1.0
}