{
    "dataset": "feynman_I_18_4",
    "algorithm": "RILSROLSRegressor",
    "params": {
        "complexity_penalty": 0.001,
        "error_tolerance": 1e-16,
        "max_fit_calls": 1000000,
        "max_seconds": 7200,
        "random_state": 21962
    },
    "random_state": 21962,
    "process_time": 2923.53125,
    "time_time": 2924.2919034957886,
    "target_noise": 0.01,
    "feature_noise": 0.0,
    "true_model": " (m1*r1+m2*r2)/(m1+m2)",
    "model_size": 45,
    "symbolic_model": "-0.89859778*x1*x2/(x0 + x1 + x1*x3/x2) + 0.9315905*x1*x3*sin(1/(x0 + x1*x2/x3 + x1)) + 0.99022913*x2",
    "mse_train": 0.0013662584255059343,
    "mae_train": 0.029019012327370034,
    "r2_train": 0.9980699040317481,
    "mse_test": 0.0004155948682886953,
    "mae_test": 0.013754070495900234,
    "r2_test": 0.999429766959543
}