{
    "dataset": "feynman_I_18_4",
    "algorithm": "RILSROLSRegressor",
    "params": {
        "complexity_penalty": 0.001,
        "error_tolerance": 1e-16,
        "max_fit_calls": 1000000,
        "max_seconds": 7200,
        "random_state": 860
    },
    "random_state": 860,
    "process_time": 2667.578125,
    "time_time": 2674.868548631668,
    "target_noise": 0.1,
    "feature_noise": 0.0,
    "true_model": " (m1*r1+m2*r2)/(m1+m2)",
    "model_size": 30,
    "symbolic_model": "0.27766335*x1*log(x0/x1)*sin(log(x2/(x3 + cos(x0)))) + 0.56295537*x2 + 0.43474268*x3",
    "mse_train": 0.12245474745160399,
    "mae_train": 0.27925661232806487,
    "r2_train": 0.8508774947932805,
    "mse_test": 0.022688301166217367,
    "mae_test": 0.11239604204990644,
    "r2_test": 0.968606607832525
}