{
    "dataset": "feynman_I_18_4",
    "algorithm": "RILSROLSRegressor",
    "params": {
        "complexity_penalty": 0.001,
        "error_tolerance": 1e-16,
        "max_fit_calls": 1000000,
        "max_seconds": 7200,
        "random_state": 860
    },
    "random_state": 860,
    "process_time": 2348.203125,
    "time_time": 2348.556945323944,
    "target_noise": 0.001,
    "feature_noise": 0.0,
    "true_model": " (m1*r1+m2*r2)/(m1+m2)",
    "model_size": 28,
    "symbolic_model": "x2/(1 + x1/x0) + x3 - x3/(1 + x1/x0)",
    "mse_train": 9.936988391739233e-06,
    "mae_train": 0.0025232720299050598,
    "r2_train": 0.9999862048871394,
    "mse_test": 3.7967086507382077e-31,
    "mae_test": 4.405364961712621e-16,
    "r2_test": 1.0
}