{
    "dataset": "feynman_I_18_4",
    "algorithm": "RILSROLSRegressor",
    "params": {
        "complexity_penalty": 0.001,
        "error_tolerance": 1e-16,
        "max_fit_calls": 1000000,
        "max_seconds": 7200,
        "random_state": 16850
    },
    "random_state": 16850,
    "process_time": 2608.453125,
    "time_time": 2609.5980410575867,
    "target_noise": 0.1,
    "feature_noise": 0.0,
    "true_model": " (m1*r1+m2*r2)/(m1+m2)",
    "model_size": 41,
    "symbolic_model": "1.07164033*x2/(x1 + 1) + 0.63601748*(x0*x2 + x1*x3**2*sin(1/x0))**0.5 - 0.60647088 - 0.02948606/(x1 - x3)",
    "mse_train": 0.555012458178234,
    "mae_train": 0.3589057215081365,
    "r2_train": 0.31700507191397065,
    "mse_test": 4.367028042688413,
    "mae_test": 0.24885726956321869,
    "r2_test": -5.037176192830604
}