{
    "dataset": "feynman_I_18_4",
    "algorithm": "RILSROLSRegressor",
    "params": {
        "complexity_penalty": 0.001,
        "error_tolerance": 1e-16,
        "max_fit_calls": 1000000,
        "max_seconds": 7200,
        "random_state": 15795
    },
    "random_state": 15795,
    "process_time": 2674.3125,
    "time_time": 2674.62203168869,
    "target_noise": 0.001,
    "feature_noise": 0.0,
    "true_model": " (m1*r1+m2*r2)/(m1+m2)",
    "model_size": 30,
    "symbolic_model": "-0.23242786*x2*log(x1/x0) + 0.49972572*x2 + 0.23253791*x3*log(x1/x0) + 0.49972572*x3",
    "mse_train": 0.00012916398457935198,
    "mae_train": 0.007285687689634468,
    "r2_train": 0.9998192947071401,
    "mse_test": 0.00011309744372200421,
    "mae_test": 0.006583536194388544,
    "r2_test": 0.999843755523711
}