{
    "dataset": "feynman_I_18_4",
    "algorithm": "RILSROLSRegressor",
    "params": {
        "complexity_penalty": 0.001,
        "error_tolerance": 1e-16,
        "max_fit_calls": 1000000,
        "max_seconds": 7200,
        "random_state": 860
    },
    "random_state": 860,
    "process_time": 2801.65625,
    "time_time": 3130.3080022335052,
    "target_noise": 0.01,
    "feature_noise": 0.0,
    "true_model": " (m1*r1+m2*r2)/(m1+m2)",
    "model_size": 30,
    "symbolic_model": "0.23648915*x2*log(x0/x1) + 0.50354966*x2 - 0.23549112*x3*log(x0/x1) + 0.49777363*x3",
    "mse_train": 0.0011765040223962174,
    "mae_train": 0.02715664596235623,
    "r2_train": 0.9983692416656119,
    "mse_test": 0.0001705675238596033,
    "mae_test": 0.008223327953204863,
    "r2_test": 0.9997639888007335
}