{
    "dataset": "feynman_II_6_15a",
    "algorithm": "RILSROLSRegressor",
    "params": {
        "complexity_penalty": 0.001,
        "error_tolerance": 1e-16,
        "max_fit_calls": 1000000,
        "max_seconds": 7200,
        "random_state": 4426
    },
    "random_state": 4426,
    "process_time": 3182.5,
    "time_time": 3185.652578830719,
    "target_noise": 0.001,
    "feature_noise": 0.0,
    "true_model": " p_d/(4*3.1415926535*epsilon)*3*z/r**5*sqrt(x**2+y**2)",
    "model_size": 52,
    "symbolic_model": "-0.00783478 - 93.54933677*sin(x3)**x0/(x4 + exp(x2))**4 + 0.06356013*x3*x4*x5/(x0*x2**4) + 0.15568018*(x1/x2 + x5)**2/(x0*x2**4)",
    "mse_train": 0.0025765083565482804,
    "mae_train": 0.022340036115786766,
    "r2_train": 0.9813284741180974,
    "mse_test": 0.002621639253422934,
    "mae_test": 0.022338218560927325,
    "r2_test": 0.9817325823819324
}