{
    "dataset": "feynman_II_6_15a",
    "algorithm": "RILSROLSRegressor",
    "params": {
        "complexity_penalty": 0.001,
        "error_tolerance": 1e-16,
        "max_fit_calls": 1000000,
        "max_seconds": 7200,
        "random_state": 23654
    },
    "random_state": 23654,
    "process_time": 3155.3125,
    "time_time": 3157.3360002040863,
    "target_noise": 0.001,
    "feature_noise": 0.0,
    "true_model": " p_d/(4*3.1415926535*epsilon)*3*z/r**5*sqrt(x**2+y**2)",
    "model_size": 44,
    "symbolic_model": "x1*x5*(0.45029691*x3*log(1 + log(1/log(x2 + 0.54030231))/x2)**2 + 0.06807763*x4*log(log(1/log(x2)) + 1)**2)/x0",
    "mse_train": 0.0011558722830167182,
    "mae_train": 0.01349679056737302,
    "r2_train": 0.9925556846633897,
    "mse_test": 0.0009161917772194581,
    "mae_test": 0.013263287966961908,
    "r2_test": 0.9932170631183674
}