{
    "dataset": "feynman_II_6_15a",
    "algorithm": "RILSROLSRegressor",
    "params": {
        "complexity_penalty": 0.001,
        "error_tolerance": 1e-16,
        "max_fit_calls": 1000000,
        "max_seconds": 7200,
        "random_state": 28020
    },
    "random_state": 28020,
    "process_time": 3640.171875,
    "time_time": 5030.618057489395,
    "target_noise": 0.01,
    "feature_noise": 0.0,
    "true_model": " p_d/(4*3.1415926535*epsilon)*3*z/r**5*sqrt(x**2+y**2)",
    "model_size": 20,
    "symbolic_model": "x1*x5*(0.17898523*x3 + 0.16528975*x4)/(x0*x2**5)",
    "mse_train": 0.00012751014120779936,
    "mae_train": 0.00591991872319526,
    "r2_train": 0.9991139844456949,
    "mse_test": 0.00010786981613575204,
    "mae_test": 0.003642301014680353,
    "r2_test": 0.9992363923684182
}