{
    "dataset": "feynman_II_6_15a",
    "algorithm": "RILSROLSRegressor",
    "params": {
        "complexity_penalty": 0.001,
        "error_tolerance": 1e-16,
        "max_fit_calls": 1000000,
        "max_seconds": 7200,
        "random_state": 14423
    },
    "random_state": 14423,
    "process_time": 2239.46875,
    "time_time": 2239.7682881355286,
    "target_noise": 0.01,
    "feature_noise": 0.0,
    "true_model": " p_d/(4*3.1415926535*epsilon)*3*z/r**5*sqrt(x**2+y**2)",
    "model_size": 18,
    "symbolic_model": "0.17374452*x1*x5*(x3 + x4)/(x0*x2**5)",
    "mse_train": 0.000140930371818726,
    "mae_train": 0.006482755064110814,
    "r2_train": 0.9990541533332012,
    "mse_test": 0.00011235320504939344,
    "mae_test": 0.004097701768866979,
    "r2_test": 0.9992103521790844
}