{
    "dataset": "feynman_II_6_15a",
    "algorithm": "RILSROLSRegressor",
    "params": {
        "complexity_penalty": 0.001,
        "error_tolerance": 1e-16,
        "max_fit_calls": 1000000,
        "max_seconds": 7200,
        "random_state": 4426
    },
    "random_state": 4426,
    "process_time": 3153.796875,
    "time_time": 3167.179984807968,
    "target_noise": 0.1,
    "feature_noise": 0.0,
    "true_model": " p_d/(4*3.1415926535*epsilon)*3*z/r**5*sqrt(x**2+y**2)",
    "model_size": 24,
    "symbolic_model": "0.04232071*(x3 + x4)*(x1/x2 + x5)**2/(x0*x2**4)",
    "mse_train": 0.0024680612346584005,
    "mae_train": 0.03789671842150534,
    "r2_train": 0.9822849682878922,
    "mse_test": 0.0007704222803253993,
    "mae_test": 0.012308338772307028,
    "r2_test": 0.9946317459510904
}