{
    "dataset": "feynman_II_6_15a",
    "algorithm": "RILSROLSRegressor",
    "params": {
        "complexity_penalty": 0.001,
        "error_tolerance": 1e-16,
        "max_fit_calls": 1000000,
        "max_seconds": 7200,
        "random_state": 4426
    },
    "random_state": 4426,
    "process_time": 3107.265625,
    "time_time": 3107.4444324970245,
    "target_noise": 0.0,
    "feature_noise": 0.0,
    "true_model": " p_d/(4*3.1415926535*epsilon)*3*z/r**5*sqrt(x**2+y**2)",
    "model_size": 52,
    "symbolic_model": "-0.00778402 - 93.51573376*sin(x3)**x0/(x4 + exp(x2))**4 + 0.06354726*x3*x4*x5/(x0*x2**4) + 0.15565609*(x1/x2 + x5)**2/(x0*x2**4)",
    "mse_train": 0.002575686108047444,
    "mae_train": 0.02232372461364865,
    "r2_train": 0.9813349801140329,
    "mse_test": 0.002621039824334922,
    "mae_test": 0.02232931757156913,
    "r2_test": 0.9817367591661597
}