{
    "dataset": "feynman_II_6_15a",
    "algorithm": "RILSROLSRegressor",
    "params": {
        "complexity_penalty": 0.001,
        "error_tolerance": 1e-16,
        "max_fit_calls": 1000000,
        "max_seconds": 7200,
        "random_state": 28020
    },
    "random_state": 28020,
    "process_time": 2501.28125,
    "time_time": 2501.514921426773,
    "target_noise": 0.001,
    "feature_noise": 0.0,
    "true_model": " p_d/(4*3.1415926535*epsilon)*3*z/r**5*sqrt(x**2+y**2)",
    "model_size": 20,
    "symbolic_model": "x1*x5*(0.17853061*x3 + 0.16552898*x4)/(x0*x2**5)",
    "mse_train": 0.00010932358840154995,
    "mae_train": 0.0037532960670941307,
    "r2_train": 0.9992402117518053,
    "mse_test": 0.00010699854919213287,
    "mae_test": 0.0035981842892324743,
    "r2_test": 0.9992425600445219
}