{
    "dataset": "feynman_II_13_34",
    "algorithm": "RILSROLSRegressor",
    "params": {
        "complexity_penalty": 0.001,
        "error_tolerance": 1e-16,
        "fitness_type": "FitnessType.BIC",
        "initial_sample_size": 0.01,
        "max_fit_calls": 1000000,
        "max_seconds": 7200,
        "random_perturbations_order": false,
        "random_state": 15795,
        "verbose": false
    },
    "random_state": 15795,
    "process_time": 2602.53125,
    "time_time": 2602.6998484134674,
    "target_noise": 0.0,
    "feature_noise": 0.0,
    "true_model": " rho_c_0*v/sqrt(1-v**2/c**2)",
    "model_size": 47,
    "symbolic_model": "-0.25885748*x0*x1**2/(x1 + x2) - 0.28971713*x0*x1**2/(x1 - 1.1*x2) + 0.99940758*x0*x1 + 0.00037195*sin(x2/x1) + 0.00011272",
    "mse_train": 3.355716792723902e-08,
    "mae_train": 0.0001414860761810109,
    "r2_train": 0.9999999924602636,
    "mse_test": 3.3828893616876785e-08,
    "mae_test": 0.0001414086947730138,
    "r2_test": 0.9999999923334352
}