{
    "dataset": "feynman_II_13_34",
    "algorithm": "RILSROLSRegressor",
    "params": {
        "complexity_penalty": 0.001,
        "error_tolerance": 1e-16,
        "fitness_type": "FitnessType.BIC",
        "initial_sample_size": 0.01,
        "max_fit_calls": 1000000,
        "max_seconds": 7200,
        "random_perturbations_order": false,
        "random_state": 28020,
        "verbose": false
    },
    "random_state": 28020,
    "process_time": 2913.28125,
    "time_time": 2913.768916130066,
    "target_noise": 0.0,
    "feature_noise": 0.0,
    "true_model": " rho_c_0*v/sqrt(1-v**2/c**2)",
    "model_size": 41,
    "symbolic_model": "0.25791948*x0*x1**3*sin((-0.47942554*x1 + x2)**(-2)) - 0.04766351*x0*x1**2/(x1 - x2) + 0.99608895*x0*x1 + 0.00040202",
    "mse_train": 7.139610962782104e-07,
    "mae_train": 0.00048791106648674856,
    "r2_train": 0.9999998396054469,
    "mse_test": 8.071519622199413e-07,
    "mae_test": 0.0004983771449101893,
    "r2_test": 0.9999998186524673
}