{
    "dataset": "feynman_II_13_34",
    "algorithm": "RILSROLSRegressor",
    "params": {
        "complexity_penalty": 0.001,
        "error_tolerance": 1e-16,
        "fitness_type": "FitnessType.BIC",
        "initial_sample_size": 0.01,
        "max_fit_calls": 1000000,
        "max_seconds": 7200,
        "random_perturbations_order": false,
        "random_state": 23654,
        "verbose": false
    },
    "random_state": 23654,
    "process_time": 2450.984375,
    "time_time": 2451.1995482444763,
    "target_noise": 0.001,
    "feature_noise": 0.0,
    "true_model": " rho_c_0*v/sqrt(1-v**2/c**2)",
    "model_size": 22,
    "symbolic_model": "0.40276815*x0*x1**3/(-0.38197186*x1 + x2)**2 + 1.00150424*x0*x1",
    "mse_train": 4.21290532468608e-05,
    "mae_train": 0.004678939617241746,
    "r2_train": 0.9999906233778646,
    "mse_test": 1.725223986748968e-05,
    "mae_test": 0.0018850211590475067,
    "r2_test": 0.9999961226824355
}