{
    "dataset": "feynman_II_13_34",
    "algorithm": "RILSROLSRegressor",
    "params": {
        "complexity_penalty": 0.001,
        "error_tolerance": 1e-16,
        "fitness_type": "FitnessType.BIC",
        "initial_sample_size": 0.01,
        "max_fit_calls": 1000000,
        "max_seconds": 7200,
        "random_perturbations_order": false,
        "random_state": 5390,
        "verbose": false
    },
    "random_state": 5390,
    "process_time": 2701.609375,
    "time_time": 2701.797345638275,
    "target_noise": 0.0,
    "feature_noise": 0.0,
    "true_model": " rho_c_0*v/sqrt(1-v**2/c**2)",
    "model_size": 42,
    "symbolic_model": "0.51121159*x0*x1**3/((-0.9*x1 + x2)*(x1 + x2)) + 0.99981701*x0*x1 - 0.00013726 + 8.16e-6*(x2**2 + 1)/x1**2",
    "mse_train": 3.2329677682370495e-08,
    "mae_train": 5.969437180320898e-05,
    "r2_train": 0.9999999926777706,
    "mse_test": 2.7192614696510074e-08,
    "mae_test": 5.669577441441017e-05,
    "r2_test": 0.9999999938495919
}