{
    "dataset": "feynman_II_34_29b",
    "algorithm": "RILSROLSRegressor",
    "params": {
        "complexity_penalty": 0.001,
        "error_tolerance": 1e-16,
        "fitness_type": "FitnessType.BIC",
        "initial_sample_size": 0.01,
        "max_fit_calls": 1000000,
        "max_seconds": 7200,
        "random_perturbations_order": false,
        "random_state": 23654,
        "verbose": false
    },
    "random_state": 23654,
    "process_time": 2127.0625,
    "time_time": 2127.275412797928,
    "target_noise": 0.001,
    "feature_noise": 0.0,
    "true_model": " g_*mom*B*Jz/(h/(2*3.1415926535))",
    "model_size": 14,
    "symbolic_model": "6.28287077*x0*x2*x3*x4/x1",
    "mse_train": 0.08941269387419082,
    "mae_train": 0.23912819901843826,
    "r2_train": 0.9999981393645263,
    "mse_test": 0.00022503917983289305,
    "mae_test": 0.010227202217202809,
    "r2_test": 0.999999995317703
}