{
    "dataset": "feynman_I_8_14",
    "algorithm": "RILSROLSRegressor",
    "params": {
        "complexity_penalty": 0.001,
        "error_tolerance": 1e-16,
        "max_fit_calls": 1000000,
        "max_seconds": 7200,
        "random_state": 29910
    },
    "random_state": 29910,
    "process_time": 3326.09375,
    "time_time": 3326.9049718379974,
    "target_noise": 0.01,
    "feature_noise": 0.0,
    "true_model": " sqrt((x2-x1)**2+(y2-y1)**2)",
    "model_size": 52,
    "symbolic_model": "2.81064985*x0*sin(1/(x1 + 1/x1)) - 1.30826454*sin(0.71440067*x2 - 0.71440067*x3 + 7.85840735) - 3.36350769*cos(x1*sin(1/(x0 + 1)) + sin(1/(x0 + log(x1/x0)))) + 1.3286607",
    "mse_train": 0.05541179795830898,
    "mae_train": 0.1740465665576046,
    "r2_train": 0.9443542663885891,
    "mse_test": 0.053654032464065395,
    "mae_test": 0.17126382709230456,
    "r2_test": 0.9457377285192974
}