{
    "dataset": "feynman_I_8_14",
    "algorithm": "RILSROLSRegressor",
    "params": {
        "complexity_penalty": 0.001,
        "error_tolerance": 1e-16,
        "max_fit_calls": 1000000,
        "max_seconds": 7200,
        "random_state": 28020
    },
    "random_state": 28020,
    "process_time": 4606.328125,
    "time_time": 4619.273191213608,
    "target_noise": 0.01,
    "feature_noise": 0.0,
    "true_model": " sqrt((x2-x1)**2+(y2-y1)**2)",
    "model_size": 83,
    "symbolic_model": "1.04195979*x0*sin(x0*sin(1/x0) + x1*sin(1/x0) + 1)**2 + 6.16218332*x2/x3 - 7.64396808*x2/x3**2 - 3.63573781*x3*sin(log(1/(1 + x3/x2))) - 3.05513128*x3 + 5.95874157*(x2/x3**7)**0.5 + 0.55444516*(x1*x2/x0)**0.5 - 1.91964666",
    "mse_train": 0.1138584815928123,
    "mae_train": 0.23804558347714852,
    "r2_train": 0.883129962896951,
    "mse_test": 0.11526391951055985,
    "mae_test": 0.24088123829331737,
    "r2_test": 0.8834110751981508
}