{
    "dataset": "feynman_I_8_14",
    "algorithm": "RILSROLSRegressor",
    "params": {
        "complexity_penalty": 0.001,
        "error_tolerance": 1e-16,
        "max_fit_calls": 1000000,
        "max_seconds": 7200,
        "random_state": 5390
    },
    "random_state": 5390,
    "process_time": 2573.671875,
    "time_time": 2573.6820352077484,
    "target_noise": 0.0,
    "feature_noise": 0.0,
    "true_model": " sqrt((x2-x1)**2+(y2-y1)**2)",
    "model_size": 41,
    "symbolic_model": "0.04511149*x2 + 0.40677065*(x0 - x1)**2/((x0 - x1)**2)**0.25 - 1.08265058*cos(0.83184312*((x2 - x3)**2)**0.5) + 1.59361785",
    "mse_train": 0.04085980599233138,
    "mae_train": 0.14670269337191066,
    "r2_train": 0.9586863097220859,
    "mse_test": 0.04082784876139228,
    "mae_test": 0.14736752205455136,
    "r2_test": 0.9585394855314207
}