{
    "dataset": "feynman_II_6_15a",
    "algorithm": "RILSROLSRegressor",
    "params": {
        "complexity_penalty": 0.001,
        "error_tolerance": 1e-16,
        "fitness_type": "FitnessType.BIC",
        "initial_sample_size": 0.01,
        "max_fit_calls": 1000000,
        "max_seconds": 7200,
        "random_perturbations_order": false,
        "random_state": 15795,
        "verbose": false
    },
    "random_state": 15795,
    "process_time": 3494.0,
    "time_time": 3494.419513940811,
    "target_noise": 0.001,
    "feature_noise": 0.0,
    "true_model": " p_d/(4*3.1415926535*epsilon)*3*z/r**5*sqrt(x**2+y**2)",
    "model_size": 32,
    "symbolic_model": "x1*x5*(0.13609357*x3 + 0.19623081*x4 + 0.02208351*(x3 - 0.9*x4 + 0.5)**2)/(x0*x2**5)",
    "mse_train": 1.7640753378223982e-06,
    "mae_train": 0.0005991040789067797,
    "r2_train": 0.9999881535785704,
    "mse_test": 1.6215130518343326e-06,
    "mae_test": 0.0003705002734302484,
    "r2_test": 0.9999886410534082
}