{
    "dataset": "feynman_III_17_37",
    "algorithm": "RILSROLSRegressor",
    "params": {
        "complexity_penalty": 0.001,
        "error_tolerance": 1e-16,
        "max_fit_calls": 1000000,
        "max_seconds": 7200,
        "random_state": 23654
    },
    "random_state": 23654,
    "process_time": 8.890625,
    "time_time": 8.894040822982788,
    "target_noise": 0.0,
    "feature_noise": 0.0,
    "true_model": " beta*(1+alpha*cos(theta))",
    "model_size": 9,
    "symbolic_model": "x0*(x1*cos(x2) + 1)",
    "mse_train": 1.0777546619301874e-29,
    "mae_train": 1.6469383799441739e-15,
    "r2_train": 1.0,
    "mse_test": 1.0446618036573977e-29,
    "mae_test": 1.636801174199204e-15,
    "r2_test": 1.0
}