{
    "dataset": "feynman_III_17_37",
    "algorithm": "RILSROLSRegressor",
    "params": {
        "complexity_penalty": 0.001,
        "error_tolerance": 1e-16,
        "max_fit_calls": 1000000,
        "max_seconds": 7200,
        "random_state": 860
    },
    "random_state": 860,
    "process_time": 2119.21875,
    "time_time": 2119.633061647415,
    "target_noise": 0.01,
    "feature_noise": 0.0,
    "true_model": " beta*(1+alpha*cos(theta))",
    "model_size": 9,
    "symbolic_model": "x0*(x1*cos(x2) + 1)",
    "mse_train": 0.0026729031203086184,
    "mae_train": 0.041383602259061965,
    "r2_train": 0.9998935326173323,
    "mse_test": 1.0588194998567201e-29,
    "mae_test": 1.6419840042757732e-15,
    "r2_test": 1.0
}