{
    "dataset": "feynman_III_17_37",
    "algorithm": "RILSROLSRegressor",
    "params": {
        "complexity_penalty": 0.001,
        "error_tolerance": 1e-16,
        "max_fit_calls": 1000000,
        "max_seconds": 7200,
        "random_state": 29910
    },
    "random_state": 29910,
    "process_time": 2553.046875,
    "time_time": 2554.00559592247,
    "target_noise": 0.01,
    "feature_noise": 0.0,
    "true_model": " beta*(1+alpha*cos(theta))",
    "model_size": 9,
    "symbolic_model": "x0*(x1*cos(x2) + 1)",
    "mse_train": 0.002746767159104941,
    "mae_train": 0.04190316862140745,
    "r2_train": 0.9998921068743583,
    "mse_test": 1.0676000910158801e-29,
    "mae_test": 1.6515353288507757e-15,
    "r2_test": 1.0
}