{
    "dataset": "feynman_III_17_37",
    "algorithm": "RILSROLSRegressor",
    "params": {
        "complexity_penalty": 0.001,
        "error_tolerance": 1e-16,
        "max_fit_calls": 1000000,
        "max_seconds": 7200,
        "random_state": 16850
    },
    "random_state": 16850,
    "process_time": 2105.3125,
    "time_time": 2105.606137752533,
    "target_noise": 0.001,
    "feature_noise": 0.0,
    "true_model": " beta*(1+alpha*cos(theta))",
    "model_size": 9,
    "symbolic_model": "x0*(x1*cos(x2) + 1)",
    "mse_train": 2.7298757904722863e-05,
    "mae_train": 0.004178797958958144,
    "r2_train": 0.9999989234485782,
    "mse_test": 1.0195068691112604e-29,
    "mae_test": 1.6392528976480296e-15,
    "r2_test": 1.0
}