{
    "dataset": "feynman_III_17_37",
    "algorithm": "RILSROLSRegressor",
    "params": {
        "complexity_penalty": 0.001,
        "error_tolerance": 1e-16,
        "max_fit_calls": 1000000,
        "max_seconds": 7200,
        "random_state": 21962
    },
    "random_state": 21962,
    "process_time": 32.46875,
    "time_time": 32.46213102340698,
    "target_noise": 0.0,
    "feature_noise": 0.0,
    "true_model": " beta*(1+alpha*cos(theta))",
    "model_size": 9,
    "symbolic_model": "x0*(x1*cos(x2) + 1)",
    "mse_train": 1.0679534758040344e-29,
    "mae_train": 1.6573826837860961e-15,
    "r2_train": 1.0,
    "mse_test": 1.0312734746262244e-29,
    "mae_test": 1.608086498162964e-15,
    "r2_test": 1.0
}