{
    "dataset": "feynman_III_17_37",
    "algorithm": "RILSROLSRegressor",
    "params": {
        "complexity_penalty": 0.001,
        "error_tolerance": 1e-16,
        "max_fit_calls": 1000000,
        "max_seconds": 7200,
        "random_state": 4426
    },
    "random_state": 4426,
    "process_time": 1981.4375,
    "time_time": 1981.962961435318,
    "target_noise": 0.01,
    "feature_noise": 0.0,
    "true_model": " beta*(1+alpha*cos(theta))",
    "model_size": 9,
    "symbolic_model": "x0*(x1*cos(x2) + 1)",
    "mse_train": 0.002661535377762342,
    "mae_train": 0.04126046912002989,
    "r2_train": 0.9998943455020466,
    "mse_test": 9.82358361586978e-30,
    "mae_test": 1.6039784127633294e-15,
    "r2_test": 1.0
}