{
    "dataset": "feynman_III_17_37",
    "algorithm": "RILSROLSRegressor",
    "params": {
        "complexity_penalty": 0.001,
        "error_tolerance": 1e-16,
        "max_fit_calls": 1000000,
        "max_seconds": 7200,
        "random_state": 28020
    },
    "random_state": 28020,
    "process_time": 19.265625,
    "time_time": 19.258997678756714,
    "target_noise": 0.0,
    "feature_noise": 0.0,
    "true_model": " beta*(1+alpha*cos(theta))",
    "model_size": 9,
    "symbolic_model": "x0*(x1*cos(x2) + 1)",
    "mse_train": 1.0530118004154554e-29,
    "mae_train": 1.6393229493056466e-15,
    "r2_train": 1.0,
    "mse_test": 1.0299747652407636e-29,
    "mae_test": 1.6365544780894831e-15,
    "r2_test": 1.0
}