{
    "dataset": "feynman_I_39_1",
    "algorithm": "RILSROLSRegressor",
    "params": {
        "complexity_penalty": 0.001,
        "error_tolerance": 1e-16,
        "max_fit_calls": 1000000,
        "max_seconds": 7200,
        "random_state": 15795
    },
    "random_state": 15795,
    "process_time": 3281.1875,
    "time_time": 3282.0730447769165,
    "target_noise": 0.01,
    "feature_noise": 0.0,
    "true_model": " 3/2*pr*V",
    "model_size": 6,
    "symbolic_model": "1.50021669*x0*x1",
    "mse_train": 0.02410998997630492,
    "mae_train": 0.12396308697582527,
    "r2_train": 0.9995902170700349,
    "mse_test": 5.015736050320717e-06,
    "mae_test": 0.001949018911622917,
    "r2_test": 0.9999999139962417
}