{
    "dataset": "feynman_I_39_1",
    "algorithm": "RILSROLSRegressor",
    "params": {
        "complexity_penalty": 0.001,
        "error_tolerance": 1e-16,
        "max_fit_calls": 1000000,
        "max_seconds": 7200,
        "random_state": 29910
    },
    "random_state": 29910,
    "process_time": 2946.765625,
    "time_time": 2956.2480025291443,
    "target_noise": 0.001,
    "feature_noise": 0.0,
    "true_model": " 3/2*pr*V",
    "model_size": 6,
    "symbolic_model": "1.50002087*x0*x1",
    "mse_train": 0.00025188537701733015,
    "mae_train": 0.01268887688045575,
    "r2_train": 0.9999957297677747,
    "mse_test": 4.694604296294562e-08,
    "mae_test": 0.00018844490555886353,
    "r2_test": 0.9999999992052292
}