{
    "dataset": "feynman_I_39_1",
    "algorithm": "RILSROLSRegressor",
    "params": {
        "complexity_penalty": 0.001,
        "error_tolerance": 1e-16,
        "max_fit_calls": 1000000,
        "max_seconds": 7200,
        "random_state": 14423
    },
    "random_state": 14423,
    "process_time": 5622.4375,
    "time_time": 6063.256994485855,
    "target_noise": 0.01,
    "feature_noise": 0.0,
    "true_model": " 3/2*pr*V",
    "model_size": 6,
    "symbolic_model": "1.50021934*x0*x1",
    "mse_train": 0.02408957961381444,
    "mae_train": 0.12327337809973,
    "r2_train": 0.9995886120600649,
    "mse_test": 5.1496812022760915e-06,
    "mae_test": 0.0019751636098200554,
    "r2_test": 0.9999999117984343
}