{
    "dataset": "feynman_I_39_1",
    "algorithm": "RILSROLSRegressor",
    "params": {
        "complexity_penalty": 0.001,
        "error_tolerance": 1e-16,
        "max_fit_calls": 1000000,
        "max_seconds": 7200,
        "random_state": 28020
    },
    "random_state": 28020,
    "process_time": 1.265625,
    "time_time": 1.2780003547668457,
    "target_noise": 0.0,
    "feature_noise": 0.0,
    "true_model": " 3/2*pr*V",
    "model_size": 6,
    "symbolic_model": "1.5*x0*x1",
    "mse_train": 1.0961330746420427e-29,
    "mae_train": 2.041744551206648e-15,
    "r2_train": 1.0,
    "mse_test": 1.0571463854146625e-29,
    "mae_test": 1.995248410935346e-15,
    "r2_test": 1.0
}