{
    "dataset": "feynman_I_39_1",
    "algorithm": "RILSROLSRegressor",
    "params": {
        "complexity_penalty": 0.001,
        "error_tolerance": 1e-16,
        "max_fit_calls": 1000000,
        "max_seconds": 7200,
        "random_state": 16850
    },
    "random_state": 16850,
    "process_time": 1.21875,
    "time_time": 1.2120001316070557,
    "target_noise": 0.0,
    "feature_noise": 0.0,
    "true_model": " 3/2*pr*V",
    "model_size": 6,
    "symbolic_model": "1.5*x0*x1",
    "mse_train": 1.1211024944445507e-29,
    "mae_train": 2.0594193017586806e-15,
    "r2_train": 1.0,
    "mse_test": 1.0746963711883406e-29,
    "mae_test": 2.0098589459394135e-15,
    "r2_test": 1.0
}