{
    "dataset": "feynman_test_15",
    "algorithm": "RILSROLSRegressor",
    "params": {
        "complexity_penalty": 0.001,
        "error_tolerance": 1e-16,
        "fitness_type": "FitnessType.BIC",
        "initial_sample_size": 0.01,
        "max_fit_calls": 1000000,
        "max_seconds": 7200,
        "random_perturbations_order": false,
        "random_state": 28020,
        "verbose": false
    },
    "random_state": 28020,
    "process_time": 2396.5,
    "time_time": 2396.959100961685,
    "target_noise": 0.0,
    "feature_noise": 0.0,
    "true_model": " sqrt(1-v**2/c**2)*omega/(1+v/c*cos(theta))",
    "model_size": 35,
    "symbolic_model": "0.99971883*x2 + 0.50744228*sin(x1**2*x2/x0**2)*cos(2*x3) - 1.01233312*x1*x2*cos(x3)/x0",
    "mse_train": 0.0007178127942385762,
    "mae_train": 0.00805183962094687,
    "r2_train": 0.9995469745086254,
    "mse_test": 0.000528285934891472,
    "mae_test": 0.007575009876593451,
    "r2_test": 0.9996659131005373
}