{
    "dataset": "feynman_test_15",
    "algorithm": "RILSROLSRegressor",
    "params": {
        "complexity_penalty": 0.001,
        "error_tolerance": 1e-16,
        "fitness_type": "FitnessType.BIC",
        "initial_sample_size": 0.01,
        "max_fit_calls": 1000000,
        "max_seconds": 7200,
        "random_perturbations_order": false,
        "random_state": 5390,
        "verbose": false
    },
    "random_state": 5390,
    "process_time": 2979.65625,
    "time_time": 2979.944983482361,
    "target_noise": 0.0,
    "feature_noise": 0.0,
    "true_model": " sqrt(1-v**2/c**2)*omega/(1+v/c*cos(theta))",
    "model_size": 60,
    "symbolic_model": "0.9992385*x2 + 0.2189358*x2*exp(x1)*cos(2*x3)/(x0 + 0.5*x1*cos(x3) - 0.5)**2 + 0.0044867 - 0.03926625*exp(x1)/(x0 + x1*cos(x3) + 1)**2 - 0.9992876*x1*x2*cos(x3)/x0",
    "mse_train": 5.090552278963992e-05,
    "mae_train": 0.003390477041330374,
    "r2_train": 0.9999682931069847,
    "mse_test": 4.264138518943111e-05,
    "mae_test": 0.003432449936794258,
    "r2_test": 0.9999731961666599
}