{
    "dataset": "feynman_test_15",
    "algorithm": "RILSROLSRegressor",
    "params": {
        "complexity_penalty": 0.001,
        "error_tolerance": 1e-16,
        "fitness_type": "FitnessType.BIC",
        "initial_sample_size": 0.01,
        "max_fit_calls": 1000000,
        "max_seconds": 7200,
        "random_perturbations_order": false,
        "random_state": 21962,
        "verbose": false
    },
    "random_state": 21962,
    "process_time": 2603.984375,
    "time_time": 2604.152104616165,
    "target_noise": 0.0,
    "feature_noise": 0.0,
    "true_model": " sqrt(1-v**2/c**2)*omega/(1+v/c*cos(theta))",
    "model_size": 41,
    "symbolic_model": "x2*(0.99937424*cos(x1/x0) - 0.99863179/(x0/(x1*cos(x3)) + 1 + 0.5*x1/(x0*cos(x3))))",
    "mse_train": 0.00012632750617064606,
    "mae_train": 0.0038971067552612637,
    "r2_train": 0.9999217616732488,
    "mse_test": 0.00014404450558023026,
    "mae_test": 0.003962125575324003,
    "r2_test": 0.9999094489174162
}