{
    "dataset": "feynman_test_15",
    "algorithm": "RILSROLSRegressor",
    "params": {
        "complexity_penalty": 0.001,
        "error_tolerance": 1e-16,
        "fitness_type": "FitnessType.BIC",
        "initial_sample_size": 0.01,
        "max_fit_calls": 1000000,
        "max_seconds": 7200,
        "random_perturbations_order": false,
        "random_state": 15795,
        "verbose": false
    },
    "random_state": 15795,
    "process_time": 2652.421875,
    "time_time": 2652.765034198761,
    "target_noise": 0.001,
    "feature_noise": 0.0,
    "true_model": " sqrt(1-v**2/c**2)*omega/(1+v/c*cos(theta))",
    "model_size": 40,
    "symbolic_model": "0.99946763*x2 + 0.25164702*x2*exp(x1)*cos(2*x3)/((x0 + cos(x3))**2 + 1) - 0.99255124*x1*x2*cos(x3)/x0",
    "mse_train": 0.00019004696874517425,
    "mae_train": 0.006458301243047829,
    "r2_train": 0.9998808909742408,
    "mse_test": 0.00015783635986021022,
    "mae_test": 0.005325838737250173,
    "r2_test": 0.9999017564505822
}