{
    "dataset": "feynman_III_4_33",
    "algorithm": "RILSROLSRegressor",
    "params": {
        "complexity_penalty": 0.001,
        "error_tolerance": 1e-16,
        "max_fit_calls": 1000000,
        "max_seconds": 7200,
        "random_state": 5390
    },
    "random_state": 5390,
    "process_time": 3216.140625,
    "time_time": 3217.5112566947937,
    "target_noise": 0.1,
    "feature_noise": 0.0,
    "true_model": " (h/(2*3.1415926535))*omega/(exp((h/(2*3.1415926535))*omega/(kb*T))-1)",
    "model_size": 70,
    "symbolic_model": "0.57218371*x2/x0**0.5 + 6.08555962*x0*cos(x3)**2/x1**2 - 0.01755504*x1/sin(x1 + x2 - x3/(x0*x2)) + 0.92945293*x2*x3 - 16.01494661*sin(x0/(x1**2*x3))*cos(x3)**2 - 1.29521139",
    "mse_train": 6.917937586360103,
    "mae_train": 1.0615621762660163,
    "r2_train": 0.7459154355967228,
    "mse_test": 597.6283341734986,
    "mae_test": 0.7779946327180048,
    "r2_test": -21.791928479682998
}