{
    "dataset": "feynman_III_4_33",
    "algorithm": "RILSROLSRegressor",
    "params": {
        "complexity_penalty": 0.001,
        "error_tolerance": 1e-16,
        "max_fit_calls": 1000000,
        "max_seconds": 7200,
        "random_state": 14423
    },
    "random_state": 14423,
    "process_time": 2504.59375,
    "time_time": 2522.568547964096,
    "target_noise": 0.001,
    "feature_noise": 0.0,
    "true_model": " (h/(2*3.1415926535))*omega/(exp((h/(2*3.1415926535))*omega/(kb*T))-1)",
    "model_size": 12,
    "symbolic_model": "-0.07365569*x0*x1 + 0.99700508*x2*x3",
    "mse_train": 0.0014482599282246735,
    "mae_train": 0.01905737901196789,
    "r2_train": 0.9999451254159827,
    "mse_test": 0.0012658413899956573,
    "mae_test": 0.015662506116678448,
    "r2_test": 0.9999510100647646
}