{
    "dataset": "feynman_III_4_33",
    "algorithm": "RILSROLSRegressor",
    "params": {
        "complexity_penalty": 0.001,
        "error_tolerance": 1e-16,
        "max_fit_calls": 1000000,
        "max_seconds": 7200,
        "random_state": 23654
    },
    "random_state": 23654,
    "process_time": 2211.203125,
    "time_time": 2212.624051809311,
    "target_noise": 0.001,
    "feature_noise": 0.0,
    "true_model": " (h/(2*3.1415926535))*omega/(exp((h/(2*3.1415926535))*omega/(kb*T))-1)",
    "model_size": 30,
    "symbolic_model": "0.0021012*x0**2*x1**2/(x2*x3) - 0.07960677*x0*x1 + 0.99985561*x2*x3",
    "mse_train": 0.00010505887672435477,
    "mae_train": 0.00810776412639189,
    "r2_train": 0.9999960236288123,
    "mse_test": 7.899312050259447e-06,
    "mae_test": 0.001760626051916347,
    "r2_test": 0.9999996957458059
}