{
    "dataset": "feynman_III_4_33",
    "algorithm": "RILSROLSRegressor",
    "params": {
        "complexity_penalty": 0.001,
        "error_tolerance": 1e-16,
        "max_fit_calls": 1000000,
        "max_seconds": 7200,
        "random_state": 15795
    },
    "random_state": 15795,
    "process_time": 2290.515625,
    "time_time": 2290.6054878234863,
    "target_noise": 0.0,
    "feature_noise": 0.0,
    "true_model": " (h/(2*3.1415926535))*omega/(exp((h/(2*3.1415926535))*omega/(kb*T))-1)",
    "model_size": 30,
    "symbolic_model": "0.00197358*x0**2*x1**2/(x2*x3) - 0.07921523*x0*x1 + 0.99982168*x2*x3",
    "mse_train": 2.982550992436881e-06,
    "mae_train": 0.0007764942318526134,
    "r2_train": 0.9999998845042096,
    "mse_test": 1.8365256062495e-06,
    "mae_test": 0.0007748386626140666,
    "r2_test": 0.9999999285164731
}