{
    "dataset": "feynman_III_4_33",
    "algorithm": "RILSROLSRegressor",
    "params": {
        "complexity_penalty": 0.001,
        "error_tolerance": 1e-16,
        "max_fit_calls": 1000000,
        "max_seconds": 7200,
        "random_state": 4426
    },
    "random_state": 4426,
    "process_time": 2210.640625,
    "time_time": 2290.740121126175,
    "target_noise": 0.001,
    "feature_noise": 0.0,
    "true_model": " (h/(2*3.1415926535))*omega/(exp((h/(2*3.1415926535))*omega/(kb*T))-1)",
    "model_size": 12,
    "symbolic_model": "-0.07266858*x0*x1 + 0.99665455*x2*x3",
    "mse_train": 0.001252595994099266,
    "mae_train": 0.019463411830945812,
    "r2_train": 0.9999535168115943,
    "mse_test": 0.001129593160532807,
    "mae_test": 0.01746849802072954,
    "r2_test": 0.9999560090948938
}