{
    "dataset": "feynman_III_4_33",
    "algorithm": "RILSROLSRegressor",
    "params": {
        "complexity_penalty": 0.001,
        "error_tolerance": 1e-16,
        "max_fit_calls": 1000000,
        "max_seconds": 7200,
        "random_state": 4426
    },
    "random_state": 4426,
    "process_time": 2357.328125,
    "time_time": 2358.2613101005554,
    "target_noise": 0.1,
    "feature_noise": 0.0,
    "true_model": " (h/(2*3.1415926535))*omega/(exp((h/(2*3.1415926535))*omega/(kb*T))-1)",
    "model_size": 34,
    "symbolic_model": "(0.44080911*x1*sin(x0) + x3*(2.9066945*x2*log(x3) + 0.43242765*exp(x3) + 3.60777963) - 30.84941824*log(x3)**x3)/x3",
    "mse_train": 1.3978943139634283,
    "mae_train": 0.9293851758116758,
    "r2_train": 0.9499391766272401,
    "mse_test": 0.4088004680445399,
    "mae_test": 0.45542907321622045,
    "r2_test": 0.9840796640547862
}