{
    "dataset": "feynman_III_4_33",
    "algorithm": "RILSROLSRegressor",
    "params": {
        "complexity_penalty": 0.001,
        "error_tolerance": 1e-16,
        "max_fit_calls": 1000000,
        "max_seconds": 7200,
        "random_state": 28020
    },
    "random_state": 28020,
    "process_time": 2680.703125,
    "time_time": 4581.535518407822,
    "target_noise": 0.01,
    "feature_noise": 0.0,
    "true_model": " (h/(2*3.1415926535))*omega/(exp((h/(2*3.1415926535))*omega/(kb*T))-1)",
    "model_size": 12,
    "symbolic_model": "-0.07258572*x0*x1 + 0.99622654*x2*x3",
    "mse_train": 0.010607376073521578,
    "mae_train": 0.08097935737403793,
    "r2_train": 0.9995934244999357,
    "mse_test": 0.0011278768448356534,
    "mae_test": 0.017457994142344477,
    "r2_test": 0.9999564539750024
}