{
    "dataset": "feynman_III_4_33",
    "algorithm": "RILSROLSRegressor",
    "params": {
        "complexity_penalty": 0.001,
        "error_tolerance": 1e-16,
        "max_fit_calls": 1000000,
        "max_seconds": 7200,
        "random_state": 14423
    },
    "random_state": 14423,
    "process_time": 2243.109375,
    "time_time": 2243.957815170288,
    "target_noise": 0.1,
    "feature_noise": 0.0,
    "true_model": " (h/(2*3.1415926535))*omega/(exp((h/(2*3.1415926535))*omega/(kb*T))-1)",
    "model_size": 45,
    "symbolic_model": "2.50273511/x1**0.5 + 0.03696075*x2**2*exp(2*x3)/(x0 + x3)**4 + 0.82857428*x2*x3 - 0.23675714*x2*cos(x3 + sin(x2*x3) - 0.5) - 1.33476898",
    "mse_train": 1.4921973928022092,
    "mae_train": 0.9294128760565836,
    "r2_train": 0.9454452707441461,
    "mse_test": 0.5826394289670493,
    "mae_test": 0.48837767746074284,
    "r2_test": 0.9774509917938872
}