{
    "dataset": "strogatz_lv1",
    "algorithm": "RILSROLSRegressor",
    "params": {
        "complexity_penalty": 0.001,
        "error_tolerance": 1e-16,
        "max_fit_calls": 1000000,
        "max_seconds": 7200,
        "random_state": 16850
    },
    "random_state": 16850,
    "process_time": 2265.6875,
    "time_time": 2266.133756160736,
    "target_noise": 0.01,
    "feature_noise": 0.0,
    "true_model": " 3  * x - 2  * x * y - x**2",
    "model_size": 16,
    "symbolic_model": "-1.00131184*x0**2 - 2.0002196*x0*x1 + 3.00334173*x0",
    "mse_train": 0.00014288533446703841,
    "mae_train": 0.00960226532088115,
    "r2_train": 0.9998858507966997,
    "mse_test": 3.817325152689896e-05,
    "mae_test": 0.001130011725892176,
    "r2_test": 0.9999992735461923
}