{
    "dataset": "strogatz_lv1",
    "algorithm": "RILSROLSRegressor",
    "params": {
        "complexity_penalty": 0.001,
        "error_tolerance": 1e-16,
        "max_fit_calls": 1000000,
        "max_seconds": 7200,
        "random_state": 14423
    },
    "random_state": 14423,
    "process_time": 213.96875,
    "time_time": 213.99031853675842,
    "target_noise": 0.0,
    "feature_noise": 0.0,
    "true_model": " 3  * x - 2  * x * y - x**2",
    "model_size": 16,
    "symbolic_model": "-x0**2 - 2*x0*x1 + 3*x0",
    "mse_train": 1.9709664111508757e-29,
    "mae_train": 2.2648666423493326e-15,
    "r2_train": 1.0,
    "mse_test": 1.6039439130287056e-29,
    "mae_test": 2.0757410750644155e-15,
    "r2_test": 1.0
}