{
    "dataset": "strogatz_lv1",
    "algorithm": "RILSROLSRegressor",
    "params": {
        "complexity_penalty": 0.001,
        "error_tolerance": 1e-16,
        "max_fit_calls": 1000000,
        "max_seconds": 7200,
        "random_state": 4426
    },
    "random_state": 4426,
    "process_time": 2546.0,
    "time_time": 2547.4209995269775,
    "target_noise": 0.001,
    "feature_noise": 0.0,
    "true_model": " 3  * x - 2  * x * y - x**2",
    "model_size": 16,
    "symbolic_model": "-0.99675846*x0**2 - 1.99575997*x0*x1 + 2.99042955*x0",
    "mse_train": 0.00017032056221388302,
    "mae_train": 0.00432922107303548,
    "r2_train": 0.9999909660854839,
    "mse_test": 5.732300236279435e-07,
    "mae_test": 0.0004269821937553841,
    "r2_test": 0.9999806205849192
}