{
    "dataset": "strogatz_lv1",
    "algorithm": "RILSROLSRegressor",
    "params": {
        "complexity_penalty": 0.001,
        "error_tolerance": 1e-16,
        "max_fit_calls": 1000000,
        "max_seconds": 7200,
        "random_state": 23654
    },
    "random_state": 23654,
    "process_time": 8.8125,
    "time_time": 8.989444255828857,
    "target_noise": 0.0,
    "feature_noise": 0.0,
    "true_model": " 3  * x - 2  * x * y - x**2",
    "model_size": 16,
    "symbolic_model": "-x0**2 - 2*x0*x1 + 3*x0",
    "mse_train": 1.9101168744009004e-29,
    "mae_train": 2.2941170955915936e-15,
    "r2_train": 1.0,
    "mse_test": 1.7864925232786315e-29,
    "mae_test": 1.987989715337632e-15,
    "r2_test": 1.0
}