{
    "dataset": "strogatz_lv1",
    "algorithm": "RILSROLSRegressor",
    "params": {
        "complexity_penalty": 0.001,
        "error_tolerance": 1e-16,
        "max_fit_calls": 1000000,
        "max_seconds": 7200,
        "random_state": 5390
    },
    "random_state": 5390,
    "process_time": 1801.109375,
    "time_time": 1801.1984708309174,
    "target_noise": 0.0,
    "feature_noise": 0.0,
    "true_model": " 3  * x - 2  * x * y - x**2",
    "model_size": 16,
    "symbolic_model": "-x0**2 - 2*x0*x1 + 3*x0",
    "mse_train": 1.8228073864894674e-29,
    "mae_train": 2.145152042607003e-15,
    "r2_train": 1.0,
    "mse_test": 2.048420987012931e-29,
    "mae_test": 2.434884874291405e-15,
    "r2_test": 1.0
}