{
    "dataset": "strogatz_lv1",
    "algorithm": "RILSROLSRegressor",
    "params": {
        "complexity_penalty": 0.001,
        "error_tolerance": 1e-16,
        "max_fit_calls": 1000000,
        "max_seconds": 7200,
        "random_state": 5390
    },
    "random_state": 5390,
    "process_time": 2120.109375,
    "time_time": 2120.4939444065094,
    "target_noise": 0.01,
    "feature_noise": 0.0,
    "true_model": " 3  * x - 2  * x * y - x**2",
    "model_size": 16,
    "symbolic_model": "-1.00154057*x0**2 - 1.99621944*x0*x1 + 3.00649575*x0",
    "mse_train": 0.0019030385861126217,
    "mae_train": 0.035124403410674215,
    "r2_train": 0.9998963117220299,
    "mse_test": 2.7898073913064843e-05,
    "mae_test": 0.003408766132034375,
    "r2_test": 0.9999825072176565
}