{
    "dataset": "feynman_III_21_20",
    "algorithm": "RILSROLSRegressor",
    "params": {
        "complexity_penalty": 0.001,
        "error_tolerance": 1e-16,
        "fitness_type": "FitnessType.BIC",
        "initial_sample_size": 0.01,
        "max_fit_calls": 1000000,
        "max_seconds": 7200,
        "random_perturbations_order": false,
        "random_state": 15795,
        "verbose": false
    },
    "random_state": 15795,
    "process_time": 1827.703125,
    "time_time": 1827.8433678150177,
    "target_noise": 0.001,
    "feature_noise": 0.0,
    "true_model": " -rho_c_0*q*A_vec/m",
    "model_size": 12,
    "symbolic_model": "-1.00001367*x0*x1*x2/x3",
    "mse_train": 0.00022288681143717266,
    "mae_train": 0.01192027958203693,
    "r2_train": 0.9999979219010947,
    "mse_test": 4.009649561565071e-08,
    "mae_test": 0.00014674477999665554,
    "r2_test": 0.9999999995963473
}