{
    "dataset": "feynman_III_21_20",
    "algorithm": "RILSROLSRegressor",
    "params": {
        "complexity_penalty": 0.001,
        "error_tolerance": 1e-16,
        "fitness_type": "FitnessType.BIC",
        "initial_sample_size": 0.01,
        "max_fit_calls": 1000000,
        "max_seconds": 7200,
        "random_perturbations_order": false,
        "random_state": 23654,
        "verbose": false
    },
    "random_state": 23654,
    "process_time": 2031.921875,
    "time_time": 2032.108018398285,
    "target_noise": 0.001,
    "feature_noise": 0.0,
    "true_model": " -rho_c_0*q*A_vec/m",
    "model_size": 12,
    "symbolic_model": "-1.00007005*x0*x1*x2/x3",
    "mse_train": 0.0002323735210570931,
    "mae_train": 0.012193442427239038,
    "r2_train": 0.9999978533846441,
    "mse_test": 1.0998066931271378e-06,
    "mae_test": 0.0007664756835765309,
    "r2_test": 0.9999999894660836
}