{
    "dataset": "feynman_I_11_19",
    "algorithm": "RILSROLSRegressor",
    "params": {
        "complexity_penalty": 0.001,
        "error_tolerance": 1e-16,
        "max_fit_calls": 1000000,
        "max_seconds": 7200,
        "random_state": 21962
    },
    "random_state": 21962,
    "process_time": 32.109375,
    "time_time": 32.11722660064697,
    "target_noise": 0.0,
    "feature_noise": 0.0,
    "true_model": " x1*y1+x2*y2+x3*y3",
    "model_size": 12,
    "symbolic_model": "x0*x3 + x1*x4 + x2*x5",
    "mse_train": 2.557589606644199e-29,
    "mae_train": 3.446753993330276e-15,
    "r2_train": 1.0,
    "mse_test": 2.551804100765308e-29,
    "mae_test": 3.4125591241718212e-15,
    "r2_test": 1.0
}