{
    "dataset": "feynman_I_11_19",
    "algorithm": "RILSROLSRegressor",
    "params": {
        "complexity_penalty": 0.001,
        "error_tolerance": 1e-16,
        "max_fit_calls": 1000000,
        "max_seconds": 7200,
        "random_state": 15795
    },
    "random_state": 15795,
    "process_time": 2039.71875,
    "time_time": 2040.034946680069,
    "target_noise": 0.001,
    "feature_noise": 0.0,
    "true_model": " x1*y1+x2*y2+x3*y3",
    "model_size": 12,
    "symbolic_model": "x0*x3 + x1*x4 + x2*x5",
    "mse_train": 0.0008071773922243036,
    "mae_train": 0.022684454267858183,
    "r2_train": 0.9999894114803268,
    "mse_test": 2.561393493929175e-29,
    "mae_test": 3.4370373214187565e-15,
    "r2_test": 1.0
}