{
    "dataset": "feynman_I_11_19",
    "algorithm": "RILSROLSRegressor",
    "params": {
        "complexity_penalty": 0.001,
        "error_tolerance": 1e-16,
        "max_fit_calls": 1000000,
        "max_seconds": 7200,
        "random_state": 14423
    },
    "random_state": 14423,
    "process_time": 3164.609375,
    "time_time": 3172.507793188095,
    "target_noise": 0.1,
    "feature_noise": 0.0,
    "true_model": " x1*y1+x2*y2+x3*y3",
    "model_size": 44,
    "symbolic_model": "2.2999828*x1*log(x4) + 2.41159585*x2*(x5 - 1)**0.5 + 2.47025117*x3*log(x0) + 2.40413678*sin(x1/log(x4) + x4 + 1/(x2 - 0.6)) + 2.41007387",
    "mse_train": 11.379732731564621,
    "mae_train": 2.6904585123800318,
    "r2_train": 0.8659730552698253,
    "mse_test": 3.4159911263281804,
    "mae_test": 1.4613164963640524,
    "r2_test": 0.9551143912735628
}