{
    "dataset": "feynman_I_11_19",
    "algorithm": "RILSROLSRegressor",
    "params": {
        "complexity_penalty": 0.001,
        "error_tolerance": 1e-16,
        "max_fit_calls": 1000000,
        "max_seconds": 7200,
        "random_state": 23654
    },
    "random_state": 23654,
    "process_time": 307.71875,
    "time_time": 307.7467842102051,
    "target_noise": 0.0,
    "feature_noise": 0.0,
    "true_model": " x1*y1+x2*y2+x3*y3",
    "model_size": 12,
    "symbolic_model": "v0*v3 + v1*v4 + v2*v5",
    "mse_train": 2.5856020573885973e-29,
    "mae_train": 3.4345859489803843e-15,
    "r2_train": 1.0,
    "mse_test": 2.560917021942421e-29,
    "mae_test": 3.4296832041036394e-15,
    "r2_test": 1.0
}