{
    "dataset": "feynman_I_11_19",
    "algorithm": "RILSROLSRegressor",
    "params": {
        "complexity_penalty": 0.001,
        "error_tolerance": 1e-16,
        "max_fit_calls": 1000000,
        "max_seconds": 7200,
        "random_state": 23654
    },
    "random_state": 23654,
    "process_time": 2319.421875,
    "time_time": 2321.841117143631,
    "target_noise": 0.01,
    "feature_noise": 0.0,
    "true_model": " x1*y1+x2*y2+x3*y3",
    "model_size": 28,
    "symbolic_model": "0.99366483*x0*x3 + 0.99485423*x1*x4 + 1.01324031*x2*x5 - 1646.33352732/(exp(x0) + log(x2))**6",
    "mse_train": 0.11924107598660776,
    "mae_train": 0.2577642317375183,
    "r2_train": 0.9984582042104951,
    "mse_test": 0.0351572277121938,
    "mae_test": 0.09073866515207006,
    "r2_test": 0.9995460468826128
}