{
    "dataset": "feynman_II_34_2a",
    "algorithm": "RILSROLSRegressor",
    "params": {
        "complexity_penalty": 0.001,
        "error_tolerance": 1e-16,
        "max_fit_calls": 1000000,
        "max_seconds": 7200,
        "random_state": 5390
    },
    "random_state": 5390,
    "process_time": 1887.609375,
    "time_time": 1888.361132144928,
    "target_noise": 0.1,
    "feature_noise": 0.0,
    "true_model": " q*v/(2*3.1415926535*r)",
    "model_size": 10,
    "symbolic_model": "0.16058581*x0*x1/x2",
    "mse_train": 0.005555905801236036,
    "mae_train": 0.05951735198233032,
    "r2_train": 0.9744653963726886,
    "mse_test": 4.4060268142429344e-05,
    "mae_test": 0.005203543475219989,
    "r2_test": 0.9997903085968973
}