{
    "dataset": "feynman_II_34_2a",
    "algorithm": "RILSROLSRegressor",
    "params": {
        "complexity_penalty": 0.001,
        "error_tolerance": 1e-16,
        "max_fit_calls": 1000000,
        "max_seconds": 7200,
        "random_state": 21962
    },
    "random_state": 21962,
    "process_time": 1874.03125,
    "time_time": 1875.0884647369385,
    "target_noise": 0.1,
    "feature_noise": 0.0,
    "true_model": " q*v/(2*3.1415926535*r)",
    "model_size": 10,
    "symbolic_model": "0.15881932*x0*x1/x2",
    "mse_train": 0.0053806492436129175,
    "mae_train": 0.05864570851584903,
    "r2_train": 0.974933592293617,
    "mse_test": 2.446684296511018e-06,
    "mae_test": 0.0012266493655408363,
    "r2_test": 0.9999884499668614
}