{
    "dataset": "feynman_II_34_2a",
    "algorithm": "RILSROLSRegressor",
    "params": {
        "complexity_penalty": 0.001,
        "error_tolerance": 1e-16,
        "max_fit_calls": 1000000,
        "max_seconds": 7200,
        "random_state": 860
    },
    "random_state": 860,
    "process_time": 2.421875,
    "time_time": 2.427997350692749,
    "target_noise": 0.0,
    "feature_noise": 0.0,
    "true_model": " q*v/(2*3.1415926535*r)",
    "model_size": 10,
    "symbolic_model": "0.15915494*x0*x1/x2",
    "mse_train": 2.0711890144215954e-16,
    "mae_train": 1.1265695860751546e-08,
    "r2_train": 0.999999999999999,
    "mse_test": 2.0817444710427486e-16,
    "mae_test": 1.1268153321509766e-08,
    "r2_test": 0.999999999999999
}