{
    "dataset": "feynman_II_34_2a",
    "algorithm": "RILSROLSRegressor",
    "params": {
        "complexity_penalty": 0.001,
        "error_tolerance": 1e-16,
        "max_fit_calls": 1000000,
        "max_seconds": 7200,
        "random_state": 4426
    },
    "random_state": 4426,
    "process_time": 1828.578125,
    "time_time": 1831.5337886810303,
    "target_noise": 0.001,
    "feature_noise": 0.0,
    "true_model": " q*v/(2*3.1415926535*r)",
    "model_size": 10,
    "symbolic_model": "0.15915041*x0*x1/x2",
    "mse_train": 5.52497320289025e-07,
    "mae_train": 0.0005945694207922579,
    "r2_train": 0.9999974064855887,
    "mse_test": 4.4217813742658745e-10,
    "mae_test": 1.6455356262214883e-05,
    "r2_test": 0.9999999979071563
}