{
    "dataset": "feynman_II_34_2a",
    "algorithm": "RILSROLSRegressor",
    "params": {
        "complexity_penalty": 0.001,
        "error_tolerance": 1e-16,
        "max_fit_calls": 1000000,
        "max_seconds": 7200,
        "random_state": 15795
    },
    "random_state": 15795,
    "process_time": 1714.84375,
    "time_time": 1715.1818408966064,
    "target_noise": 0.001,
    "feature_noise": 0.0,
    "true_model": " q*v/(2*3.1415926535*r)",
    "model_size": 10,
    "symbolic_model": "0.1591492*x0*x1/x2",
    "mse_train": 5.55557645582487e-07,
    "mae_train": 0.0005952990036177724,
    "r2_train": 0.9999974366992462,
    "mse_test": 7.132796368218886e-10,
    "mae_test": 2.0893860036144404e-05,
    "r2_test": 0.9999999966437003
}