{
    "dataset": "feynman_I_15_3x",
    "algorithm": "RILSROLSRegressor",
    "params": {
        "complexity_penalty": 0.001,
        "error_tolerance": 1e-16,
        "fitness_type": "FitnessType.BIC",
        "initial_sample_size": 0.01,
        "max_fit_calls": 1000000,
        "max_seconds": 7200,
        "random_perturbations_order": false,
        "random_state": 15795,
        "verbose": false
    },
    "random_state": 15795,
    "process_time": 3643.90625,
    "time_time": 3645.4824028015137,
    "target_noise": 0.0,
    "feature_noise": 0.0,
    "true_model": " (x-u*t)/sqrt(1-u**2/c**2)",
    "model_size": 102,
    "symbolic_model": "18.48673811*x0 - 59.82610208*x0/(x3*(x1 + x2)) - 4.63130928*x0/(x2*x3*(x1 + x2)) + 4.47148423*x0/(x2**2*x3) + 38.20008028*x0/(x1*x3) + 4.09066617*x1/x2 + 1.01451152 - 11.23281284/x3 + 1.46020999/x2 - 0.35265093/(x2*x3) - 11.63861734/(x1*x3)",
    "mse_train": 56580.46995418319,
    "mae_train": 230.70513787894762,
    "r2_train": -21806.65283732689,
    "mse_test": 57043.16450088602,
    "mae_test": 231.50172257313096,
    "r2_test": -22025.303487802536
}