{
    "dataset": "feynman_I_15_3x",
    "algorithm": "RILSROLSRegressor",
    "params": {
        "complexity_penalty": 0.001,
        "error_tolerance": 1e-16,
        "fitness_type": "FitnessType.BIC",
        "initial_sample_size": 0.01,
        "max_fit_calls": 1000000,
        "max_seconds": 7200,
        "random_perturbations_order": false,
        "random_state": 5390,
        "verbose": false
    },
    "random_state": 5390,
    "process_time": 2847.65625,
    "time_time": 2847.8261029720306,
    "target_noise": 0.0,
    "feature_noise": 0.0,
    "true_model": " (x-u*t)/sqrt(1-u**2/c**2)",
    "model_size": 49,
    "symbolic_model": "0.37106769*x0*x1**2/x2**2 + 0.29339661*x0*x1/x2**2 + 0.99913953*x0 - 0.97452775*x1*x3 - 0.07176072*x3*(x1 + 0.5)**2/log(x2)**2 - 0.00824658",
    "mse_train": 0.00031424758770529174,
    "mae_train": 0.005278869730286455,
    "r2_train": 0.9998759995515165,
    "mse_test": 0.000320434449267633,
    "mae_test": 0.005376643806570499,
    "r2_test": 0.9998750792464614
}