{
    "dataset": "feynman_I_15_3x",
    "algorithm": "RILSROLSRegressor",
    "params": {
        "complexity_penalty": 0.001,
        "error_tolerance": 1e-16,
        "fitness_type": "FitnessType.BIC",
        "initial_sample_size": 0.01,
        "max_fit_calls": 1000000,
        "max_seconds": 7200,
        "random_perturbations_order": false,
        "random_state": 28020,
        "verbose": false
    },
    "random_state": 28020,
    "process_time": 3158.609375,
    "time_time": 3158.8390984535217,
    "target_noise": 0.0,
    "feature_noise": 0.0,
    "true_model": " (x-u*t)/sqrt(1-u**2/c**2)",
    "model_size": 84,
    "symbolic_model": "(x2 + 1/x3)**2*(x0*x1**3*(x0 + 1) + x1**3*x3*(x0 + 1)*(x2 + 1 + x2/x1)**2 + x1**2*(x0 + 1)**2*(x2 + 1 + x2/x1)**2)/(x1**4*(x3 + 1)**2*(x2 + 1 + x2/x1)**2)",
    "mse_train": 3362287.9846333647,
    "mae_train": 1313.6884221527548,
    "r2_train": -1297829.4067466764,
    "mse_test": 3354277.14189979,
    "mae_test": 1315.6733551474351,
    "r2_test": -1301554.67473612
}