{
    "dataset": "feynman_I_15_3x",
    "algorithm": "RILSROLSRegressor",
    "params": {
        "complexity_penalty": 0.001,
        "error_tolerance": 1e-16,
        "fitness_type": "FitnessType.BIC",
        "initial_sample_size": 0.01,
        "max_fit_calls": 1000000,
        "max_seconds": 7200,
        "random_perturbations_order": false,
        "random_state": 23654,
        "verbose": false
    },
    "random_state": 23654,
    "process_time": 2937.53125,
    "time_time": 2937.7803580760956,
    "target_noise": 0.0,
    "feature_noise": 0.0,
    "true_model": " (x-u*t)/sqrt(1-u**2/c**2)",
    "model_size": 39,
    "symbolic_model": "0.15828439*x0*x1/(-x1 + x2) + 0.98557726*x0 - 1.00449043*x1*x3 - 0.91513936*x1/(x2 + sin(x1*x3)) + 0.10004221",
    "mse_train": 0.0001650858525664034,
    "mae_train": 0.0065042344821697184,
    "r2_train": 0.9999367482163023,
    "mse_test": 0.00016005112171945825,
    "mae_test": 0.006520387584644531,
    "r2_test": 0.9999379981006443
}