{
    "dataset": "feynman_test_8",
    "algorithm": "RILSROLSRegressor",
    "params": {
        "complexity_penalty": 0.001,
        "error_tolerance": 1e-16,
        "fitness_type": "FitnessType.BIC",
        "initial_sample_size": 0.01,
        "max_fit_calls": 1000000,
        "max_seconds": 7200,
        "random_perturbations_order": false,
        "random_state": 28020,
        "verbose": false
    },
    "random_state": 28020,
    "process_time": 2598.546875,
    "time_time": 2598.8177349567413,
    "target_noise": 0.0,
    "feature_noise": 0.0,
    "true_model": " E_n/(1+E_n/(m*c**2)*(1-cos(theta)))",
    "model_size": 46,
    "symbolic_model": "-0.07655926*x0*sin(x3) + 1.15312151*x0 + 0.03833782*sin(x1) + 6.25502886*cos(log(x0/(x1*x2/(x3 + 1.1) + x2/x3 + 1) + 1)) - 6.30579421",
    "mse_train": 0.00035661609972611157,
    "mae_train": 0.013812845537356065,
    "r2_train": 0.9982509525040386,
    "mse_test": 0.0003478055083091744,
    "mae_test": 0.013875407765381794,
    "r2_test": 0.9982713178737327
}