{
    "dataset": "feynman_test_8",
    "algorithm": "RILSROLSRegressor",
    "params": {
        "complexity_penalty": 0.001,
        "error_tolerance": 1e-16,
        "fitness_type": "FitnessType.BIC",
        "initial_sample_size": 0.01,
        "max_fit_calls": 1000000,
        "max_seconds": 7200,
        "random_perturbations_order": false,
        "random_state": 4426,
        "verbose": false
    },
    "random_state": 4426,
    "process_time": 3247.5625,
    "time_time": 3247.867232322693,
    "target_noise": 0.0,
    "feature_noise": 0.0,
    "true_model": " E_n/(1+E_n/(m*c**2)*(1-cos(theta)))",
    "model_size": 52,
    "symbolic_model": "1.43673573*0.33333333**x3*x0 - 0.05527135*x0*x2/x3**2 + 0.52522659*x0*log(x2) - 0.24884031*x0*log(x0/x1) + 0.29135198*x0 - 0.02588454*x1*x2**2/x3",
    "mse_train": 0.0003099404826917018,
    "mae_train": 0.012611080113491463,
    "r2_train": 0.9984826000515246,
    "mse_test": 0.0003173838414622767,
    "mae_test": 0.012652913833197471,
    "r2_test": 0.9984354181194178
}