{
    "dataset": "feynman_test_8",
    "algorithm": "RILSROLSRegressor",
    "params": {
        "complexity_penalty": 0.001,
        "error_tolerance": 1e-16,
        "fitness_type": "FitnessType.BIC",
        "initial_sample_size": 0.01,
        "max_fit_calls": 1000000,
        "max_seconds": 7200,
        "random_perturbations_order": false,
        "random_state": 21962,
        "verbose": false
    },
    "random_state": 21962,
    "process_time": 2620.40625,
    "time_time": 2620.9760777950287,
    "target_noise": 0.0,
    "feature_noise": 0.0,
    "true_model": " E_n/(1+E_n/(m*c**2)*(1-cos(theta)))",
    "model_size": 34,
    "symbolic_model": "0.40699143*x0*log(x1*x2)**0.5 + 0.29443271*x0*cos(x3) + 0.25647578*x3*log(x0)*log(x2) + 0.12738314*x3 + 0.22928358",
    "mse_train": 0.0019348945021615772,
    "mae_train": 0.033986663052872824,
    "r2_train": 0.9902009798478649,
    "mse_test": 0.0019441279829579433,
    "mae_test": 0.034240485598209476,
    "r2_test": 0.9902388551427381
}