{
    "dataset": "feynman_I_37_4",
    "algorithm": "RILSROLSRegressor",
    "params": {
        "complexity_penalty": 0.001,
        "error_tolerance": 1e-16,
        "max_fit_calls": 1000000,
        "max_seconds": 7200,
        "random_state": 28020
    },
    "random_state": 28020,
    "process_time": 2611.703125,
    "time_time": 2622.6665301322937,
    "target_noise": 0.01,
    "feature_noise": 0.0,
    "true_model": " I1+I2+2*sqrt(I1*I2)*cos(delta)",
    "model_size": 19,
    "symbolic_model": "0.99564462*x0 + 1.00711214*x1 + 2.00533625*(x0*x1)**0.5*cos(x2)",
    "mse_train": 0.0021079114946984316,
    "mae_train": 0.03647931689504566,
    "r2_train": 0.9997426091982838,
    "mse_test": 0.00014096172974976262,
    "mae_test": 0.009645848007719133,
    "r2_test": 0.999982843255199
}