{
    "dataset": "feynman_I_37_4",
    "algorithm": "RILSROLSRegressor",
    "params": {
        "complexity_penalty": 0.001,
        "error_tolerance": 1e-16,
        "max_fit_calls": 1000000,
        "max_seconds": 7200,
        "random_state": 5390
    },
    "random_state": 5390,
    "process_time": 110.96875,
    "time_time": 110.97194290161133,
    "target_noise": 0.0,
    "feature_noise": 0.0,
    "true_model": " I1+I2+2*sqrt(I1*I2)*cos(delta)",
    "model_size": 15,
    "symbolic_model": "x0 + x1 + 2*(x0*x1)**0.5*cos(x2)",
    "mse_train": 3.6687934407605096e-30,
    "mae_train": 1.0798639434907164e-15,
    "r2_train": 1.0,
    "mse_test": 3.722008427478731e-30,
    "mae_test": 1.0839398222582414e-15,
    "r2_test": 1.0
}