{
    "dataset": "feynman_I_37_4",
    "algorithm": "RILSROLSRegressor",
    "params": {
        "complexity_penalty": 0.001,
        "error_tolerance": 1e-16,
        "max_fit_calls": 1000000,
        "max_seconds": 7200,
        "random_state": 860
    },
    "random_state": 860,
    "process_time": 2256.78125,
    "time_time": 2260.0609781742096,
    "target_noise": 0.01,
    "feature_noise": 0.0,
    "true_model": " I1+I2+2*sqrt(I1*I2)*cos(delta)",
    "model_size": 19,
    "symbolic_model": "1.00193014*x0 + 0.99746916*x1 + 1.9940058*(x0*x1)**0.5*cos(x2)",
    "mse_train": 0.0021620557723767736,
    "mae_train": 0.03719384546482548,
    "r2_train": 0.9997383401746568,
    "mse_test": 0.00011953833839875019,
    "mae_test": 0.009023758948287745,
    "r2_test": 0.9999854608295932
}