{
    "dataset": "feynman_test_17",
    "algorithm": "RILSROLSRegressor",
    "params": {
        "complexity_penalty": 0.001,
        "error_tolerance": 1e-16,
        "max_fit_calls": 1000000,
        "max_seconds": 7200,
        "random_state": 28020
    },
    "random_state": 28020,
    "process_time": 4192.640625,
    "time_time": 4195.90651512146,
    "target_noise": 0.1,
    "feature_noise": 0.0,
    "true_model": " 1/(2*m)*(p**2+m**2*omega**2*x**2*(1+alpha*x/y))",
    "model_size": 93,
    "symbolic_model": "0.01479587*x0*x4**4*x5*(x1 + 1)**3/x3 + 1.08483722*x1*x2*x4*x5 - 4.53087691*x2*(x1*cos(x1) + x4/x1)**2 + 40.47753877*x2 - 4.49289258*(x3*sin(x1*x2)*cos(exp(x2) - 0.5) + 1)**3 + 205.79885804*log(x0*x4 + x3) - 491.21718388 + 2.60821681*(x1 + 1)**3/x3",
    "mse_train": 83640.70134879553,
    "mae_train": 206.44829966407417,
    "r2_train": 0.9615325866879376,
    "mse_test": 56546.94247228205,
    "mae_test": 142.03594982316127,
    "r2_test": 0.9743234478440995
}