{
    "dataset": "feynman_test_17",
    "algorithm": "RILSROLSRegressor",
    "params": {
        "complexity_penalty": 0.001,
        "error_tolerance": 1e-16,
        "max_fit_calls": 1000000,
        "max_seconds": 7200,
        "random_state": 23654
    },
    "random_state": 23654,
    "process_time": 4347.875,
    "time_time": 4348.999454259872,
    "target_noise": 0.1,
    "feature_noise": 0.0,
    "true_model": " 1/(2*m)*(p**2+m**2*omega**2*x**2*(1+alpha*x/y))",
    "model_size": 113,
    "symbolic_model": "0.60605719*2**x4*x0*x1**2 + 0.52533734*x0*x1**2*x4**3*x5/x3 + 450.20127206*x1*cos(x0*x5 + sin(x0*x4))/(x3*x4**2) + 96.07076911*x3/x4 + 0.12944089*x4**4*exp(x3)**0.5*sin(x3*x4 - 0.5) - 11.43749173*exp(x3)**0.5*sin(x1 + x3*x4 + 0.5) - 164.72762248 + 134.8942652*sin(-x2 + x3*x4 + 0.5)/x5",
    "mse_train": 83528.97785046147,
    "mae_train": 218.47983167490196,
    "r2_train": 0.9610524721152254,
    "mse_test": 56390.43516742161,
    "mae_test": 167.19292142172324,
    "r2_test": 0.9743527137399496
}