{
    "dataset": "feynman_test_8",
    "algorithm": "RILSROLSRegressor",
    "params": {
        "complexity_penalty": 0.001,
        "error_tolerance": 1e-16,
        "max_fit_calls": 1000000,
        "max_seconds": 7200,
        "random_state": 21962
    },
    "random_state": 21962,
    "process_time": 2142.71875,
    "time_time": 2147.0607488155365,
    "target_noise": 0.1,
    "feature_noise": 0.0,
    "true_model": " E_n/(1+E_n/(m*c**2)*(1-cos(theta)))",
    "model_size": 20,
    "symbolic_model": "0.66814333*x0**0.5/x3 + 0.47817226*x0*log(x2 + log(x1))",
    "mse_train": 0.028067493240180767,
    "mae_train": 0.13369158704284878,
    "r2_train": 0.8711445161897253,
    "mse_test": 0.006757735742144889,
    "mae_test": 0.06061845977659925,
    "r2_test": 0.966070527216109
}