{
    "dataset": "feynman_test_8",
    "algorithm": "RILSROLSRegressor",
    "params": {
        "complexity_penalty": 0.001,
        "error_tolerance": 1e-16,
        "max_fit_calls": 1000000,
        "max_seconds": 7200,
        "random_state": 16850
    },
    "random_state": 16850,
    "process_time": 3378.09375,
    "time_time": 3380.3556258678436,
    "target_noise": 0.01,
    "feature_noise": 0.0,
    "true_model": " E_n/(1+E_n/(m*c**2)*(1-cos(theta)))",
    "model_size": 38,
    "symbolic_model": "0.49871207*x0*log(x2) + 1.08069712*x0/(x3 + 0.5) - 0.22096937*x0**1.5/x1 + 0.31021932 - 0.04292194*exp(x2)/x3**2",
    "mse_train": 0.0021221976264530523,
    "mae_train": 0.03398511381379048,
    "r2_train": 0.9893093052627762,
    "mse_test": 0.0020547291723813105,
    "mae_test": 0.032741195482853924,
    "r2_test": 0.98988205564383
}