{
    "dataset": "feynman_test_8",
    "algorithm": "RILSROLSRegressor",
    "params": {
        "complexity_penalty": 0.001,
        "error_tolerance": 1e-16,
        "max_fit_calls": 1000000,
        "max_seconds": 7200,
        "random_state": 860
    },
    "random_state": 860,
    "process_time": 2976.640625,
    "time_time": 2977.868554353714,
    "target_noise": 0.001,
    "feature_noise": 0.0,
    "true_model": " E_n/(1+E_n/(m*c**2)*(1-cos(theta)))",
    "model_size": 35,
    "symbolic_model": "0.05105566*x0*x1**0.5*x2 + 0.7358443*x0 - 0.53406231*x0*(x0*log(x3)/x1)**0.5/x2 + 0.12280428",
    "mse_train": 0.0021732891743213457,
    "mae_train": 0.030727735665390988,
    "r2_train": 0.9894294456765184,
    "mse_test": 0.0022124381673546607,
    "mae_test": 0.03103811300832314,
    "r2_test": 0.9889115934161484
}