{
    "dataset": "feynman_test_8",
    "algorithm": "RILSROLSRegressor",
    "params": {
        "complexity_penalty": 0.001,
        "error_tolerance": 1e-16,
        "max_fit_calls": 1000000,
        "max_seconds": 7200,
        "random_state": 5390
    },
    "random_state": 5390,
    "process_time": 2715.09375,
    "time_time": 2784.192493915558,
    "target_noise": 0.1,
    "feature_noise": 0.0,
    "true_model": " E_n/(1+E_n/(m*c**2)*(1-cos(theta)))",
    "model_size": 36,
    "symbolic_model": "0.614551*x0*log(x2) + 0.60369903*log(x0)*log(x1) - 0.35311034*cos(x2)*cos(x1 + log(x3)) + 0.23458462*cos(x0*log(x3)) + 0.38291074",
    "mse_train": 0.030161814410733564,
    "mae_train": 0.13755641108192432,
    "r2_train": 0.8683032148755523,
    "mse_test": 0.009076178407430713,
    "mae_test": 0.06723648147150357,
    "r2_test": 0.9551729999318509
}