{
    "dataset": "feynman_test_8",
    "algorithm": "RILSROLSRegressor",
    "params": {
        "complexity_penalty": 0.001,
        "error_tolerance": 1e-16,
        "max_fit_calls": 1000000,
        "max_seconds": 7200,
        "random_state": 14423
    },
    "random_state": 14423,
    "process_time": 2636.015625,
    "time_time": 2636.2696256637573,
    "target_noise": 0.001,
    "feature_noise": 0.0,
    "true_model": " E_n/(1+E_n/(m*c**2)*(1-cos(theta)))",
    "model_size": 43,
    "symbolic_model": "-0.67881347*x0/(x1*x2)**0.5 + 0.34698067*x0*log(x2) + 1.03435076*x0*sin(1/x3) - 0.27917551*x2/x3 + 0.13922895*x3*log(x0) + 0.74497544",
    "mse_train": 0.0009683311349184804,
    "mae_train": 0.022738913348187118,
    "r2_train": 0.9951396345389452,
    "mse_test": 0.0009778429844184743,
    "mae_test": 0.022686141829047355,
    "r2_test": 0.9951640602955903
}