{
    "dataset": "feynman_test_8",
    "algorithm": "RILSROLSRegressor",
    "params": {
        "complexity_penalty": 0.001,
        "error_tolerance": 1e-16,
        "max_fit_calls": 1000000,
        "max_seconds": 7200,
        "random_state": 16850
    },
    "random_state": 16850,
    "process_time": 2863.0625,
    "time_time": 2863.7981843948364,
    "target_noise": 0.001,
    "feature_noise": 0.0,
    "true_model": " E_n/(1+E_n/(m*c**2)*(1-cos(theta)))",
    "model_size": 41,
    "symbolic_model": "0.46647785*x0*sin(log(x2)) - 0.65040381*x0*sin(x3*sin(1/x1) - 1.2)/(x3 + x2/x0) - 0.11634701*x2*cos(x0) + 0.67624851",
    "mse_train": 0.0008802117496875865,
    "mae_train": 0.022487855139398296,
    "r2_train": 0.9955632201719533,
    "mse_test": 0.0008919524287551471,
    "mae_test": 0.022654457773941445,
    "r2_test": 0.9956078274627133
}