{
    "dataset": "feynman_test_8",
    "algorithm": "RILSROLSRegressor",
    "params": {
        "complexity_penalty": 0.001,
        "error_tolerance": 1e-16,
        "max_fit_calls": 1000000,
        "max_seconds": 7200,
        "random_state": 28020
    },
    "random_state": 28020,
    "process_time": 1716.734375,
    "time_time": 1717.8000330924988,
    "target_noise": 0.1,
    "feature_noise": 0.0,
    "true_model": " E_n/(1+E_n/(m*c**2)*(1-cos(theta)))",
    "model_size": 19,
    "symbolic_model": "0.53231712*x0*log(x2 + sin(log(x1/x3)) + 1) + 0.27316047",
    "mse_train": 0.028623514787505723,
    "mae_train": 0.1338570892849786,
    "r2_train": 0.8745526455243106,
    "mse_test": 0.006702220512303153,
    "mae_test": 0.0574821753908984,
    "r2_test": 0.9666882538397816
}