{
    "dataset": "feynman_test_8",
    "algorithm": "RILSROLSRegressor",
    "params": {
        "complexity_penalty": 0.001,
        "error_tolerance": 1e-16,
        "max_fit_calls": 1000000,
        "max_seconds": 7200,
        "random_state": 29910
    },
    "random_state": 29910,
    "process_time": 2731.3125,
    "time_time": 2732.6495802402496,
    "target_noise": 0.01,
    "feature_noise": 0.0,
    "true_model": " E_n/(1+E_n/(m*c**2)*(1-cos(theta)))",
    "model_size": 44,
    "symbolic_model": "1.01751578*x0**0.5*x1/(x2 + x3) + 0.4069255*x0*log(x2 - 0.5) - 0.08559847*x1**2/x3 + 0.33265219 + 0.76035137*log(x0)/x3",
    "mse_train": 0.0017209932159439765,
    "mae_train": 0.030338620183363287,
    "r2_train": 0.9914762930705272,
    "mse_test": 0.0014172422470856707,
    "mae_test": 0.026709147839122854,
    "r2_test": 0.9930508682997269
}