{
    "dataset": "feynman_test_8",
    "algorithm": "RILSROLSRegressor",
    "params": {
        "complexity_penalty": 0.001,
        "error_tolerance": 1e-16,
        "max_fit_calls": 1000000,
        "max_seconds": 7200,
        "random_state": 21962
    },
    "random_state": 21962,
    "process_time": 2546.421875,
    "time_time": 2546.6537261009216,
    "target_noise": 0.0,
    "feature_noise": 0.0,
    "true_model": " E_n/(1+E_n/(m*c**2)*(1-cos(theta)))",
    "model_size": 29,
    "symbolic_model": "1.0616703*x0 + 1.24360484*cos(2.71828183*x0*x3/(x1*x2 + x2*x3 + x3 + 1)) - 1.32343478",
    "mse_train": 0.000873672490036099,
    "mae_train": 0.02132789391564752,
    "r2_train": 0.9955753999369652,
    "mse_test": 0.0008801697627275822,
    "mae_test": 0.021472958261787575,
    "r2_test": 0.9955808132858136
}