{
    "dataset": "feynman_test_8",
    "algorithm": "RILSROLSRegressor",
    "params": {
        "complexity_penalty": 0.001,
        "error_tolerance": 1e-16,
        "max_fit_calls": 1000000,
        "max_seconds": 7200,
        "random_state": 23654
    },
    "random_state": 23654,
    "process_time": 2724.59375,
    "time_time": 2753.0531516075134,
    "target_noise": 0.001,
    "feature_noise": 0.0,
    "true_model": " E_n/(1+E_n/(m*c**2)*(1-cos(theta)))",
    "model_size": 38,
    "symbolic_model": "0.88069646*x0*x1/(x2 + x3)**2 + 0.21641078*x0*cos(x3)/x1**2 + 0.44632107*(log(x0) + 1)**2*sin(log(x2)) + 0.47788594",
    "mse_train": 0.001723343242267908,
    "mae_train": 0.0294877347349573,
    "r2_train": 0.9914029634487899,
    "mse_test": 0.0016828763833071042,
    "mae_test": 0.02932604633264246,
    "r2_test": 0.9917120327267354
}