{
    "dataset": "feynman_test_8",
    "algorithm": "RILSROLSRegressor",
    "params": {
        "complexity_penalty": 0.001,
        "error_tolerance": 1e-16,
        "max_fit_calls": 1000000,
        "max_seconds": 7200,
        "random_state": 15795
    },
    "random_state": 15795,
    "process_time": 2671.515625,
    "time_time": 2671.581958770752,
    "target_noise": 0.0,
    "feature_noise": 0.0,
    "true_model": " E_n/(1+E_n/(m*c**2)*(1-cos(theta)))",
    "model_size": 38,
    "symbolic_model": "1.02555163*x0*x1/(x1 + x3**2/x2**2) - 0.01942123*x1*x2 + 0.12372851*x3 - 0.01918182*exp(x0)*sin(x3) + 0.06281251",
    "mse_train": 0.0008192811144228191,
    "mae_train": 0.020889385800708614,
    "r2_train": 0.9958675096310403,
    "mse_test": 0.0008439471478381452,
    "mae_test": 0.02115275637927038,
    "r2_test": 0.9958303996356097
}