{
    "dataset": "feynman_test_8",
    "algorithm": "RILSROLSRegressor",
    "params": {
        "complexity_penalty": 0.001,
        "error_tolerance": 1e-16,
        "max_fit_calls": 1000000,
        "max_seconds": 7200,
        "random_state": 29910
    },
    "random_state": 29910,
    "process_time": 2391.84375,
    "time_time": 2393.2154116630554,
    "target_noise": 0.1,
    "feature_noise": 0.0,
    "true_model": " E_n/(1+E_n/(m*c**2)*(1-cos(theta)))",
    "model_size": 32,
    "symbolic_model": "2.76877993*x0**0.5 - 0.55329128*x0/(x2*(x1/(x0 + x3) + x1/x3**5)**0.5) - 1.66528659",
    "mse_train": 0.026643689752954502,
    "mae_train": 0.1285176936747117,
    "r2_train": 0.8812954513549696,
    "mse_test": 0.004730189411679655,
    "mae_test": 0.04490885891480901,
    "r2_test": 0.976806569761385
}