{
    "dataset": "feynman_test_8",
    "algorithm": "RILSROLSRegressor",
    "params": {
        "complexity_penalty": 0.001,
        "error_tolerance": 1e-16,
        "max_fit_calls": 1000000,
        "max_seconds": 7200,
        "random_state": 4426
    },
    "random_state": 4426,
    "process_time": 2432.78125,
    "time_time": 2432.9193778038025,
    "target_noise": 0.0,
    "feature_noise": 0.0,
    "true_model": " E_n/(1+E_n/(m*c**2)*(1-cos(theta)))",
    "model_size": 30,
    "symbolic_model": "-0.46636022*x0*x2*(x0*x3/x1 + log(x3))**0.5*sin(x2**(-2)) + 1.09103272*x0 + 0.05493877",
    "mse_train": 0.001654970331140662,
    "mae_train": 0.027932486531441657,
    "r2_train": 0.9918976318505023,
    "mse_test": 0.001556398315803128,
    "mae_test": 0.02762333805869088,
    "r2_test": 0.9923275470085213
}