{
    "dataset": "feynman_test_8",
    "algorithm": "RILSROLSRegressor",
    "params": {
        "complexity_penalty": 0.001,
        "error_tolerance": 1e-16,
        "max_fit_calls": 1000000,
        "max_seconds": 7200,
        "random_state": 4426
    },
    "random_state": 4426,
    "process_time": 2574.625,
    "time_time": 2579.3173427581787,
    "target_noise": 0.001,
    "feature_noise": 0.0,
    "true_model": " E_n/(1+E_n/(m*c**2)*(1-cos(theta)))",
    "model_size": 35,
    "symbolic_model": "0.8514198*0.45**(x0*x3/(x1*x2**2 + 1))*x0 + 0.17657103*x0 + 0.22549965*x3 + 0.30593675*cos(x3) - 0.38898659",
    "mse_train": 0.00043215493758903367,
    "mae_train": 0.01436315371142351,
    "r2_train": 0.9978843874144437,
    "mse_test": 0.00041712680746063306,
    "mae_test": 0.014140594782694698,
    "r2_test": 0.9979437231528512
}