{
    "dataset": "feynman_test_8",
    "algorithm": "RILSROLSRegressor",
    "params": {
        "complexity_penalty": 0.001,
        "error_tolerance": 1e-16,
        "max_fit_calls": 1000000,
        "max_seconds": 7200,
        "random_state": 860
    },
    "random_state": 860,
    "process_time": 2491.84375,
    "time_time": 2491.940211057663,
    "target_noise": 0.0,
    "feature_noise": 0.0,
    "true_model": " E_n/(1+E_n/(m*c**2)*(1-cos(theta)))",
    "model_size": 35,
    "symbolic_model": "0.05092253*x0*x1**0.5*x2 + 0.73674977*x0 - 0.5345276*x0*(x0*log(x3)/x1)**0.5/x2 + 0.12203203",
    "mse_train": 0.0021748966467679816,
    "mae_train": 0.03070271989317657,
    "r2_train": 0.9894215090260499,
    "mse_test": 0.0022140030189912,
    "mae_test": 0.031016996004636792,
    "r2_test": 0.9889037506156375
}