{
    "dataset": "feynman_test_8",
    "algorithm": "RILSROLSRegressor",
    "params": {
        "complexity_penalty": 0.001,
        "error_tolerance": 1e-16,
        "max_fit_calls": 1000000,
        "max_seconds": 7200,
        "random_state": 15795
    },
    "random_state": 15795,
    "process_time": 2630.6875,
    "time_time": 2630.8585567474365,
    "target_noise": 0.001,
    "feature_noise": 0.0,
    "true_model": " E_n/(1+E_n/(m*c**2)*(1-cos(theta)))",
    "model_size": 38,
    "symbolic_model": "1.02560357*x0*x1/(x1 + x3**2/x2**2) - 0.01948018*x1*x2 + 0.12322505*x3 - 0.01915544*exp(x0)*sin(x3) + 0.06379577",
    "mse_train": 0.0008187721685402868,
    "mae_train": 0.020925144037626978,
    "r2_train": 0.9958699780309439,
    "mse_test": 0.000841590551368705,
    "mae_test": 0.021155967390125107,
    "r2_test": 0.9958420426224044
}