{
    "dataset": "feynman_test_8",
    "algorithm": "RILSROLSRegressor",
    "params": {
        "complexity_penalty": 0.001,
        "error_tolerance": 1e-16,
        "max_fit_calls": 1000000,
        "max_seconds": 7200,
        "random_state": 5390
    },
    "random_state": 5390,
    "process_time": 2525.375,
    "time_time": 2525.9428968429565,
    "target_noise": 0.001,
    "feature_noise": 0.0,
    "true_model": " E_n/(1+E_n/(m*c**2)*(1-cos(theta)))",
    "model_size": 38,
    "symbolic_model": "0.29321013*x0*log(x2) + 0.20954941*x0*cos(x3) - 0.21203526*x1*x2**2/(x2 + x3) + 0.58622622*(x0*x1*x2)**0.5",
    "mse_train": 0.0013205629298372326,
    "mae_train": 0.024200473035662914,
    "r2_train": 0.9935649348678463,
    "mse_test": 0.0013084358981231318,
    "mae_test": 0.024023401585516108,
    "r2_test": 0.9935376704311679
}