{
    "dataset": "feynman_test_8",
    "algorithm": "RILSROLSRegressor",
    "params": {
        "complexity_penalty": 0.001,
        "error_tolerance": 1e-16,
        "max_fit_calls": 1000000,
        "max_seconds": 7200,
        "random_state": 5390
    },
    "random_state": 5390,
    "process_time": 2548.84375,
    "time_time": 2548.8982813358307,
    "target_noise": 0.0,
    "feature_noise": 0.0,
    "true_model": " E_n/(1+E_n/(m*c**2)*(1-cos(theta)))",
    "model_size": 38,
    "symbolic_model": "0.29271916*x0*log(x2) + 0.2097381*x0*cos(x3) - 0.21231652*x1*x2**2/(x2 + x3) + 0.58726419*(x0*x1*x2)**0.5",
    "mse_train": 0.0012952990961129073,
    "mae_train": 0.023991931778472697,
    "r2_train": 0.9936872824472341,
    "mse_test": 0.0012832674885549212,
    "mae_test": 0.023824161208339727,
    "r2_test": 0.993661976526397
}