{
    "dataset": "feynman_test_8",
    "algorithm": "RILSROLSRegressor",
    "params": {
        "complexity_penalty": 0.001,
        "error_tolerance": 1e-16,
        "max_fit_calls": 1000000,
        "max_seconds": 7200,
        "random_state": 14423
    },
    "random_state": 14423,
    "process_time": 3020.84375,
    "time_time": 3023.6690216064453,
    "target_noise": 0.0,
    "feature_noise": 0.0,
    "true_model": " E_n/(1+E_n/(m*c**2)*(1-cos(theta)))",
    "model_size": 43,
    "symbolic_model": "0.06959696*x0*x1 + 0.46014956*x0*sin(10/(x2 + 2)) + 0.18837516 + 1.63055915/(0.5 + x3**2/x1 + x1*x2/x0**2)",
    "mse_train": 0.0008988160386707605,
    "mae_train": 0.022741782497182613,
    "r2_train": 0.995488612259289,
    "mse_test": 0.0009259203508746052,
    "mae_test": 0.023128330728211934,
    "r2_test": 0.9954208445944128
}