{
    "dataset": "feynman_II_37_1",
    "algorithm": "RILSROLSRegressor",
    "params": {
        "complexity_penalty": 0.001,
        "error_tolerance": 1e-16,
        "max_fit_calls": 1000000,
        "max_seconds": 7200,
        "random_state": 5390
    },
    "random_state": 5390,
    "process_time": 3.9375,
    "time_time": 3.929999828338623,
    "target_noise": 0.0,
    "feature_noise": 0.0,
    "true_model": " mom*(1+chi)*B",
    "model_size": 8,
    "symbolic_model": "x0*x1*(x2 + 1)",
    "mse_train": 1.0140864129031735e-28,
    "mae_train": 6.2595706395995876e-15,
    "r2_train": 1.0,
    "mse_test": 1.0198111370493172e-28,
    "mae_test": 6.305143074314401e-15,
    "r2_test": 1.0
}