{
    "dataset": "feynman_II_37_1",
    "algorithm": "RILSROLSRegressor",
    "params": {
        "complexity_penalty": 0.001,
        "error_tolerance": 1e-16,
        "max_fit_calls": 1000000,
        "max_seconds": 7200,
        "random_state": 16850
    },
    "random_state": 16850,
    "process_time": 1840.96875,
    "time_time": 1841.3255953788757,
    "target_noise": 0.001,
    "feature_noise": 0.0,
    "true_model": " mom*(1+chi)*B",
    "model_size": 8,
    "symbolic_model": "x0*x1*(x2 + 1)",
    "mse_train": 0.0018606805106507536,
    "mae_train": 0.034499741002703616,
    "r2_train": 0.9999965027003999,
    "mse_test": 1.0326583679795655e-28,
    "mae_test": 6.3004890193951726e-15,
    "r2_test": 1.0
}