{
    "dataset": "feynman_II_37_1",
    "algorithm": "RILSROLSRegressor",
    "params": {
        "complexity_penalty": 0.001,
        "error_tolerance": 1e-16,
        "max_fit_calls": 1000000,
        "max_seconds": 7200,
        "random_state": 14423
    },
    "random_state": 14423,
    "process_time": 3.796875,
    "time_time": 3.80802583694458,
    "target_noise": 0.0,
    "feature_noise": 0.0,
    "true_model": " mom*(1+chi)*B",
    "model_size": 8,
    "symbolic_model": "x0*x1*(x2 + 1)",
    "mse_train": 1.0616637973884106e-28,
    "mae_train": 6.311262623626135e-15,
    "r2_train": 1.0,
    "mse_test": 1.0155027732154525e-28,
    "mae_test": 6.306262179123223e-15,
    "r2_test": 1.0
}