{
    "dataset": "feynman_II_37_1",
    "algorithm": "RILSROLSRegressor",
    "params": {
        "complexity_penalty": 0.001,
        "error_tolerance": 1e-16,
        "max_fit_calls": 1000000,
        "max_seconds": 7200,
        "random_state": 5390
    },
    "random_state": 5390,
    "process_time": 2651.078125,
    "time_time": 2652.04865026474,
    "target_noise": 0.001,
    "feature_noise": 0.0,
    "true_model": " mom*(1+chi)*B",
    "model_size": 8,
    "symbolic_model": "x1*(x0*x2 + x0)",
    "mse_train": 0.0018518128523256586,
    "mae_train": 0.03436201528145991,
    "r2_train": 0.9999966388682142,
    "mse_test": 1.0097765896766343e-28,
    "mae_test": 6.166285260178483e-15,
    "r2_test": 1.0
}