{
    "dataset": "feynman_II_37_1",
    "algorithm": "RILSROLSRegressor",
    "params": {
        "complexity_penalty": 0.001,
        "error_tolerance": 1e-16,
        "max_fit_calls": 1000000,
        "max_seconds": 7200,
        "random_state": 29910
    },
    "random_state": 29910,
    "process_time": 3.8125,
    "time_time": 3.8080384731292725,
    "target_noise": 0.0,
    "feature_noise": 0.0,
    "true_model": " mom*(1+chi)*B",
    "model_size": 8,
    "symbolic_model": "x0*x1*(x2 + 1)",
    "mse_train": 1.0054807292881175e-28,
    "mae_train": 6.266853702641129e-15,
    "r2_train": 1.0,
    "mse_test": 1.0027664561284784e-28,
    "mae_test": 6.274358810287595e-15,
    "r2_test": 1.0
}