{
    "dataset": "feynman_II_37_1",
    "algorithm": "RILSROLSRegressor",
    "params": {
        "complexity_penalty": 0.001,
        "error_tolerance": 1e-16,
        "max_fit_calls": 1000000,
        "max_seconds": 7200,
        "random_state": 4426
    },
    "random_state": 4426,
    "process_time": 2270.640625,
    "time_time": 2271.4116604328156,
    "target_noise": 0.01,
    "feature_noise": 0.0,
    "true_model": " mom*(1+chi)*B",
    "model_size": 36,
    "symbolic_model": "0.99954832*x0*x1*x2 + 1.00436692*x0*x1 + 0.54093166*sin(x0**x2*(x0 + x2)**2 + 1/(x2 - 1))*cos(x0)",
    "mse_train": 0.24649822318109432,
    "mae_train": 0.396959251936853,
    "r2_train": 0.9995575941950772,
    "mse_test": 0.06056420305793391,
    "mae_test": 0.1917432976704855,
    "r2_test": 0.9998906043212495
}