{
    "dataset": "feynman_I_15_3x",
    "algorithm": "RILSROLSRegressor",
    "params": {
        "complexity_penalty": 0.001,
        "error_tolerance": 1e-16,
        "max_fit_calls": 1000000,
        "max_seconds": 7200,
        "random_state": 14423
    },
    "random_state": 14423,
    "process_time": 2532.34375,
    "time_time": 2533.7774143218994,
    "target_noise": 0.1,
    "feature_noise": 0.0,
    "true_model": " (x-u*t)/sqrt(1-u**2/c**2)",
    "model_size": 43,
    "symbolic_model": "0.04818696*x2*x3 - 0.0222553*x2*exp(x1) - 3.07643526*x3 + 0.05074736*(x0 + x3)**2 - 0.60905418*sin(x2)*cos((0.5*x2 + 5)/x1) + 6.14305141",
    "mse_train": 0.4631544688865969,
    "mae_train": 0.5426575217397361,
    "r2_train": 0.8391175222417104,
    "mse_test": 0.1507002990030585,
    "mae_test": 0.3128336148237626,
    "r2_test": 0.9416820182594757
}