{
    "dataset": "feynman_I_15_3x",
    "algorithm": "RILSROLSRegressor",
    "params": {
        "complexity_penalty": 0.001,
        "error_tolerance": 1e-16,
        "max_fit_calls": 1000000,
        "max_seconds": 7200,
        "random_state": 29910
    },
    "random_state": 29910,
    "process_time": 3420.34375,
    "time_time": 3429.2330663204193,
    "target_noise": 0.001,
    "feature_noise": 0.0,
    "true_model": " (x-u*t)/sqrt(1-u**2/c**2)",
    "model_size": 28,
    "symbolic_model": "0.94086104*x0 + 0.01287178*x0**1.5/(x1/x2 - 1)**2 - 1.01848229*x1*x3 + 0.18073919",
    "mse_train": 0.0007491942482553221,
    "mae_train": 0.01344020904634514,
    "r2_train": 0.9997087170360267,
    "mse_test": 0.0007257712806228895,
    "mae_test": 0.012033255636018621,
    "r2_test": 0.9997165863354438
}