{
    "dataset": "feynman_I_15_3x",
    "algorithm": "RILSROLSRegressor",
    "params": {
        "complexity_penalty": 0.001,
        "error_tolerance": 1e-16,
        "max_fit_calls": 1000000,
        "max_seconds": 7200,
        "random_state": 21962
    },
    "random_state": 21962,
    "process_time": 2363.5,
    "time_time": 2364.801102876663,
    "target_noise": 0.1,
    "feature_noise": 0.0,
    "true_model": " (x-u*t)/sqrt(1-u**2/c**2)",
    "model_size": 29,
    "symbolic_model": "1.01848145*x0 + 35.01125796*x0*x3/x2**5 - 1.21749069*x3*sin(10/(x1 + x3)) - 2.62304487",
    "mse_train": 0.356550385178299,
    "mae_train": 0.4762256107747319,
    "r2_train": 0.8747207482508482,
    "mse_test": 0.041156641238597816,
    "mae_test": 0.14129572317324024,
    "r2_test": 0.9842478475790746
}