{
    "dataset": "feynman_I_15_3x",
    "algorithm": "RILSROLSRegressor",
    "params": {
        "complexity_penalty": 0.001,
        "error_tolerance": 1e-16,
        "max_fit_calls": 1000000,
        "max_seconds": 7200,
        "random_state": 23654
    },
    "random_state": 23654,
    "process_time": 2342.21875,
    "time_time": 2358.9602284431458,
    "target_noise": 0.01,
    "feature_noise": 0.0,
    "true_model": " (x-u*t)/sqrt(1-u**2/c**2)",
    "model_size": 24,
    "symbolic_model": "-0.15307378*x0*cos(x1/log(x2)**1.57079633) + 1.16482351*x0 - 1.00024179*x1*x3 - 0.11947254",
    "mse_train": 0.004413082258734148,
    "mae_train": 0.05123464208210485,
    "r2_train": 0.9983128510562136,
    "mse_test": 0.0012761856060758826,
    "mae_test": 0.024122919079383073,
    "r2_test": 0.9995056208875199
}