{
    "dataset": "feynman_I_15_3x",
    "algorithm": "RILSROLSRegressor",
    "params": {
        "complexity_penalty": 0.001,
        "error_tolerance": 1e-16,
        "max_fit_calls": 1000000,
        "max_seconds": 7200,
        "random_state": 21962
    },
    "random_state": 21962,
    "process_time": 2384.140625,
    "time_time": 2384.272040605545,
    "target_noise": 0.0,
    "feature_noise": 0.0,
    "true_model": " (x-u*t)/sqrt(1-u**2/c**2)",
    "model_size": 24,
    "symbolic_model": "0.08907504*x0*x1/(-1.2*x1 + x2) + 0.99922751*x0 - 1.0228164*x1*x3",
    "mse_train": 0.0007973308216057183,
    "mae_train": 0.015073645359292016,
    "r2_train": 0.9996857236049178,
    "mse_test": 0.0008802065524831468,
    "mae_test": 0.015204467892444132,
    "r2_test": 0.999663112747801
}