{
    "dataset": "feynman_I_15_3x",
    "algorithm": "RILSROLSRegressor",
    "params": {
        "complexity_penalty": 0.001,
        "error_tolerance": 1e-16,
        "max_fit_calls": 1000000,
        "max_seconds": 7200,
        "random_state": 15795
    },
    "random_state": 15795,
    "process_time": 2271.96875,
    "time_time": 2272.087799549103,
    "target_noise": 0.0,
    "feature_noise": 0.0,
    "true_model": " (x-u*t)/sqrt(1-u**2/c**2)",
    "model_size": 22,
    "symbolic_model": "0.40184177*x0*x1**2/x2**2 + 1.00405431*x0 - 1.01645931*x1*x3",
    "mse_train": 0.000800509966089734,
    "mae_train": 0.01199620937580537,
    "r2_train": 0.9996914616748952,
    "mse_test": 0.0008157141756240445,
    "mae_test": 0.01204845563598928,
    "r2_test": 0.9996850250481577
}