{
    "dataset": "feynman_II_3_24",
    "algorithm": "RILSROLSRegressor",
    "params": {
        "complexity_penalty": 0.001,
        "error_tolerance": 1e-16,
        "max_fit_calls": 1000000,
        "max_seconds": 7200,
        "random_state": 5390
    },
    "random_state": 5390,
    "process_time": 2125.34375,
    "time_time": 2126.010039329529,
    "target_noise": 0.001,
    "feature_noise": 0.0,
    "true_model": " Pwr/(4*3.1415926535*r**2)",
    "model_size": 8,
    "symbolic_model": "0.07957831*x0/x1**2",
    "mse_train": 5.703671014583996e-09,
    "mae_train": 6.030802533609423e-05,
    "r2_train": 0.9999982785211557,
    "mse_test": 6.057639151659957e-13,
    "mae_test": 5.027002704760444e-07,
    "r2_test": 0.9999999998095251
}