{
    "dataset": "feynman_II_3_24",
    "algorithm": "RILSROLSRegressor",
    "params": {
        "complexity_penalty": 0.001,
        "error_tolerance": 1e-16,
        "max_fit_calls": 1000000,
        "max_seconds": 7200,
        "random_state": 23654
    },
    "random_state": 23654,
    "process_time": 2.890625,
    "time_time": 2.8950421810150146,
    "target_noise": 0.0,
    "feature_noise": 0.0,
    "true_model": " Pwr/(4*3.1415926535*r**2)",
    "model_size": 8,
    "symbolic_model": "0.07957747*x0/x1**2",
    "mse_train": 2.0856216221572345e-18,
    "mae_train": 9.372964581832055e-10,
    "r2_train": 0.9999999999999993,
    "mse_test": 2.0825141301859837e-18,
    "mae_test": 9.325493035002539e-10,
    "r2_test": 0.9999999999999993
}