{
    "dataset": "feynman_II_3_24",
    "algorithm": "RILSROLSRegressor",
    "params": {
        "complexity_penalty": 0.001,
        "error_tolerance": 1e-16,
        "max_fit_calls": 1000000,
        "max_seconds": 7200,
        "random_state": 21962
    },
    "random_state": 21962,
    "process_time": 1998.484375,
    "time_time": 1999.1590328216553,
    "target_noise": 0.1,
    "feature_noise": 0.0,
    "true_model": " Pwr/(4*3.1415926535*r**2)",
    "model_size": 8,
    "symbolic_model": "0.07938419*x0/x1**2",
    "mse_train": 5.7659893487820803e-05,
    "mae_train": 0.006069339497548066,
    "r2_train": 0.9830667604485802,
    "mse_test": 3.210778681621374e-08,
    "mae_test": 0.00011551870577319712,
    "r2_test": 0.9999899050629517
}