{
    "dataset": "feynman_II_3_24",
    "algorithm": "RILSROLSRegressor",
    "params": {
        "complexity_penalty": 0.001,
        "error_tolerance": 1e-16,
        "max_fit_calls": 1000000,
        "max_seconds": 7200,
        "random_state": 15795
    },
    "random_state": 15795,
    "process_time": 1725.640625,
    "time_time": 1725.8799991607666,
    "target_noise": 0.001,
    "feature_noise": 0.0,
    "true_model": " Pwr/(4*3.1415926535*r**2)",
    "model_size": 8,
    "symbolic_model": "0.07958145*x0/x1**2",
    "mse_train": 5.305151679970047e-09,
    "mae_train": 5.817386676615316e-05,
    "r2_train": 0.9999982783556809,
    "mse_test": 1.376046379994712e-11,
    "mae_test": 2.3936881213313e-06,
    "r2_test": 0.9999999957172082
}