{
    "dataset": "feynman_II_3_24",
    "algorithm": "RILSROLSRegressor",
    "params": {
        "complexity_penalty": 0.001,
        "error_tolerance": 1e-16,
        "max_fit_calls": 1000000,
        "max_seconds": 7200,
        "random_state": 860
    },
    "random_state": 860,
    "process_time": 1777.78125,
    "time_time": 1778.000759601593,
    "target_noise": 0.001,
    "feature_noise": 0.0,
    "true_model": " Pwr/(4*3.1415926535*r**2)",
    "model_size": 8,
    "symbolic_model": "0.07956915*x0/x1**2",
    "mse_train": 5.733760139913792e-09,
    "mae_train": 6.063733632541418e-05,
    "r2_train": 0.9999982411006167,
    "mse_test": 6.053987866410449e-11,
    "mae_test": 5.035473772952908e-06,
    "r2_test": 0.9999999811840763
}