{
    "dataset": "feynman_II_11_3",
    "algorithm": "RILSROLSRegressor",
    "params": {
        "complexity_penalty": 0.001,
        "error_tolerance": 1e-16,
        "max_fit_calls": 1000000,
        "max_seconds": 7200,
        "random_state": 29910
    },
    "random_state": 29910,
    "process_time": 2295.828125,
    "time_time": 2296.1539278030396,
    "target_noise": 0.001,
    "feature_noise": 0.0,
    "true_model": " q*Ef/(m*(omega_0**2-omega**2))",
    "model_size": 22,
    "symbolic_model": "-1.000122*x0*x1/(x2*(-x3**2 + x4**2))",
    "mse_train": 4.917822552674518e-08,
    "mae_train": 0.00017739020599964273,
    "r2_train": 0.9999967727680374,
    "mse_test": 6.989167915593509e-10,
    "mae_test": 2.1683021746523533e-05,
    "r2_test": 0.9999999545264698
}