{
    "dataset": "feynman_II_11_3",
    "algorithm": "RILSROLSRegressor",
    "params": {
        "complexity_penalty": 0.001,
        "error_tolerance": 1e-16,
        "max_fit_calls": 1000000,
        "max_seconds": 7200,
        "random_state": 29910
    },
    "random_state": 29910,
    "process_time": 783.984375,
    "time_time": 783.9973015785217,
    "target_noise": 0.0,
    "feature_noise": 0.0,
    "true_model": " q*Ef/(m*(omega_0**2-omega**2))",
    "model_size": 22,
    "symbolic_model": "-x0*x1/(x2*(-x3**2 + x4**2))",
    "mse_train": 8.391919546814126e-33,
    "mae_train": 6.505421201730143e-17,
    "r2_train": 1.0,
    "mse_test": 8.113085335395687e-33,
    "mae_test": 6.388653495115193e-17,
    "r2_test": 1.0
}