{
    "dataset": "feynman_II_11_3",
    "algorithm": "RILSROLSRegressor",
    "params": {
        "complexity_penalty": 0.001,
        "error_tolerance": 1e-16,
        "max_fit_calls": 1000000,
        "max_seconds": 7200,
        "random_state": 21962
    },
    "random_state": 21962,
    "process_time": 2327.625,
    "time_time": 2331.010321378708,
    "target_noise": 0.001,
    "feature_noise": 0.0,
    "true_model": " q*Ef/(m*(omega_0**2-omega**2))",
    "model_size": 22,
    "symbolic_model": "-1.0000517*x0*x1/(x2*(-x3**2 + x4**2))",
    "mse_train": 4.793535324827754e-08,
    "mae_train": 0.0001752059962094573,
    "r2_train": 0.9999969247291891,
    "mse_test": 1.2664113976992013e-10,
    "mae_test": 9.251915528435437e-06,
    "r2_test": 0.9999999917526449
}