{
    "dataset": "feynman_II_11_3",
    "algorithm": "RILSROLSRegressor",
    "params": {
        "complexity_penalty": 0.001,
        "error_tolerance": 1e-16,
        "max_fit_calls": 1000000,
        "max_seconds": 7200,
        "random_state": 4426
    },
    "random_state": 4426,
    "process_time": 2180.0,
    "time_time": 2180.936508655548,
    "target_noise": 0.1,
    "feature_noise": 0.0,
    "true_model": " q*Ef/(m*(omega_0**2-omega**2))",
    "model_size": 21,
    "symbolic_model": "1.74789923*x0*x1/(x2*(x3 + log(x3 - x4))**2)",
    "mse_train": 0.0004885607060445006,
    "mae_train": 0.017682185547563598,
    "r2_train": 0.967865649743605,
    "mse_test": 2.0582625017870742e-05,
    "mae_test": 0.002751346477178271,
    "r2_test": 0.998655525286799
}