{
    "dataset": "feynman_II_11_3",
    "algorithm": "RILSROLSRegressor",
    "params": {
        "complexity_penalty": 0.001,
        "error_tolerance": 1e-16,
        "max_fit_calls": 1000000,
        "max_seconds": 7200,
        "random_state": 28020
    },
    "random_state": 28020,
    "process_time": 3364.109375,
    "time_time": 4654.42555642128,
    "target_noise": 0.01,
    "feature_noise": 0.0,
    "true_model": " q*Ef/(m*(omega_0**2-omega**2))",
    "model_size": 22,
    "symbolic_model": "-0.99844476*x0*x1/(x2*(-x3**2 + x4**2))",
    "mse_train": 4.8346645999094166e-06,
    "mae_train": 0.0017446370682691055,
    "r2_train": 0.9996743491148798,
    "mse_test": 1.1319709641531673e-07,
    "mae_test": 0.0002772238290737787,
    "r2_test": 0.9999924664988219
}