{
    "dataset": "feynman_II_11_3",
    "algorithm": "RILSROLSRegressor",
    "params": {
        "complexity_penalty": 0.001,
        "error_tolerance": 1e-16,
        "max_fit_calls": 1000000,
        "max_seconds": 7200,
        "random_state": 21962
    },
    "random_state": 21962,
    "process_time": 3050.328125,
    "time_time": 3057.906340122223,
    "target_noise": 0.01,
    "feature_noise": 0.0,
    "true_model": " q*Ef/(m*(omega_0**2-omega**2))",
    "model_size": 22,
    "symbolic_model": "-1.00051699*x0*x1/(x2*(-x3**2 + x4**2))",
    "mse_train": 4.793534822002023e-06,
    "mae_train": 0.0017520598420267823,
    "r2_train": 0.9996925404292515,
    "mse_test": 1.2663624073999972e-08,
    "mae_test": 9.25173657453112e-05,
    "r2_test": 0.999999175296392
}