{
    "dataset": "feynman_I_24_6",
    "algorithm": "RILSROLSRegressor",
    "params": {
        "complexity_penalty": 0.001,
        "error_tolerance": 1e-16,
        "max_fit_calls": 1000000,
        "max_seconds": 7200,
        "random_state": 28020
    },
    "random_state": 28020,
    "process_time": 2671.453125,
    "time_time": 2717.010055065155,
    "target_noise": 0.01,
    "feature_noise": 0.0,
    "true_model": " 1/2*m*(omega**2+omega_0**2)*1/2*x**2",
    "model_size": 26,
    "symbolic_model": "0.25024195*x0*x1**2*x3**2 + 0.24767771*x0*x2**2*x3**2 + 0.06686562",
    "mse_train": 0.061904956567329306,
    "mae_train": 0.19734388018997348,
    "r2_train": 0.9996985306614231,
    "mse_test": 0.005656100767878767,
    "mae_test": 0.05322212940930927,
    "r2_test": 0.999973237812655
}