{
    "dataset": "feynman_I_24_6",
    "algorithm": "RILSROLSRegressor",
    "params": {
        "complexity_penalty": 0.001,
        "error_tolerance": 1e-16,
        "max_fit_calls": 1000000,
        "max_seconds": 7200,
        "random_state": 4426
    },
    "random_state": 4426,
    "process_time": 2511.796875,
    "time_time": 2514.4479818344116,
    "target_noise": 0.01,
    "feature_noise": 0.0,
    "true_model": " 1/2*m*(omega**2+omega_0**2)*1/2*x**2",
    "model_size": 29,
    "symbolic_model": "0.24949271*x0*x1**2*x3**2 + 0.24789168*x0*x2**2*x3**2 - 0.15865565*cos(x1)",
    "mse_train": 0.07064154472977605,
    "mae_train": 0.21236652233595252,
    "r2_train": 0.9996689045209887,
    "mse_test": 0.012202007929159117,
    "mae_test": 0.08595330809542145,
    "r2_test": 0.9999414428352658
}