{
    "dataset": "feynman_I_24_6",
    "algorithm": "RILSROLSRegressor",
    "params": {
        "complexity_penalty": 0.001,
        "error_tolerance": 1e-16,
        "max_fit_calls": 1000000,
        "max_seconds": 7200,
        "random_state": 29910
    },
    "random_state": 29910,
    "process_time": 3050.234375,
    "time_time": 3058.005003929138,
    "target_noise": 0.001,
    "feature_noise": 0.0,
    "true_model": " 1/2*m*(omega**2+omega_0**2)*1/2*x**2",
    "model_size": 22,
    "symbolic_model": "x0*(0.25006749*x1**2*x3**2 + 0.24998064*x2**2*x3**2)",
    "mse_train": 0.0006080891152963418,
    "mae_train": 0.019725772758851276,
    "r2_train": 0.9999972105337886,
    "mse_test": 7.457811511407011e-06,
    "mae_test": 0.0018777133346407058,
    "r2_test": 0.999999964610451
}