{
    "dataset": "feynman_II_8_31",
    "algorithm": "RILSROLSRegressor",
    "params": {
        "complexity_penalty": 0.001,
        "error_tolerance": 1e-16,
        "fitness_type": "FitnessType.BIC",
        "initial_sample_size": 0.01,
        "max_fit_calls": 1000000,
        "max_seconds": 7200,
        "random_perturbations_order": false,
        "random_state": 15795,
        "verbose": false
    },
    "random_state": 15795,
    "process_time": 2158.90625,
    "time_time": 2159.18297290802,
    "target_noise": 0.001,
    "feature_noise": 0.0,
    "true_model": " epsilon*Ef**2/2",
    "model_size": 8,
    "symbolic_model": "0.49997242*x0*x1**2",
    "mse_train": 0.0004111803768261679,
    "mae_train": 0.01618976189561842,
    "r2_train": 0.9999975516245145,
    "mse_test": 1.248693614485521e-06,
    "mae_test": 0.0008627839405422008,
    "r2_test": 0.999999992466139
}