{
    "dataset": "feynman_II_15_4",
    "algorithm": "RILSROLSRegressor",
    "params": {
        "complexity_penalty": 0.001,
        "error_tolerance": 1e-16,
        "fitness_type": "FitnessType.BIC",
        "initial_sample_size": 0.01,
        "max_fit_calls": 1000000,
        "max_seconds": 7200,
        "random_perturbations_order": false,
        "random_state": 23654,
        "verbose": false
    },
    "random_state": 23654,
    "process_time": 1864.859375,
    "time_time": 1865.0857615470886,
    "target_noise": 0.001,
    "feature_noise": 0.0,
    "true_model": " -mom*B*cos(theta)",
    "model_size": 9,
    "symbolic_model": "-0.99985994*x0*x1*cos(x2)",
    "mse_train": 4.370707779074545e-05,
    "mae_train": 0.005280705350620619,
    "r2_train": 0.9999983584888502,
    "mse_test": 8.604706890201226e-07,
    "mae_test": 0.0006907836372698638,
    "r2_test": 0.9999999688252967
}