{
    "dataset": "feynman_II_11_20",
    "algorithm": "RILSROLSRegressor",
    "params": {
        "complexity_penalty": 0.001,
        "error_tolerance": 1e-16,
        "max_fit_calls": 1000000,
        "max_seconds": 7200,
        "random_state": 14423
    },
    "random_state": 14423,
    "process_time": 4048.671875,
    "time_time": 4068.155003786087,
    "target_noise": 0.001,
    "feature_noise": 0.0,
    "true_model": " n_rho*p_d**2*Ef/(3*kb*T)",
    "model_size": 18,
    "symbolic_model": "0.33338334*x0*x1**2*x2/(x3*x4)",
    "mse_train": 7.707725895756143e-05,
    "mae_train": 0.006960259232406311,
    "r2_train": 0.9999984566413769,
    "mse_test": 1.6507124885485732e-06,
    "mae_test": 0.0007541297298530499,
    "r2_test": 0.999999965664596
}