{
    "dataset": "feynman_II_11_20",
    "algorithm": "RILSROLSRegressor",
    "params": {
        "complexity_penalty": 0.001,
        "error_tolerance": 1e-16,
        "max_fit_calls": 1000000,
        "max_seconds": 7200,
        "random_state": 5390
    },
    "random_state": 5390,
    "process_time": 3257.546875,
    "time_time": 3258.4864177703857,
    "target_noise": 0.001,
    "feature_noise": 0.0,
    "true_model": " n_rho*p_d**2*Ef/(3*kb*T)",
    "model_size": 18,
    "symbolic_model": "0.33334648*x0*x1**2*x2/(x3*x4)",
    "mse_train": 7.170898382945102e-05,
    "mae_train": 0.006762330239358417,
    "r2_train": 0.9999984630141971,
    "mse_test": 1.1444130284816269e-07,
    "mae_test": 0.00019882993431963417,
    "r2_test": 0.9999999976235503
}