{
    "dataset": "feynman_II_11_20",
    "algorithm": "RILSROLSRegressor",
    "params": {
        "complexity_penalty": 0.001,
        "error_tolerance": 1e-16,
        "max_fit_calls": 1000000,
        "max_seconds": 7200,
        "random_state": 28020
    },
    "random_state": 28020,
    "process_time": 1094.40625,
    "time_time": 1095.0269994735718,
    "target_noise": 0.0,
    "feature_noise": 0.0,
    "true_model": " n_rho*p_d**2*Ef/(3*kb*T)",
    "model_size": 18,
    "symbolic_model": "0.33333333*x0*x1**2*x2/(x3*x4)",
    "mse_train": 6.967278381416708e-15,
    "mae_train": 4.964101439826965e-08,
    "r2_train": 0.9999999999999999,
    "mse_test": 7.227764970158589e-15,
    "mae_test": 5.009809887492805e-08,
    "r2_test": 0.9999999999999999
}