{
    "dataset": "feynman_II_11_20",
    "algorithm": "RILSROLSRegressor",
    "params": {
        "complexity_penalty": 0.001,
        "error_tolerance": 1e-16,
        "max_fit_calls": 1000000,
        "max_seconds": 7200,
        "random_state": 4426
    },
    "random_state": 4426,
    "process_time": 49.90625,
    "time_time": 49.91132044792175,
    "target_noise": 0.0,
    "feature_noise": 0.0,
    "true_model": " n_rho*p_d**2*Ef/(3*kb*T)",
    "model_size": 18,
    "symbolic_model": "0.33333333*x0*x1**2*x2/(x3*x4)",
    "mse_train": 7.056034772272864e-15,
    "mae_train": 4.9684816643999486e-08,
    "r2_train": 0.9999999999999999,
    "mse_test": 7.304544293385146e-15,
    "mae_test": 5.005648163956461e-08,
    "r2_test": 0.9999999999999999
}