{
    "dataset": "feynman_II_2_42",
    "algorithm": "RILSROLSRegressor",
    "params": {
        "complexity_penalty": 0.001,
        "error_tolerance": 1e-16,
        "max_fit_calls": 1000000,
        "max_seconds": 7200,
        "random_state": 29910
    },
    "random_state": 29910,
    "process_time": 2798.046875,
    "time_time": 2807.097842693329,
    "target_noise": 0.01,
    "feature_noise": 0.0,
    "true_model": " kappa*(T2-T1)*A/d",
    "model_size": 16,
    "symbolic_model": "x0*x3*(-0.99960697*x1 + 1.00060497*x2)/x4",
    "mse_train": 0.005773042713939921,
    "mae_train": 0.06070301981995709,
    "r2_train": 0.999894072147781,
    "mse_test": 0.00020516938853042734,
    "mae_test": 0.010810811824298846,
    "r2_test": 0.999996418565093
}