{
    "dataset": "feynman_II_2_42",
    "algorithm": "RILSROLSRegressor",
    "params": {
        "complexity_penalty": 0.001,
        "error_tolerance": 1e-16,
        "max_fit_calls": 1000000,
        "max_seconds": 7200,
        "random_state": 16850
    },
    "random_state": 16850,
    "process_time": 3558.71875,
    "time_time": 3558.8558480739594,
    "target_noise": 0.0,
    "feature_noise": 0.0,
    "true_model": " kappa*(T2-T1)*A/d",
    "model_size": 61,
    "symbolic_model": "-0.01456957*2**x2*x1 - 0.00109*x1**5 + 0.98628434*x1 - 1.73308207 + 0.42763127*(x0 + x3)**2*log(2**x2/x1**2 + x1**(-2))/x4 - 0.44314582*(x0 + x3)**2/(x1**2*x4)",
    "mse_train": 0.6437499462310198,
    "mae_train": 0.48291486055648164,
    "r2_train": 0.9883966085444932,
    "mse_test": 0.6326354931237999,
    "mae_test": 0.47594117089922255,
    "r2_test": 0.988552123730472
}