{
    "dataset": "feynman_II_2_42",
    "algorithm": "RILSROLSRegressor",
    "params": {
        "complexity_penalty": 0.001,
        "error_tolerance": 1e-16,
        "max_fit_calls": 1000000,
        "max_seconds": 7200,
        "random_state": 21962
    },
    "random_state": 21962,
    "process_time": 3219.140625,
    "time_time": 3418.4112010002136,
    "target_noise": 0.001,
    "feature_noise": 0.0,
    "true_model": " kappa*(T2-T1)*A/d",
    "model_size": 64,
    "symbolic_model": "-40.76989196*x0*x1*x3/(x2 + 3.14159265*x4) + 34.61335792*x0*x1*x3/(x2 + 2.88*x4) + 74.38162916*x0*x2*x3/(x1 + 3.14159265*x4) - 68.14904581*x0*x2*x3/(x1 + 3*x4)",
    "mse_train": 0.006492230476098021,
    "mae_train": 0.05000861493274343,
    "r2_train": 0.9998871452829766,
    "mse_test": 0.0062484111110145645,
    "mae_test": 0.04848000683803681,
    "r2_test": 0.9998908827465544
}