{
    "dataset": "feynman_II_2_42",
    "algorithm": "RILSROLSRegressor",
    "params": {
        "complexity_penalty": 0.001,
        "error_tolerance": 1e-16,
        "max_fit_calls": 1000000,
        "max_seconds": 7200,
        "random_state": 5390
    },
    "random_state": 5390,
    "process_time": 3005.609375,
    "time_time": 3006.950929403305,
    "target_noise": 0.001,
    "feature_noise": 0.0,
    "true_model": " kappa*(T2-T1)*A/d",
    "model_size": 16,
    "symbolic_model": "0.99984177*x0*x3*(-x1 + x2)/x4",
    "mse_train": 5.8490017176701634e-05,
    "mae_train": 0.006102605975822402,
    "r2_train": 0.9999989676892018,
    "mse_test": 1.410437200845968e-06,
    "mae_test": 0.0007635192394516287,
    "r2_test": 0.9999999749618531
}