{
    "dataset": "feynman_II_2_42",
    "algorithm": "RILSROLSRegressor",
    "params": {
        "complexity_penalty": 0.001,
        "error_tolerance": 1e-16,
        "max_fit_calls": 1000000,
        "max_seconds": 7200,
        "random_state": 23654
    },
    "random_state": 23654,
    "process_time": 3432.15625,
    "time_time": 3437.1371915340424,
    "target_noise": 0.01,
    "feature_noise": 0.0,
    "true_model": " kappa*(T2-T1)*A/d",
    "model_size": 16,
    "symbolic_model": "0.9983733*x0*x3*(-x1 + x2)/x4",
    "mse_train": 0.005913991914290742,
    "mae_train": 0.06146267972062811,
    "r2_train": 0.999896315171724,
    "mse_test": 0.00014824980774589966,
    "mae_test": 0.007829881882633522,
    "r2_test": 0.9999973538425861
}