{
    "dataset": "feynman_II_2_42",
    "algorithm": "RILSROLSRegressor",
    "params": {
        "complexity_penalty": 0.001,
        "error_tolerance": 1e-16,
        "max_fit_calls": 1000000,
        "max_seconds": 7200,
        "random_state": 23654
    },
    "random_state": 23654,
    "process_time": 3479.546875,
    "time_time": 3481.885022163391,
    "target_noise": 0.001,
    "feature_noise": 0.0,
    "true_model": " kappa*(T2-T1)*A/d",
    "model_size": 16,
    "symbolic_model": "0.99983608*x0*x3*(-x1 + x2)/x4",
    "mse_train": 5.916321145929645e-05,
    "mae_train": 0.006147454587809328,
    "r2_train": 0.9999989626380816,
    "mse_test": 1.5053694433261818e-06,
    "mae_test": 0.0007890048799416077,
    "r2_test": 0.9999999731301876
}