{
    "dataset": "feynman_I_12_4",
    "algorithm": "RILSROLSRegressor",
    "params": {
        "complexity_penalty": 0.001,
        "error_tolerance": 1e-16,
        "max_fit_calls": 1000000,
        "max_seconds": 7200,
        "random_state": 21962
    },
    "random_state": 21962,
    "process_time": 1837.15625,
    "time_time": 1837.57674908638,
    "target_noise": 0.01,
    "feature_noise": 0.0,
    "true_model": " q1*r/(4*3.1415926535*epsilon*r**3)",
    "model_size": 12,
    "symbolic_model": "0.07960557*x0/(x1*x2**2)",
    "mse_train": 1.1129353292955893e-07,
    "mae_train": 0.00026680286334937697,
    "r2_train": 0.9998490828806006,
    "mse_test": 1.4068268957950112e-10,
    "mae_test": 6.87454732367458e-06,
    "r2_test": 0.9999998122542599
}