{
    "dataset": "feynman_I_12_4",
    "algorithm": "RILSROLSRegressor",
    "params": {
        "complexity_penalty": 0.001,
        "error_tolerance": 1e-16,
        "max_fit_calls": 1000000,
        "max_seconds": 7200,
        "random_state": 4426
    },
    "random_state": 4426,
    "process_time": 1865.5625,
    "time_time": 1867.0240664482117,
    "target_noise": 0.001,
    "feature_noise": 0.0,
    "true_model": " q1*r/(4*3.1415926535*epsilon*r**3)",
    "model_size": 12,
    "symbolic_model": "0.0795736*x0/(x1*x2**2)",
    "mse_train": 1.1297677133130886e-09,
    "mae_train": 2.6885367245679214e-05,
    "r2_train": 0.9999984825553441,
    "mse_test": 2.6453173036670144e-12,
    "mae_test": 9.403153238279749e-07,
    "r2_test": 0.9999999964446996
}