{
    "dataset": "feynman_I_12_4",
    "algorithm": "RILSROLSRegressor",
    "params": {
        "complexity_penalty": 0.001,
        "error_tolerance": 1e-16,
        "max_fit_calls": 1000000,
        "max_seconds": 7200,
        "random_state": 28020
    },
    "random_state": 28020,
    "process_time": 2363.703125,
    "time_time": 3183.031579017639,
    "target_noise": 0.01,
    "feature_noise": 0.0,
    "true_model": " q1*r/(4*3.1415926535*epsilon*r**3)",
    "model_size": 12,
    "symbolic_model": "0.07954771*x0/(x1*x2**2)",
    "mse_train": 1.1072397008565033e-07,
    "mae_train": 0.0002640513741654567,
    "r2_train": 0.9998461513401812,
    "mse_test": 1.5768478990870573e-10,
    "mae_test": 7.267117454688833e-06,
    "r2_test": 0.9999997896930978
}