{
    "dataset": "feynman_I_12_4",
    "algorithm": "RILSROLSRegressor",
    "params": {
        "complexity_penalty": 0.001,
        "error_tolerance": 1e-16,
        "max_fit_calls": 1000000,
        "max_seconds": 7200,
        "random_state": 15795
    },
    "random_state": 15795,
    "process_time": 2356.5625,
    "time_time": 2362.37154340744,
    "target_noise": 0.1,
    "feature_noise": 0.0,
    "true_model": " q1*r/(4*3.1415926535*epsilon*r**3)",
    "model_size": 12,
    "symbolic_model": "0.07925457*x0/(x1*x2**2)",
    "mse_train": 1.0590344016679613e-05,
    "mae_train": 0.0025989869507768186,
    "r2_train": 0.9850571760512777,
    "mse_test": 1.8275649069929195e-08,
    "mae_test": 7.850110162823161e-05,
    "r2_test": 0.9999751587776233
}