{
    "dataset": "feynman_I_12_4",
    "algorithm": "RILSROLSRegressor",
    "params": {
        "complexity_penalty": 0.001,
        "error_tolerance": 1e-16,
        "max_fit_calls": 1000000,
        "max_seconds": 7200,
        "random_state": 5390
    },
    "random_state": 5390,
    "process_time": 1894.96875,
    "time_time": 1906.6392171382904,
    "target_noise": 0.01,
    "feature_noise": 0.0,
    "true_model": " q1*r/(4*3.1415926535*epsilon*r**3)",
    "model_size": 12,
    "symbolic_model": "0.07960779*x0/(x1*x2**2)",
    "mse_train": 1.1621626522769872e-07,
    "mae_train": 0.00027224011160642694,
    "r2_train": 0.9998520026759611,
    "mse_test": 1.586423225146522e-10,
    "mae_test": 7.390847971932336e-06,
    "r2_test": 0.9999997786162738
}