{
    "dataset": "feynman_I_12_4",
    "algorithm": "RILSROLSRegressor",
    "params": {
        "complexity_penalty": 0.001,
        "error_tolerance": 1e-16,
        "max_fit_calls": 1000000,
        "max_seconds": 7200,
        "random_state": 28020
    },
    "random_state": 28020,
    "process_time": 1802.9375,
    "time_time": 1803.079119682312,
    "target_noise": 0.001,
    "feature_noise": 0.0,
    "true_model": " q1*r/(4*3.1415926535*epsilon*r**3)",
    "model_size": 12,
    "symbolic_model": "0.07957299*x0/(x1*x2**2)",
    "mse_train": 1.1090348673494009e-09,
    "mae_train": 2.6426064548347692e-05,
    "r2_train": 0.9999984590755522,
    "mse_test": 3.575481517235024e-12,
    "mae_test": 1.0942953311763668e-06,
    "r2_test": 0.9999999952313191
}