{
    "dataset": "feynman_I_12_4",
    "algorithm": "RILSROLSRegressor",
    "params": {
        "complexity_penalty": 0.001,
        "error_tolerance": 1e-16,
        "max_fit_calls": 1000000,
        "max_seconds": 7200,
        "random_state": 5390
    },
    "random_state": 5390,
    "process_time": 2058.375,
    "time_time": 2059.3788588047028,
    "target_noise": 0.001,
    "feature_noise": 0.0,
    "true_model": " q1*r/(4*3.1415926535*epsilon*r**3)",
    "model_size": 12,
    "symbolic_model": "0.0795805*x0/(x1*x2**2)",
    "mse_train": 1.1621579289387624e-09,
    "mae_train": 2.7223949818585342e-05,
    "r2_train": 0.9999985199286978,
    "mse_test": 1.5828761367132125e-12,
    "mae_test": 7.382580738913631e-07,
    "r2_test": 0.9999999977911127
}