{
    "dataset": "feynman_I_12_4",
    "algorithm": "RILSROLSRegressor",
    "params": {
        "complexity_penalty": 0.001,
        "error_tolerance": 1e-16,
        "max_fit_calls": 1000000,
        "max_seconds": 7200,
        "random_state": 860
    },
    "random_state": 860,
    "process_time": 1804.421875,
    "time_time": 1804.7496545314789,
    "target_noise": 0.01,
    "feature_noise": 0.0,
    "true_model": " q1*r/(4*3.1415926535*epsilon*r**3)",
    "model_size": 12,
    "symbolic_model": "0.07958386*x0/(x1*x2**2)",
    "mse_train": 1.1615841275579136e-07,
    "mae_train": 0.000272802046182254,
    "r2_train": 0.9998459201015178,
    "mse_test": 7.1466470888221904e-12,
    "mae_test": 1.559942825518718e-06,
    "r2_test": 0.9999999902277313
}