{
    "dataset": "feynman_test_14",
    "algorithm": "RILSROLSRegressor",
    "params": {
        "complexity_penalty": 0.001,
        "error_tolerance": 1e-16,
        "max_fit_calls": 1000000,
        "max_seconds": 7200,
        "random_state": 21962
    },
    "random_state": 21962,
    "process_time": 3135.953125,
    "time_time": 3136.1525616645813,
    "target_noise": 0.0,
    "feature_noise": 0.0,
    "true_model": " Ef*cos(theta)*(-r+d**3/r**2*(alpha-1)/(alpha+2))",
    "model_size": 33,
    "symbolic_model": "x0*(-0.02644365*2**x3*cos(x4) - 1.00020239*x2**3 + 0.35717204*x3**3*log(x4))*cos(x1)/x2**2",
    "mse_train": 0.000881348202696115,
    "mae_train": 0.013137264196978277,
    "r2_train": 0.9999945517550508,
    "mse_test": 0.001089146915944804,
    "mae_test": 0.013589430208838774,
    "r2_test": 0.99999339968984
}