{
    "dataset": "feynman_test_14",
    "algorithm": "RILSROLSRegressor",
    "params": {
        "complexity_penalty": 0.001,
        "error_tolerance": 1e-16,
        "max_fit_calls": 1000000,
        "max_seconds": 7200,
        "random_state": 23654
    },
    "random_state": 23654,
    "process_time": 4108.25,
    "time_time": 4108.418447732925,
    "target_noise": 0.0,
    "feature_noise": 0.0,
    "true_model": " Ef*cos(theta)*(-r+d**3/r**2*(alpha-1)/(alpha+2))",
    "model_size": 73,
    "symbolic_model": "-1.00061135*x0*x2*cos(x1) + 0.97920698*x0*x3**3*cos(x1)/(x2 + x2/x4)**2 - 0.73380086*x0*x3**4*cos(x1)/(x2**2*(0.5*x3 + 0.5*x4 + 1)**2) - 0.1055141*x0*x4*log(x3)*cos(x1)/x2**2",
    "mse_train": 0.0034918111346071774,
    "mae_train": 0.021662815898310754,
    "r2_train": 0.9999794312810429,
    "mse_test": 0.006944296603135421,
    "mae_test": 0.022862310400775278,
    "r2_test": 0.9999601667703013
}