{
    "dataset": "feynman_test_14",
    "algorithm": "RILSROLSRegressor",
    "params": {
        "complexity_penalty": 0.001,
        "error_tolerance": 1e-16,
        "max_fit_calls": 1000000,
        "max_seconds": 7200,
        "random_state": 15795
    },
    "random_state": 15795,
    "process_time": 3379.21875,
    "time_time": 3379.34019780159,
    "target_noise": 0.0,
    "feature_noise": 0.0,
    "true_model": " Ef*cos(theta)*(-r+d**3/r**2*(alpha-1)/(alpha+2))",
    "model_size": 39,
    "symbolic_model": "x0*(-1.00001298*x2**3 + 0.35769836*x3**3*log(x4) - 0.0087009*x3**3*cos(x4) - 0.0014488*x3**3)*cos(x1)/x2**2",
    "mse_train": 0.0014301152457388182,
    "mae_train": 0.004998046623184657,
    "r2_train": 0.9999919557334795,
    "mse_test": 0.0008610146715039556,
    "mae_test": 0.004977329455314463,
    "r2_test": 0.999995049531352
}