{
    "dataset": "feynman_test_14",
    "algorithm": "RILSROLSRegressor",
    "params": {
        "complexity_penalty": 0.001,
        "error_tolerance": 1e-16,
        "max_fit_calls": 1000000,
        "max_seconds": 7200,
        "random_state": 14423
    },
    "random_state": 14423,
    "process_time": 5610.0,
    "time_time": 5610.27562379837,
    "target_noise": 0.001,
    "feature_noise": 0.0,
    "true_model": " Ef*cos(theta)*(-r+d**3/r**2*(alpha-1)/(alpha+2))",
    "model_size": 109,
    "symbolic_model": "-3.968e-5*3**x1*x0*x1*x3*(x1/(x3 + 1))**x1*(x4/x2)**x1/(x2*(x1/x3)**(x1*x3)) + 0.24716299*x0*x3*cos(x1) - 2.69261225*x0*log(x2)*cos(x1) - 0.86630135*x2*x3*cos(x1) + 0.95834058*x3**2*cos(x1) - 0.43646569*exp(x3)*exp(-x4)*cos(x1) + 0.55222312*x3*x4*cos(x1)/x2",
    "mse_train": 124.58600756651825,
    "mae_train": 2.577939131371998,
    "r2_train": 0.28993300792614796,
    "mse_test": 221.98677188359645,
    "mae_test": 2.67754750722592,
    "r2_test": -0.25868309268270084
}