{
    "dataset": "feynman_test_14",
    "algorithm": "RILSROLSRegressor",
    "params": {
        "complexity_penalty": 0.001,
        "error_tolerance": 1e-16,
        "max_fit_calls": 1000000,
        "max_seconds": 7200,
        "random_state": 860
    },
    "random_state": 860,
    "process_time": 3027.578125,
    "time_time": 3031.590220928192,
    "target_noise": 0.01,
    "feature_noise": 0.0,
    "true_model": " Ef*cos(theta)*(-r+d**3/r**2*(alpha-1)/(alpha+2))",
    "model_size": 32,
    "symbolic_model": "x0*(-1.00034805*x2**3 + 0.35727501*x3**3*log(x4) - 0.00761351*exp(x3)*cos(x4))*cos(x1)/x2**2",
    "mse_train": 0.018511102255146236,
    "mae_train": 0.10839398044372774,
    "r2_train": 0.9998915330438228,
    "mse_test": 0.0012931597096688754,
    "mae_test": 0.013631245912450199,
    "r2_test": 0.9999927017308515
}