{
    "dataset": "feynman_test_14",
    "algorithm": "RILSROLSRegressor",
    "params": {
        "complexity_penalty": 0.001,
        "error_tolerance": 1e-16,
        "max_fit_calls": 1000000,
        "max_seconds": 7200,
        "random_state": 15795
    },
    "random_state": 15795,
    "process_time": 5558.921875,
    "time_time": 5564.529147148132,
    "target_noise": 0.1,
    "feature_noise": 0.0,
    "true_model": " Ef*cos(theta)*(-r+d**3/r**2*(alpha-1)/(alpha+2))",
    "model_size": 70,
    "symbolic_model": "8.85526413*log(x4)*cos(x1)/x0**0.5 - 1.09468487*x0*x2*cos(x1) - 1.75248448*x3**2*x4*cos(x1)/(x0 + x2) - 13.80889263*x3*x4*cos(x1)/(x0 + 2*x2) + 2.29017158*x3**2*x4*cos(x1)/x2",
    "mse_train": 11.946872516751693,
    "mae_train": 1.622197492540494,
    "r2_train": 0.9335002012961633,
    "mse_test": 9.154762072388104,
    "mae_test": 0.9536612377623818,
    "r2_test": 0.9473640065383414
}