{
    "dataset": "feynman_test_14",
    "algorithm": "RILSROLSRegressor",
    "params": {
        "complexity_penalty": 0.001,
        "error_tolerance": 1e-16,
        "max_fit_calls": 1000000,
        "max_seconds": 7200,
        "random_state": 21962
    },
    "random_state": 21962,
    "process_time": 4469.203125,
    "time_time": 4480.028877735138,
    "target_noise": 0.1,
    "feature_noise": 0.0,
    "true_model": " Ef*cos(theta)*(-r+d**3/r**2*(alpha-1)/(alpha+2))",
    "model_size": 72,
    "symbolic_model": "-0.94326529*x0*x2*cos(x1)*cos(x4/(x2 + 1/x3)**2) + 0.03179293*x0*x3**4*exp(1/(x2*x3))*log(x4**2)*cos(x1)/x2**2 + 1.57137644*cos(x4/(x2 + 0.5 + 1/(x2 - x3))**2 + 0.5) - 0.95815066",
    "mse_train": 3.309677500932155,
    "mae_train": 1.3610653090398555,
    "r2_train": 0.9797511822514875,
    "mse_test": 1.6433582737538615,
    "mae_test": 0.775794722766608,
    "r2_test": 0.990041128380413
}