{
    "dataset": "feynman_test_14",
    "algorithm": "RILSROLSRegressor",
    "params": {
        "complexity_penalty": 0.001,
        "error_tolerance": 1e-16,
        "max_fit_calls": 1000000,
        "max_seconds": 7200,
        "random_state": 21962
    },
    "random_state": 21962,
    "process_time": 4625.46875,
    "time_time": 5091.593048334122,
    "target_noise": 0.001,
    "feature_noise": 0.0,
    "true_model": " Ef*cos(theta)*(-r+d**3/r**2*(alpha-1)/(alpha+2))",
    "model_size": 33,
    "symbolic_model": "x0*(-1.00004297*x2**3 + 0.35719704*x3**3*log(x4) - 0.02681371*x3**2*cos(x4))*cos(x1)/x2**2",
    "mse_train": 0.001693884311226257,
    "mae_train": 0.02131701027395401,
    "r2_train": 0.9999895289370149,
    "mse_test": 0.0017653782201803494,
    "mae_test": 0.016500468939818182,
    "r2_test": 0.9999893016785594
}