{
    "dataset": "feynman_test_14",
    "algorithm": "RILSROLSRegressor",
    "params": {
        "complexity_penalty": 0.001,
        "error_tolerance": 1e-16,
        "max_fit_calls": 1000000,
        "max_seconds": 7200,
        "random_state": 29910
    },
    "random_state": 29910,
    "process_time": 3598.03125,
    "time_time": 3599.4003233909607,
    "target_noise": 0.01,
    "feature_noise": 0.0,
    "true_model": " Ef*cos(theta)*(-r+d**3/r**2*(alpha-1)/(alpha+2))",
    "model_size": 76,
    "symbolic_model": "-1.01031716*x0*x2*cos(x1) - 31.95314249*x4*cos(x1)*cos(x4)/(x2**2*(1 + 1/(x3 - 0.5))**8) + 0.00512392*(0.90909091*x3 + 1)**4*(x0 + x4 - 1)**2*cos(x1)/x2**2 - 1.74292049*cos(x1)*cos(x0/x2 + x4)/x2**2",
    "mse_train": 1.6083036478439008,
    "mae_train": 0.4660459652515359,
    "r2_train": 0.9892419764129068,
    "mse_test": 1.9773513976464254,
    "mae_test": 0.4585020213079516,
    "r2_test": 0.9888335378299244
}