{
    "dataset": "feynman_test_13",
    "algorithm": "RILSROLSRegressor",
    "params": {
        "complexity_penalty": 0.001,
        "error_tolerance": 1e-16,
        "max_fit_calls": 1000000,
        "max_seconds": 7200,
        "random_state": 5390
    },
    "random_state": 5390,
    "process_time": 2318.875,
    "time_time": 2320.7867465019226,
    "target_noise": 0.001,
    "feature_noise": 0.0,
    "true_model": " 1/(4*3.1415926535*epsilon)*q/sqrt(r**2+d**2-2*r*d*cos(alpha))",
    "model_size": 29,
    "symbolic_model": "0.08508129*x0*exp(x1*cos(x3)/x2)*cos(x1/x2)/(x2*x4)",
    "mse_train": 7.674911091590416e-06,
    "mae_train": 0.0013205118543775103,
    "r2_train": 0.9660142524799529,
    "mse_test": 8.717156813813265e-06,
    "mae_test": 0.0013427166282018038,
    "r2_test": 0.9629693212430672
}