{
    "dataset": "feynman_test_13",
    "algorithm": "RILSROLSRegressor",
    "params": {
        "complexity_penalty": 0.001,
        "error_tolerance": 1e-16,
        "max_fit_calls": 1000000,
        "max_seconds": 7200,
        "random_state": 29910
    },
    "random_state": 29910,
    "process_time": 2404.3125,
    "time_time": 2404.4744789600372,
    "target_noise": 0.0,
    "feature_noise": 0.0,
    "true_model": " 1/(4*3.1415926535*epsilon)*q/sqrt(r**2+d**2-2*r*d*cos(alpha))",
    "model_size": 32,
    "symbolic_model": "0.01459095*x0*x1/(x2*x4/cos(x3) - 3.14159265) + 0.07891613*sin(x0/(x2*x4))",
    "mse_train": 6.224125283953904e-06,
    "mae_train": 0.0011747933479020866,
    "r2_train": 0.9730667995088911,
    "mse_test": 5.770813720617111e-06,
    "mae_test": 0.0011725273205730568,
    "r2_test": 0.9756827167230847
}