{
    "dataset": "feynman_test_13",
    "algorithm": "RILSROLSRegressor",
    "params": {
        "complexity_penalty": 0.001,
        "error_tolerance": 1e-16,
        "max_fit_calls": 1000000,
        "max_seconds": 7200,
        "random_state": 4426
    },
    "random_state": 4426,
    "process_time": 2386.515625,
    "time_time": 2386.581394433975,
    "target_noise": 0.0,
    "feature_noise": 0.0,
    "true_model": " 1/(4*3.1415926535*epsilon)*q/sqrt(r**2+d**2-2*r*d*cos(alpha))",
    "model_size": 33,
    "symbolic_model": "0.03222784*x0/(x4*(x1 + x2)**0.5) - 0.00089171 + 0.20088073*(x0*x1)**cos(x3)/(x2**2*x4)",
    "mse_train": 2.7669340619938927e-06,
    "mae_train": 0.0010036981238692154,
    "r2_train": 0.9879305520319802,
    "mse_test": 2.8952902631405295e-06,
    "mae_test": 0.001017011625878146,
    "r2_test": 0.9879985670444814
}