{
    "dataset": "feynman_test_13",
    "algorithm": "RILSROLSRegressor",
    "params": {
        "complexity_penalty": 0.001,
        "error_tolerance": 1e-16,
        "max_fit_calls": 1000000,
        "max_seconds": 7200,
        "random_state": 15795
    },
    "random_state": 15795,
    "process_time": 2391.421875,
    "time_time": 2391.584377527237,
    "target_noise": 0.001,
    "feature_noise": 0.0,
    "true_model": " 1/(4*3.1415926535*epsilon)*q/sqrt(r**2+d**2-2*r*d*cos(alpha))",
    "model_size": 27,
    "symbolic_model": "6.401e-5*x0*exp(x3)/x4 + 0.90161046*x0/(x2**2*(x3*x4 + x4))",
    "mse_train": 1.9791036757406053e-05,
    "mae_train": 0.0025009115427014087,
    "r2_train": 0.9202283738170345,
    "mse_test": 1.8503375047688935e-05,
    "mae_test": 0.002474900785534057,
    "r2_test": 0.9203387570008095
}