{
    "dataset": "feynman_test_13",
    "algorithm": "RILSROLSRegressor",
    "params": {
        "complexity_penalty": 0.001,
        "error_tolerance": 1e-16,
        "max_fit_calls": 1000000,
        "max_seconds": 7200,
        "random_state": 23654
    },
    "random_state": 23654,
    "process_time": 2185.890625,
    "time_time": 2186.297971010208,
    "target_noise": 0.1,
    "feature_noise": 0.0,
    "true_model": " 1/(4*3.1415926535*epsilon)*q/sqrt(r**2+d**2-2*r*d*cos(alpha))",
    "model_size": 25,
    "symbolic_model": "0.00429308*x0*cos(x3)/x4**0.5 + 0.07105077*x0/(x2*x4) + 0.0016651",
    "mse_train": 3.302444738831089e-05,
    "mae_train": 0.0034688378051560918,
    "r2_train": 0.8684880007733442,
    "mse_test": 2.4927834712554214e-05,
    "mae_test": 0.0025752276289643895,
    "r2_test": 0.8938562519820312
}