{
    "dataset": "feynman_test_13",
    "algorithm": "RILSROLSRegressor",
    "params": {
        "complexity_penalty": 0.001,
        "error_tolerance": 1e-16,
        "max_fit_calls": 1000000,
        "max_seconds": 7200,
        "random_state": 14423
    },
    "random_state": 14423,
    "process_time": 2466.875,
    "time_time": 2467.059891462326,
    "target_noise": 0.001,
    "feature_noise": 0.0,
    "true_model": " 1/(4*3.1415926535*epsilon)*q/sqrt(r**2+d**2-2*r*d*cos(alpha))",
    "model_size": 19,
    "symbolic_model": "0.07414407*x0/(x4*(x1*sin(x3 + 11) + x2))",
    "mse_train": 2.9876607024127182e-06,
    "mae_train": 0.001020170989045971,
    "r2_train": 0.9873242677935163,
    "mse_test": 3.2595964427548475e-06,
    "mae_test": 0.001028804079011317,
    "r2_test": 0.9863740880102125
}