{
    "dataset": "feynman_test_13",
    "algorithm": "RILSROLSRegressor",
    "params": {
        "complexity_penalty": 0.001,
        "error_tolerance": 1e-16,
        "max_fit_calls": 1000000,
        "max_seconds": 7200,
        "random_state": 860
    },
    "random_state": 860,
    "process_time": 2961.75,
    "time_time": 2962.805549621582,
    "target_noise": 0.001,
    "feature_noise": 0.0,
    "true_model": " 1/(4*3.1415926535*epsilon)*q/sqrt(r**2+d**2-2*r*d*cos(alpha))",
    "model_size": 25,
    "symbolic_model": "x0*(0.00907602*x2**2 + 0.14501853*(x1 + 0.8)**cos(x3))/(x2**2*x4)",
    "mse_train": 3.621871330288668e-06,
    "mae_train": 0.0008849785315752218,
    "r2_train": 0.9849383688594064,
    "mse_test": 2.974672690863814e-06,
    "mae_test": 0.000867996630765867,
    "r2_test": 0.9869244986414376
}