{
    "dataset": "feynman_test_13",
    "algorithm": "RILSROLSRegressor",
    "params": {
        "complexity_penalty": 0.001,
        "error_tolerance": 1e-16,
        "max_fit_calls": 1000000,
        "max_seconds": 7200,
        "random_state": 21962
    },
    "random_state": 21962,
    "process_time": 3462.71875,
    "time_time": 4870.136930465698,
    "target_noise": 0.01,
    "feature_noise": 0.0,
    "true_model": " 1/(4*3.1415926535*epsilon)*q/sqrt(r**2+d**2-2*r*d*cos(alpha))",
    "model_size": 35,
    "symbolic_model": "0.01435627*x0*x1*cos(x3)/(x2*x4) + 0.07781418*x0/(x2*x4) + 0.00071534/x3",
    "mse_train": 0.0003737615588831761,
    "mae_train": 0.00210406161502198,
    "r2_train": -0.5407485017346758,
    "mse_test": 0.00028715406215796586,
    "mae_test": 0.002143545991609529,
    "r2_test": -0.2321789309509794
}