{
    "dataset": "feynman_test_13",
    "algorithm": "RILSROLSRegressor",
    "params": {
        "complexity_penalty": 0.001,
        "error_tolerance": 1e-16,
        "max_fit_calls": 1000000,
        "max_seconds": 7200,
        "random_state": 16850
    },
    "random_state": 16850,
    "process_time": 2297.78125,
    "time_time": 2297.9160902500153,
    "target_noise": 0.0,
    "feature_noise": 0.0,
    "true_model": " 1/(4*3.1415926535*epsilon)*q/sqrt(r**2+d**2-2*r*d*cos(alpha))",
    "model_size": 29,
    "symbolic_model": "0.0038585*x0*x1*cos(x3)/(x4 + 0.9) + 0.01510289*x0/x4 - 0.00305635*x2 + 0.01640059",
    "mse_train": 2.366794601560491e-05,
    "mae_train": 0.0021274457311356394,
    "r2_train": 0.9028694862960802,
    "mse_test": 2.264545572064679e-05,
    "mae_test": 0.00215996649776634,
    "r2_test": 0.9044174164825067
}