{
    "dataset": "feynman_test_13",
    "algorithm": "RILSROLSRegressor",
    "params": {
        "complexity_penalty": 0.001,
        "error_tolerance": 1e-16,
        "max_fit_calls": 1000000,
        "max_seconds": 7200,
        "random_state": 23654
    },
    "random_state": 23654,
    "process_time": 2290.59375,
    "time_time": 2293.622318983078,
    "target_noise": 0.01,
    "feature_noise": 0.0,
    "true_model": " 1/(4*3.1415926535*epsilon)*q/sqrt(r**2+d**2-2*r*d*cos(alpha))",
    "model_size": 21,
    "symbolic_model": "0.07869846*x0/(-x1*x4*cos(x3) + x2*x4 + 0.5)",
    "mse_train": 3.7868245384892756e-06,
    "mae_train": 0.0010234973062688314,
    "r2_train": 0.9845796391848081,
    "mse_test": 3.3191807733344107e-06,
    "mae_test": 0.0009620295517624763,
    "r2_test": 0.9858667914123539
}