{
    "dataset": "feynman_test_13",
    "algorithm": "RILSROLSRegressor",
    "params": {
        "complexity_penalty": 0.001,
        "error_tolerance": 1e-16,
        "max_fit_calls": 1000000,
        "max_seconds": 7200,
        "random_state": 14423
    },
    "random_state": 14423,
    "process_time": 3607.75,
    "time_time": 4558.497307777405,
    "target_noise": 0.01,
    "feature_noise": 0.0,
    "true_model": " 1/(4*3.1415926535*epsilon)*q/sqrt(r**2+d**2-2*r*d*cos(alpha))",
    "model_size": 19,
    "symbolic_model": "0.07418738*x0/(x4*(x1*sin(x3 + 11) + x2))",
    "mse_train": 3.0567442672723466e-06,
    "mae_train": 0.0010398045215047266,
    "r2_train": 0.9870309992683669,
    "mse_test": 3.2624060310512953e-06,
    "mae_test": 0.0010249336317748603,
    "r2_test": 0.986362343242562
}