{
    "dataset": "feynman_test_13",
    "algorithm": "RILSROLSRegressor",
    "params": {
        "complexity_penalty": 0.001,
        "error_tolerance": 1e-16,
        "max_fit_calls": 1000000,
        "max_seconds": 7200,
        "random_state": 14423
    },
    "random_state": 14423,
    "process_time": 2521.4375,
    "time_time": 2523.5810005664825,
    "target_noise": 0.0,
    "feature_noise": 0.0,
    "true_model": " 1/(4*3.1415926535*epsilon)*q/sqrt(r**2+d**2-2*r*d*cos(alpha))",
    "model_size": 19,
    "symbolic_model": "0.07413925*x0/(x4*(x1*sin(x3 + 11) + x2))",
    "mse_train": 2.986255217077036e-06,
    "mae_train": 0.0010203773502909265,
    "r2_train": 0.9873305837685089,
    "mse_test": 3.259310658745058e-06,
    "mae_test": 0.0010292373160898113,
    "r2_test": 0.9863752826574131
}