{
    "dataset": "feynman_test_13",
    "algorithm": "RILSROLSRegressor",
    "params": {
        "complexity_penalty": 0.001,
        "error_tolerance": 1e-16,
        "max_fit_calls": 1000000,
        "max_seconds": 7200,
        "random_state": 860
    },
    "random_state": 860,
    "process_time": 2362.375,
    "time_time": 2363.4091408252716,
    "target_noise": 0.1,
    "feature_noise": 0.0,
    "true_model": " 1/(4*3.1415926535*epsilon)*q/sqrt(r**2+d**2-2*r*d*cos(alpha))",
    "model_size": 28,
    "symbolic_model": "0.00297611*x0*x1*cos(x3)/x4 + 0.0245424*x0/(x4*log(x2)) + 0.00144792",
    "mse_train": 2.4201707449635295e-05,
    "mae_train": 0.003071455565716853,
    "r2_train": 0.9017246913507201,
    "mse_test": 1.5825124604645966e-05,
    "mae_test": 0.002073710440142278,
    "r2_test": 0.9304389222710144
}