{
    "dataset": "feynman_test_13",
    "algorithm": "RILSROLSRegressor",
    "params": {
        "complexity_penalty": 0.001,
        "error_tolerance": 1e-16,
        "max_fit_calls": 1000000,
        "max_seconds": 7200,
        "random_state": 23654
    },
    "random_state": 23654,
    "process_time": 2264.609375,
    "time_time": 2264.7214965820312,
    "target_noise": 0.0,
    "feature_noise": 0.0,
    "true_model": " 1/(4*3.1415926535*epsilon)*q/sqrt(r**2+d**2-2*r*d*cos(alpha))",
    "model_size": 19,
    "symbolic_model": "0.07124868*x0/(x2*x4 - 2*x4*cos(x3)) + 0.00072268",
    "mse_train": 1.096545177016227e-05,
    "mae_train": 0.001554656683927963,
    "r2_train": 0.9553529222977812,
    "mse_test": 1.0275498807795425e-05,
    "mae_test": 0.0015501138009669014,
    "r2_test": 0.9562465024022209
}