{
    "dataset": "feynman_II_11_27",
    "algorithm": "RILSROLSRegressor",
    "params": {
        "complexity_penalty": 0.001,
        "error_tolerance": 1e-16,
        "fitness_type": "FitnessType.BIC",
        "initial_sample_size": 0.01,
        "max_fit_calls": 1000000,
        "max_seconds": 7200,
        "random_perturbations_order": false,
        "random_state": 15795,
        "verbose": false
    },
    "random_state": 15795,
    "process_time": 3176.890625,
    "time_time": 3177.2061319351196,
    "target_noise": 0.0,
    "feature_noise": 0.0,
    "true_model": " n*alpha/(1-(n*alpha/3))*epsilon*Ef",
    "model_size": 54,
    "symbolic_model": "0.03957484*x0**5*x1**5*x2*x3 + 0.13164989*x0**3*x1**3*x2*x3 + 0.32846106*x0**2*x1**2*x2*x3 + 1.00040986*x0*x1*x2*x3 - 1.258e-5",
    "mse_train": 2.5537991307961954e-10,
    "mae_train": 1.0440849683262287e-05,
    "r2_train": 0.9999999994915765,
    "mse_test": 2.598785473673101e-10,
    "mae_test": 1.0362869496897325e-05,
    "r2_test": 0.9999999994705231
}