{
    "dataset": "feynman_test_7",
    "algorithm": "RILSROLSRegressor",
    "params": {
        "complexity_penalty": 0.001,
        "error_tolerance": 1e-16,
        "fitness_type": "FitnessType.BIC",
        "initial_sample_size": 0.01,
        "max_fit_calls": 1000000,
        "max_seconds": 7200,
        "random_perturbations_order": false,
        "random_state": 29910,
        "verbose": false
    },
    "random_state": 29910,
    "process_time": 2265.15625,
    "time_time": 2265.4634804725647,
    "target_noise": 0.0,
    "feature_noise": 0.0,
    "true_model": " sqrt(8*3.1415926535*G*rho/3-alpha*c**2/d**2)",
    "model_size": 47,
    "symbolic_model": "(-0.04072999*x2*x3**2 - 0.20656146*x3**2*sin(x2/(x0*x1)) + x4**2*(-0.00367974*x4 + 2.8915415*(x0*x1)**0.5 + 0.01822681))/x4**2",
    "mse_train": 2.94241213945343e-05,
    "mae_train": 0.0022948528573398805,
    "r2_train": 0.9999804809929027,
    "mse_test": 4.543842383523574e-05,
    "mae_test": 0.0023611613846319067,
    "r2_test": 0.9999704264108834
}