{
    "dataset": "feynman_test_7",
    "algorithm": "RILSROLSRegressor",
    "params": {
        "complexity_penalty": 0.001,
        "error_tolerance": 1e-16,
        "fitness_type": "FitnessType.BIC",
        "initial_sample_size": 0.01,
        "max_fit_calls": 1000000,
        "max_seconds": 7200,
        "random_perturbations_order": false,
        "random_state": 16850,
        "verbose": false
    },
    "random_state": 16850,
    "process_time": 2903.5,
    "time_time": 2903.788831472397,
    "target_noise": 0.0,
    "feature_noise": 0.0,
    "true_model": " sqrt(8*3.1415926535*G*rho/3-alpha*c**2/d**2)",
    "model_size": 35,
    "symbolic_model": "2.8950509*(x0*x1 + cos(x3/(1 + x4**2/x2)) - 1)**0.5 - 0.01519719*x3**x3/x1",
    "mse_train": 9.856178727122736e-05,
    "mae_train": 0.006574879305396369,
    "r2_train": 0.9999338361612254,
    "mse_test": 0.00010166357914841794,
    "mae_test": 0.0066882354656895805,
    "r2_test": 0.9999334477137555
}