{
    "dataset": "feynman_test_7",
    "algorithm": "RILSROLSRegressor",
    "params": {
        "complexity_penalty": 0.001,
        "error_tolerance": 1e-16,
        "fitness_type": "FitnessType.BIC",
        "initial_sample_size": 0.01,
        "max_fit_calls": 1000000,
        "max_seconds": 7200,
        "random_perturbations_order": false,
        "random_state": 21962,
        "verbose": false
    },
    "random_state": 21962,
    "process_time": 2149.328125,
    "time_time": 2149.4357509613037,
    "target_noise": 0.0,
    "feature_noise": 0.0,
    "true_model": " sqrt(8*3.1415926535*G*rho/3-alpha*c**2/d**2)",
    "model_size": 31,
    "symbolic_model": "-0.38024996*x2*(-0.01*x1 + x3)**2*sin(1/(x0 + x1))/x4**2 + 2.89515888*(x0*x1)**0.5",
    "mse_train": 2.82198336709212e-05,
    "mae_train": 0.002864768632522833,
    "r2_train": 0.9999814506396151,
    "mse_test": 3.1957020914933636e-05,
    "mae_test": 0.0028902712209482235,
    "r2_test": 0.999978818636236
}