{
    "dataset": "feynman_test_7",
    "algorithm": "RILSROLSRegressor",
    "params": {
        "complexity_penalty": 0.001,
        "error_tolerance": 1e-16,
        "fitness_type": "FitnessType.BIC",
        "initial_sample_size": 0.01,
        "max_fit_calls": 1000000,
        "max_seconds": 7200,
        "random_perturbations_order": false,
        "random_state": 860,
        "verbose": false
    },
    "random_state": 860,
    "process_time": 2131.015625,
    "time_time": 2131.191308259964,
    "target_noise": 0.0,
    "feature_noise": 0.0,
    "true_model": " sqrt(8*3.1415926535*G*rho/3-alpha*c**2/d**2)",
    "model_size": 23,
    "symbolic_model": "-0.02563943*x2*exp(x3)/(x4 - 0.5) + 2.94560099*(x0*x1)**0.5 - 0.06528938",
    "mse_train": 0.0008090937819300512,
    "mae_train": 0.016372075411906196,
    "r2_train": 0.9994695887198946,
    "mse_test": 0.0007800040105443878,
    "mae_test": 0.016188961747567756,
    "r2_test": 0.9994866670799638
}