{
    "dataset": "feynman_test_7",
    "algorithm": "RILSROLSRegressor",
    "params": {
        "complexity_penalty": 0.001,
        "error_tolerance": 1e-16,
        "fitness_type": "FitnessType.BIC",
        "initial_sample_size": 0.01,
        "max_fit_calls": 1000000,
        "max_seconds": 7200,
        "random_perturbations_order": false,
        "random_state": 23654,
        "verbose": false
    },
    "random_state": 23654,
    "process_time": 2362.640625,
    "time_time": 2362.8719520568848,
    "target_noise": 0.001,
    "feature_noise": 0.0,
    "true_model": " sqrt(8*3.1415926535*G*rho/3-alpha*c**2/d**2)",
    "model_size": 26,
    "symbolic_model": "-0.1802441*x2*x3**2/(x4**2*(x0*x1)**0.5) + 2.89565917*(x0*x1)**0.5",
    "mse_train": 4.424606067517248e-05,
    "mae_train": 0.004938102488459384,
    "r2_train": 0.9999711996810692,
    "mse_test": 1.4253982628537917e-05,
    "mae_test": 0.001487203862401322,
    "r2_test": 0.999990692049598
}