{
    "dataset": "feynman_I_44_4",
    "algorithm": "RILSROLSRegressor",
    "params": {
        "complexity_penalty": 0.001,
        "error_tolerance": 1e-16,
        "max_fit_calls": 1000000,
        "max_seconds": 7200,
        "random_state": 29910
    },
    "random_state": 29910,
    "process_time": 3362.734375,
    "time_time": 3371.3194110393524,
    "target_noise": 0.1,
    "feature_noise": 0.0,
    "true_model": " n*kb*T*ln(V2/V1)",
    "model_size": 66,
    "symbolic_model": "(0.03178152*x1*x2*log(x3/x2)*sin(x0*x1 - 0.5) - (1.0003582*x0*x1*x2*log(x3/x4) + 1.68698533*log((x1 + x3)/x4)*sin(x0*(x1 - 0.5))*cos(x3))*cos(x3))/cos(x3)",
    "mse_train": 87.07399580475214,
    "mae_train": 2.2577434772264175,
    "r2_train": 0.7808985478748813,
    "mse_test": 289.7279301929936,
    "mae_test": 1.3499489127884297,
    "r2_test": 0.3337159663086343
}