{
    "dataset": "feynman_I_44_4",
    "algorithm": "RILSROLSRegressor",
    "params": {
        "complexity_penalty": 0.001,
        "error_tolerance": 1e-16,
        "max_fit_calls": 1000000,
        "max_seconds": 7200,
        "random_state": 4426
    },
    "random_state": 4426,
    "process_time": 88.5625,
    "time_time": 88.55752611160278,
    "target_noise": 0.0,
    "feature_noise": 0.0,
    "true_model": " n*kb*T*ln(V2/V1)",
    "model_size": 14,
    "symbolic_model": "x0*x1*x2*(-log(x3) + log(x4))",
    "mse_train": 6.308253437003129e-29,
    "mae_train": 4.785113684414519e-15,
    "r2_train": 1.0,
    "mse_test": 6.170570751944154e-29,
    "mae_test": 4.726828659387672e-15,
    "r2_test": 1.0
}