{
    "dataset": "feynman_I_44_4",
    "algorithm": "RILSROLSRegressor",
    "params": {
        "complexity_penalty": 0.001,
        "error_tolerance": 1e-16,
        "max_fit_calls": 1000000,
        "max_seconds": 7200,
        "random_state": 16850
    },
    "random_state": 16850,
    "process_time": 4457.78125,
    "time_time": 4458.0557425022125,
    "target_noise": 0.0,
    "feature_noise": 0.0,
    "true_model": " n*kb*T*ln(V2/V1)",
    "model_size": 107,
    "symbolic_model": "2.75659265*x0*x1*x2/(x3 + sin(x4/(x1*x3)) + 1.5*x4/x1) - 1.12976154*x0*x1*x2/(0.4*x4 + x3/x1) - 2.47357872*x0*x2*x3/(x4 + x3/x1) - 0.51409724*x0*x2*x4/(0.5*x4 + x3/x1) + 3.06319212*x0*x2*x4/(x3 + x4/x1)",
    "mse_train": 0.5917192016403627,
    "mae_train": 0.4367376624600239,
    "r2_train": 0.9986394051988756,
    "mse_test": 0.6130179662880768,
    "mae_test": 0.43547584461163996,
    "r2_test": 0.9985240895639289
}