{
    "dataset": "feynman_test_11",
    "algorithm": "RILSROLSRegressor",
    "params": {
        "complexity_penalty": 0.001,
        "error_tolerance": 1e-16,
        "fitness_type": "FitnessType.BIC",
        "initial_sample_size": 0.01,
        "max_fit_calls": 1000000,
        "max_seconds": 7200,
        "random_perturbations_order": false,
        "random_state": 21962,
        "verbose": false
    },
    "random_state": 21962,
    "process_time": 2981.890625,
    "time_time": 2982.11945772171,
    "target_noise": 0.0,
    "feature_noise": 0.0,
    "true_model": " I_0*(sin(alpha/2)*sin(n*delta/2)/(alpha/2*sin(delta/2)))**2",
    "model_size": 35,
    "symbolic_model": "-0.14233284*x0*x1**2/x2 - 4.86660636*x0*x2**0.5*log(x3) - 17.08028948*x0/x3**0.5 + 18.00845039*x0",
    "mse_train": 0.021831489264046162,
    "mae_train": 0.09044825028481435,
    "r2_train": 0.9798272215728377,
    "mse_test": 0.023075813907416965,
    "mae_test": 0.0924633577711446,
    "r2_test": 0.9786641550270814
}