{
    "dataset": "feynman_test_11",
    "algorithm": "RILSROLSRegressor",
    "params": {
        "complexity_penalty": 0.001,
        "error_tolerance": 1e-16,
        "fitness_type": "FitnessType.BIC",
        "initial_sample_size": 0.01,
        "max_fit_calls": 1000000,
        "max_seconds": 7200,
        "random_perturbations_order": false,
        "random_state": 15795,
        "verbose": false
    },
    "random_state": 15795,
    "process_time": 3038.953125,
    "time_time": 3039.2284750938416,
    "target_noise": 0.0,
    "feature_noise": 0.0,
    "true_model": " I_0*(sin(alpha/2)*sin(n*delta/2)/(alpha/2*sin(delta/2)))**2",
    "model_size": 44,
    "symbolic_model": "-0.05013313*x0*exp(x2) + 2.26089523*x0 + 0.04628756*x1*exp(x2) - 0.76087519*x2*x3**2 + 0.82201299*x2 + 4.85657831*x3 - 0.12000598*(x0 + x1)**2 - 6.0510154",
    "mse_train": 0.04348238431003723,
    "mae_train": 0.13193801494347984,
    "r2_train": 0.9602157048324885,
    "mse_test": 0.04329973853199335,
    "mae_test": 0.1308900125646858,
    "r2_test": 0.9600617401005394
}