{
    "dataset": "feynman_test_11",
    "algorithm": "RILSROLSRegressor",
    "params": {
        "complexity_penalty": 0.001,
        "error_tolerance": 1e-16,
        "fitness_type": "FitnessType.BIC",
        "initial_sample_size": 0.01,
        "max_fit_calls": 1000000,
        "max_seconds": 7200,
        "random_perturbations_order": false,
        "random_state": 15795,
        "verbose": false
    },
    "random_state": 15795,
    "process_time": 3261.09375,
    "time_time": 3261.408823490143,
    "target_noise": 0.001,
    "feature_noise": 0.0,
    "true_model": " I_0*(sin(alpha/2)*sin(n*delta/2)/(alpha/2*sin(delta/2)))**2",
    "model_size": 44,
    "symbolic_model": "-0.05016024*x0*exp(x2) + 2.26238299*x0 + 0.04633626*x1*exp(x2) - 0.76162776*x2*x3**2 + 0.82429108*x2 + 4.86007881*x3 - 0.12013847*(x0 + x1)**2 - 6.05829965",
    "mse_train": 0.043453218205543286,
    "mae_train": 0.13189053250825028,
    "r2_train": 0.9602426292208243,
    "mse_test": 0.04327662290468055,
    "mae_test": 0.13082427335816688,
    "r2_test": 0.9600830611976789
}