{
    "dataset": "feynman_test_11",
    "algorithm": "RILSROLSRegressor",
    "params": {
        "complexity_penalty": 0.001,
        "error_tolerance": 1e-16,
        "fitness_type": "FitnessType.BIC",
        "initial_sample_size": 0.01,
        "max_fit_calls": 1000000,
        "max_seconds": 7200,
        "random_perturbations_order": false,
        "random_state": 28020,
        "verbose": false
    },
    "random_state": 28020,
    "process_time": 2956.671875,
    "time_time": 2956.97940993309,
    "target_noise": 0.0,
    "feature_noise": 0.0,
    "true_model": " I_0*(sin(alpha/2)*sin(n*delta/2)/(alpha/2*sin(delta/2)))**2",
    "model_size": 46,
    "symbolic_model": "1.85123442*x0*x3*sin(0.5*x2*x3)/(x1 + 1/x1) - 0.17751503*x0 + 1.54330628*x0*x3*sin(x2*x3)/(x2*(x1 + 1))",
    "mse_train": 0.007083493612121637,
    "mae_train": 0.061186802018100596,
    "r2_train": 0.9931849449297951,
    "mse_test": 0.007307090263660789,
    "mae_test": 0.06211697614296113,
    "r2_test": 0.9932707949838901
}