{
    "dataset": "feynman_test_11",
    "algorithm": "RILSROLSRegressor",
    "params": {
        "complexity_penalty": 0.001,
        "error_tolerance": 1e-16,
        "fitness_type": "FitnessType.BIC",
        "initial_sample_size": 0.01,
        "max_fit_calls": 1000000,
        "max_seconds": 7200,
        "random_perturbations_order": false,
        "random_state": 4426,
        "verbose": false
    },
    "random_state": 4426,
    "process_time": 3192.5625,
    "time_time": 3193.084562778473,
    "target_noise": 0.0,
    "feature_noise": 0.0,
    "true_model": " I_0*(sin(alpha/2)*sin(n*delta/2)/(alpha/2*sin(delta/2)))**2",
    "model_size": 59,
    "symbolic_model": "0.13747281*x0*x1*cos(x1 + x2*x3)/(0.5 - x2) - 0.22293513*x0*sin(x2) + 2.96103785*x0*x3/(x2*(x1 + x3)) - 1.18792458*x0*cos(x2*x3)/x2 + 0.05774504",
    "mse_train": 0.006540161660040131,
    "mae_train": 0.058332332047279944,
    "r2_train": 0.9939987408605647,
    "mse_test": 0.006533552558951746,
    "mae_test": 0.05785039781151238,
    "r2_test": 0.993942059123371
}