{
    "dataset": "feynman_test_11",
    "algorithm": "RILSROLSRegressor",
    "params": {
        "complexity_penalty": 0.001,
        "error_tolerance": 1e-16,
        "fitness_type": "FitnessType.BIC",
        "initial_sample_size": 0.01,
        "max_fit_calls": 1000000,
        "max_seconds": 7200,
        "random_perturbations_order": false,
        "random_state": 16850,
        "verbose": false
    },
    "random_state": 16850,
    "process_time": 3343.0625,
    "time_time": 3343.285868883133,
    "target_noise": 0.0,
    "feature_noise": 0.0,
    "true_model": " I_0*(sin(alpha/2)*sin(n*delta/2)/(alpha/2*sin(delta/2)))**2",
    "model_size": 26,
    "symbolic_model": "x0*(0.2243345*x1*x2 - 0.7838719*x1 - 0.41556498*x2*x3**2 + 2.71557307*x3 - 0.56084646)",
    "mse_train": 0.015570961264893327,
    "mae_train": 0.08750875450365045,
    "r2_train": 0.985482475470032,
    "mse_test": 0.016265042008165916,
    "mae_test": 0.08769335333199278,
    "r2_test": 0.9849452194291692
}