{
    "dataset": "feynman_II_38_3",
    "algorithm": "RILSROLSRegressor",
    "params": {
        "complexity_penalty": 0.001,
        "error_tolerance": 1e-16,
        "max_fit_calls": 1000000,
        "max_seconds": 7200,
        "random_state": 14423
    },
    "random_state": 14423,
    "process_time": 4.09375,
    "time_time": 4.1020355224609375,
    "target_noise": 0.0,
    "feature_noise": 0.0,
    "true_model": " Y*A*x/d",
    "model_size": 10,
    "symbolic_model": "x0*x1*x3/x2",
    "mse_train": 1.5433333606162977e-29,
    "mae_train": 2.2007784483690783e-15,
    "r2_train": 1.0,
    "mse_test": 1.6016642812573537e-29,
    "mae_test": 2.2022117462938696e-15,
    "r2_test": 1.0
}