{
    "dataset": "feynman_II_38_3",
    "algorithm": "RILSROLSRegressor",
    "params": {
        "complexity_penalty": 0.001,
        "error_tolerance": 1e-16,
        "max_fit_calls": 1000000,
        "max_seconds": 7200,
        "random_state": 21962
    },
    "random_state": 21962,
    "process_time": 4.03125,
    "time_time": 4.044999837875366,
    "target_noise": 0.0,
    "feature_noise": 0.0,
    "true_model": " Y*A*x/d",
    "model_size": 10,
    "symbolic_model": "x0*x1*x3/x2",
    "mse_train": 1.5037808300897685e-29,
    "mae_train": 2.14439577206349e-15,
    "r2_train": 1.0,
    "mse_test": 1.514238315376024e-29,
    "mae_test": 2.1642443392977385e-15,
    "r2_test": 1.0
}