{
    "dataset": "feynman_II_38_3",
    "algorithm": "RILSROLSRegressor",
    "params": {
        "complexity_penalty": 0.001,
        "error_tolerance": 1e-16,
        "max_fit_calls": 1000000,
        "max_seconds": 7200,
        "random_state": 5390
    },
    "random_state": 5390,
    "process_time": 2445.859375,
    "time_time": 2446.3649077415466,
    "target_noise": 0.001,
    "feature_noise": 0.0,
    "true_model": " Y*A*x/d",
    "model_size": 10,
    "symbolic_model": "x0*x1*x3/x2",
    "mse_train": 0.00021336469784592586,
    "mae_train": 0.01166383486096243,
    "r2_train": 0.9999978158060344,
    "mse_test": 1.52774617787135e-29,
    "mae_test": 2.1855783849389353e-15,
    "r2_test": 1.0
}