{
    "dataset": "feynman_II_38_3",
    "algorithm": "RILSROLSRegressor",
    "params": {
        "complexity_penalty": 0.001,
        "error_tolerance": 1e-16,
        "max_fit_calls": 1000000,
        "max_seconds": 7200,
        "random_state": 16850
    },
    "random_state": 16850,
    "process_time": 2304.859375,
    "time_time": 2306.1216673851013,
    "target_noise": 0.01,
    "feature_noise": 0.0,
    "true_model": " Y*A*x/d",
    "model_size": 10,
    "symbolic_model": "x0*x1*x3/x2",
    "mse_train": 0.021707764057648057,
    "mae_train": 0.1178385735465582,
    "r2_train": 0.9997717692066401,
    "mse_test": 1.5869121139435582e-29,
    "mae_test": 2.2029134072454325e-15,
    "r2_test": 1.0
}