{
    "dataset": "feynman_II_38_3",
    "algorithm": "RILSROLSRegressor",
    "params": {
        "complexity_penalty": 0.001,
        "error_tolerance": 1e-16,
        "max_fit_calls": 1000000,
        "max_seconds": 7200,
        "random_state": 23654
    },
    "random_state": 23654,
    "process_time": 2001.4375,
    "time_time": 2002.5839993953705,
    "target_noise": 0.001,
    "feature_noise": 0.0,
    "true_model": " Y*A*x/d",
    "model_size": 10,
    "symbolic_model": "x0*x1*x3/x2",
    "mse_train": 0.00021873415568995317,
    "mae_train": 0.011827884044698323,
    "r2_train": 0.9999977953500131,
    "mse_test": 1.5094499420072844e-29,
    "mae_test": 2.1670665262263357e-15,
    "r2_test": 1.0
}