{
    "dataset": "feynman_I_30_5",
    "algorithm": "RILSROLSRegressor",
    "params": {
        "complexity_penalty": 0.001,
        "error_tolerance": 1e-16,
        "max_fit_calls": 1000000,
        "max_seconds": 7200,
        "random_state": 28020
    },
    "random_state": 28020,
    "process_time": 2936.125,
    "time_time": 4512.702256679535,
    "target_noise": 0.001,
    "feature_noise": 0.0,
    "true_model": " arcsin(lambd/(n*d))",
    "model_size": 14,
    "symbolic_model": "1.05526064*x0/(x1*x2) - 0.00757454",
    "mse_train": 3.082987773092729e-05,
    "mae_train": 0.0027078609106609614,
    "r2_train": 0.9978792963904443,
    "mse_test": 3.489861525855024e-05,
    "mae_test": 0.0027151065069347634,
    "r2_test": 0.997587761175725
}