{
    "dataset": "feynman_I_30_5",
    "algorithm": "RILSROLSRegressor",
    "params": {
        "complexity_penalty": 0.001,
        "error_tolerance": 1e-16,
        "max_fit_calls": 1000000,
        "max_seconds": 7200,
        "random_state": 28020
    },
    "random_state": 28020,
    "process_time": 2022.515625,
    "time_time": 2024.0779967308044,
    "target_noise": 0.0,
    "feature_noise": 0.0,
    "true_model": " arcsin(lambd/(n*d))",
    "model_size": 14,
    "symbolic_model": "1.05508621*x0/(x1*x2) - 0.00754108",
    "mse_train": 3.0838516781314856e-05,
    "mae_train": 0.002696995068208475,
    "r2_train": 0.9978785708163427,
    "mse_test": 3.4921022681856366e-05,
    "mae_test": 0.0027059297994246868,
    "r2_test": 0.9975862123447456
}