{
    "dataset": "feynman_I_30_5",
    "algorithm": "RILSROLSRegressor",
    "params": {
        "complexity_penalty": 0.001,
        "error_tolerance": 1e-16,
        "max_fit_calls": 1000000,
        "max_seconds": 7200,
        "random_state": 15795
    },
    "random_state": 15795,
    "process_time": 1963.140625,
    "time_time": 1963.8883061408997,
    "target_noise": 0.01,
    "feature_noise": 0.0,
    "true_model": " arcsin(lambd/(n*d))",
    "model_size": 14,
    "symbolic_model": "1.05705605*x0/(x1*x2) - 0.00714264",
    "mse_train": 3.3772240385260804e-05,
    "mae_train": 0.00327367630021208,
    "r2_train": 0.9976059131437771,
    "mse_test": 3.577180119331106e-05,
    "mae_test": 0.0028565875002161656,
    "r2_test": 0.9975325130296937
}