{
    "dataset": "feynman_I_30_5",
    "algorithm": "RILSROLSRegressor",
    "params": {
        "complexity_penalty": 0.001,
        "error_tolerance": 1e-16,
        "max_fit_calls": 1000000,
        "max_seconds": 7200,
        "random_state": 28020
    },
    "random_state": 28020,
    "process_time": 2347.75,
    "time_time": 2397.973307132721,
    "target_noise": 0.01,
    "feature_noise": 0.0,
    "true_model": " arcsin(lambd/(n*d))",
    "model_size": 14,
    "symbolic_model": "1.05683052*x0/(x1*x2) - 0.00787575",
    "mse_train": 3.533196204331744e-05,
    "mae_train": 0.0032820560259217368,
    "r2_train": 0.9975717242266033,
    "mse_test": 3.473228569700838e-05,
    "mae_test": 0.002799055425055522,
    "r2_test": 0.9975992580968207
}