{
    "dataset": "feynman_I_30_5",
    "algorithm": "RILSROLSRegressor",
    "params": {
        "complexity_penalty": 0.001,
        "error_tolerance": 1e-16,
        "max_fit_calls": 1000000,
        "max_seconds": 7200,
        "random_state": 16850
    },
    "random_state": 16850,
    "process_time": 1863.078125,
    "time_time": 1863.1709632873535,
    "target_noise": 0.0,
    "feature_noise": 0.0,
    "true_model": " arcsin(lambd/(n*d))",
    "model_size": 14,
    "symbolic_model": "0.8926168*x0/(x1*x2 - 0.5) + 0.00885306",
    "mse_train": 2.9559785835367596e-05,
    "mae_train": 0.003001191814526621,
    "r2_train": 0.9979169627367995,
    "mse_test": 3.148499022882188e-05,
    "mae_test": 0.0030293153162408385,
    "r2_test": 0.9977866655626315
}