{
    "dataset": "feynman_I_30_5",
    "algorithm": "RILSROLSRegressor",
    "params": {
        "complexity_penalty": 0.001,
        "error_tolerance": 1e-16,
        "max_fit_calls": 1000000,
        "max_seconds": 7200,
        "random_state": 16850
    },
    "random_state": 16850,
    "process_time": 2103.953125,
    "time_time": 2104.87872338295,
    "target_noise": 0.01,
    "feature_noise": 0.0,
    "true_model": " arcsin(lambd/(n*d))",
    "model_size": 14,
    "symbolic_model": "0.9257365*x0/(x1*x2 - 0.41614684) + 0.00512361",
    "mse_train": 2.7392084486930386e-05,
    "mae_train": 0.0031098626214801756,
    "r2_train": 0.9980705428696397,
    "mse_test": 2.417290694423941e-05,
    "mae_test": 0.0023176524343706604,
    "r2_test": 0.9983006909958634
}