{
    "dataset": "feynman_I_30_5",
    "algorithm": "RILSROLSRegressor",
    "params": {
        "complexity_penalty": 0.001,
        "error_tolerance": 1e-16,
        "max_fit_calls": 1000000,
        "max_seconds": 7200,
        "random_state": 23654
    },
    "random_state": 23654,
    "process_time": 1950.1875,
    "time_time": 1954.2357380390167,
    "target_noise": 0.01,
    "feature_noise": 0.0,
    "true_model": " arcsin(lambd/(n*d))",
    "model_size": 14,
    "symbolic_model": "1.03961004*x0/(x1*x2) - 0.00505372",
    "mse_train": 5.125947204180078e-05,
    "mae_train": 0.002919985674171461,
    "r2_train": 0.9965502814991233,
    "mse_test": 3.4753618675697516e-05,
    "mae_test": 0.0019954897333552394,
    "r2_test": 0.9975572377627803
}