{
    "dataset": "feynman_I_26_2",
    "algorithm": "RILSROLSRegressor",
    "params": {
        "complexity_penalty": 0.001,
        "error_tolerance": 1e-16,
        "fitness_type": "FitnessType.BIC",
        "initial_sample_size": 0.01,
        "max_fit_calls": 1000000,
        "max_seconds": 7200,
        "random_perturbations_order": false,
        "random_state": 15795,
        "verbose": false
    },
    "random_state": 15795,
    "process_time": 1998.78125,
    "time_time": 1998.983808040619,
    "target_noise": 0.001,
    "feature_noise": 0.0,
    "true_model": " arcsin(n*sin(theta2))",
    "model_size": 12,
    "symbolic_model": "1.49725416*x0**x0*sin(x0)*sin(x1)",
    "mse_train": 0.0007002737592050947,
    "mae_train": 0.016198862151541496,
    "r2_train": 0.9971859791987805,
    "mse_test": 0.0007025626260180797,
    "mae_test": 0.016186337211654443,
    "r2_test": 0.9971895110206671
}