{
    "dataset": "feynman_I_26_2",
    "algorithm": "RILSROLSRegressor",
    "params": {
        "complexity_penalty": 0.001,
        "error_tolerance": 1e-16,
        "fitness_type": "FitnessType.BIC",
        "initial_sample_size": 0.01,
        "max_fit_calls": 1000000,
        "max_seconds": 7200,
        "random_perturbations_order": false,
        "random_state": 16850,
        "verbose": false
    },
    "random_state": 16850,
    "process_time": 2296.734375,
    "time_time": 2296.9806458950043,
    "target_noise": 0.0,
    "feature_noise": 0.0,
    "true_model": " arcsin(n*sin(theta2))",
    "model_size": 30,
    "symbolic_model": "(0.1474153*x0**3*sin(x1)**2 + 0.98596101*x0 + 0.0128995*x0/cos(x0*sin(x1))**5)*sin(x1)",
    "mse_train": 7.393157427969126e-06,
    "mae_train": 0.000355795083027055,
    "r2_train": 0.9999708077443415,
    "mse_test": 7.897226971824755e-06,
    "mae_test": 0.00035446794857797476,
    "r2_test": 0.9999683377940416
}