{
    "dataset": "feynman_II_10_9",
    "algorithm": "RILSROLSRegressor",
    "params": {
        "complexity_penalty": 0.001,
        "error_tolerance": 1e-16,
        "max_fit_calls": 1000000,
        "max_seconds": 7200,
        "random_state": 23654
    },
    "random_state": 23654,
    "process_time": 5.46875,
    "time_time": 5.457000017166138,
    "target_noise": 0.0,
    "feature_noise": 0.0,
    "true_model": " sigma_den/epsilon*1/(1+chi)",
    "model_size": 16,
    "symbolic_model": "-x0/(x1*(-x2 - 1))",
    "mse_train": 9.507690208207858e-33,
    "mae_train": 6.512151928816934e-17,
    "r2_train": 1.0,
    "mse_test": 8.695791328992086e-33,
    "mae_test": 6.346340120089166e-17,
    "r2_test": 1.0
}