{
    "dataset": "feynman_II_10_9",
    "algorithm": "RILSROLSRegressor",
    "params": {
        "complexity_penalty": 0.001,
        "error_tolerance": 1e-16,
        "max_fit_calls": 1000000,
        "max_seconds": 7200,
        "random_state": 14423
    },
    "random_state": 14423,
    "process_time": 2640.84375,
    "time_time": 3132.648195505142,
    "target_noise": 0.01,
    "feature_noise": 0.0,
    "true_model": " sigma_den/epsilon*1/(1+chi)",
    "model_size": 12,
    "symbolic_model": "x0/(x1*(x2 + 1))",
    "mse_train": 1.7003819891196076e-05,
    "mae_train": 0.0032752531853491576,
    "r2_train": 0.999721806299994,
    "mse_test": 8.88786239641588e-33,
    "mae_test": 6.386946527214832e-17,
    "r2_test": 1.0
}