{
    "dataset": "feynman_II_10_9",
    "algorithm": "RILSROLSRegressor",
    "params": {
        "complexity_penalty": 0.001,
        "error_tolerance": 1e-16,
        "max_fit_calls": 1000000,
        "max_seconds": 7200,
        "random_state": 21962
    },
    "random_state": 21962,
    "process_time": 2483.625,
    "time_time": 2490.692706823349,
    "target_noise": 0.01,
    "feature_noise": 0.0,
    "true_model": " sigma_den/epsilon*1/(1+chi)",
    "model_size": 12,
    "symbolic_model": "x0/(x1*(x2 + 1))",
    "mse_train": 1.7019735922794825e-05,
    "mae_train": 0.0032988037169566636,
    "r2_train": 0.9997244929834378,
    "mse_test": 8.779474911005655e-33,
    "mae_test": 6.359746063111515e-17,
    "r2_test": 1.0
}