{
    "dataset": "feynman_II_10_9",
    "algorithm": "RILSROLSRegressor",
    "params": {
        "complexity_penalty": 0.001,
        "error_tolerance": 1e-16,
        "max_fit_calls": 1000000,
        "max_seconds": 7200,
        "random_state": 860
    },
    "random_state": 860,
    "process_time": 1847.125,
    "time_time": 1847.3039801120758,
    "target_noise": 0.001,
    "feature_noise": 0.0,
    "true_model": " sigma_den/epsilon*1/(1+chi)",
    "model_size": 12,
    "symbolic_model": "x0/(x1*(x2 + 1))",
    "mse_train": 1.7322735174930985e-07,
    "mae_train": 0.00033315391059134163,
    "r2_train": 0.9999971948446323,
    "mse_test": 9.018059112516347e-33,
    "mae_test": 6.4208083294659e-17,
    "r2_test": 1.0
}