{
    "dataset": "feynman_I_15_3t",
    "algorithm": "RILSROLSRegressor",
    "params": {
        "complexity_penalty": 0.001,
        "error_tolerance": 1e-16,
        "max_fit_calls": 1000000,
        "max_seconds": 7200,
        "random_state": 21962
    },
    "random_state": 21962,
    "process_time": 2276.6875,
    "time_time": 2276.7851901054382,
    "target_noise": 0.0,
    "feature_noise": 0.0,
    "true_model": " (t-u*x/c**2)/sqrt(1-u**2/c**2)",
    "model_size": 28,
    "symbolic_model": "(-1.12873339*x0*x2 + x1**2*(0.99648482*x3 + 0.00698134) + 0.60911378*x2**2*x3)/x1**2",
    "mse_train": 7.903905094167277e-05,
    "mae_train": 0.005182475419493188,
    "r2_train": 0.9999456226538548,
    "mse_test": 8.064092549033414e-05,
    "mae_test": 0.0051606906724431375,
    "r2_test": 0.9999447756862869
}