{
    "dataset": "feynman_I_15_3t",
    "algorithm": "RILSROLSRegressor",
    "params": {
        "complexity_penalty": 0.001,
        "error_tolerance": 1e-16,
        "max_fit_calls": 1000000,
        "max_seconds": 7200,
        "random_state": 860
    },
    "random_state": 860,
    "process_time": 2346.953125,
    "time_time": 2347.070025205612,
    "target_noise": 0.0,
    "feature_noise": 0.0,
    "true_model": " (t-u*x/c**2)/sqrt(1-u**2/c**2)",
    "model_size": 28,
    "symbolic_model": "(-1.13397354*x0*x2 + x1**2*(0.99541164*x3 + 0.01013112) + 0.61859088*x2**2*x3)/x1**2",
    "mse_train": 7.884450969294511e-05,
    "mae_train": 0.005614664656529133,
    "r2_train": 0.9999455952047168,
    "mse_test": 8.173338106186449e-05,
    "mae_test": 0.005700566534672022,
    "r2_test": 0.9999442925450329
}