{
    "dataset": "feynman_I_15_3t",
    "algorithm": "RILSROLSRegressor",
    "params": {
        "complexity_penalty": 0.001,
        "error_tolerance": 1e-16,
        "max_fit_calls": 1000000,
        "max_seconds": 7200,
        "random_state": 28020
    },
    "random_state": 28020,
    "process_time": 2299.65625,
    "time_time": 2301.631999731064,
    "target_noise": 0.0,
    "feature_noise": 0.0,
    "true_model": " (t-u*x/c**2)/sqrt(1-u**2/c**2)",
    "model_size": 23,
    "symbolic_model": "-1.08034634*x0*x2/x1**2 + 1.00270137*x3/cos(x2/x1)",
    "mse_train": 7.849577940488473e-05,
    "mae_train": 0.004871146584809597,
    "r2_train": 0.9999457516196764,
    "mse_test": 8.354986037223409e-05,
    "mae_test": 0.004913379070194067,
    "r2_test": 0.9999427695902522
}