{
    "dataset": "feynman_I_15_3t",
    "algorithm": "RILSROLSRegressor",
    "params": {
        "complexity_penalty": 0.001,
        "error_tolerance": 1e-16,
        "max_fit_calls": 1000000,
        "max_seconds": 7200,
        "random_state": 4426
    },
    "random_state": 4426,
    "process_time": 2326.359375,
    "time_time": 2329.6411650180817,
    "target_noise": 0.001,
    "feature_noise": 0.0,
    "true_model": " (t-u*x/c**2)/sqrt(1-u**2/c**2)",
    "model_size": 28,
    "symbolic_model": "(-1.1286325*x0*x2 + x1**2*(0.9957833*x3 + 0.00871514) + 0.61368577*x2**2*x3)/x1**2",
    "mse_train": 9.313757598855457e-05,
    "mae_train": 0.005976648231779262,
    "r2_train": 0.9999362098195225,
    "mse_test": 7.556013503012726e-05,
    "mae_test": 0.005358109540912326,
    "r2_test": 0.999948316503128
}