{
    "dataset": "feynman_I_15_3t",
    "algorithm": "RILSROLSRegressor",
    "params": {
        "complexity_penalty": 0.001,
        "error_tolerance": 1e-16,
        "max_fit_calls": 1000000,
        "max_seconds": 7200,
        "random_state": 21962
    },
    "random_state": 21962,
    "process_time": 2225.125,
    "time_time": 2225.548694372177,
    "target_noise": 0.01,
    "feature_noise": 0.0,
    "true_model": " (t-u*x/c**2)/sqrt(1-u**2/c**2)",
    "model_size": 26,
    "symbolic_model": "(-1.08732132*x0*x2 + 0.99702753*x1**2*x3 + 0.68142205*x2**x2*x3)/x1**2",
    "mse_train": 0.001244854694713552,
    "mae_train": 0.028030139897413393,
    "r2_train": 0.9991447375913178,
    "mse_test": 0.00019642456053914082,
    "mae_test": 0.009698493078722323,
    "r2_test": 0.9998654850314996
}