{
    "dataset": "feynman_I_15_3t",
    "algorithm": "RILSROLSRegressor",
    "params": {
        "complexity_penalty": 0.001,
        "error_tolerance": 1e-16,
        "max_fit_calls": 1000000,
        "max_seconds": 7200,
        "random_state": 14423
    },
    "random_state": 14423,
    "process_time": 2411.890625,
    "time_time": 2416.5778424739838,
    "target_noise": 0.0,
    "feature_noise": 0.0,
    "true_model": " (t-u*x/c**2)/sqrt(1-u**2/c**2)",
    "model_size": 26,
    "symbolic_model": "(-1.14932275*x0*x2 + 0.99757982*x1**2*x3 + 0.61769119*x2**2*x3)/x1**2",
    "mse_train": 0.000123772394002732,
    "mae_train": 0.007759630785487195,
    "r2_train": 0.9999161624506744,
    "mse_test": 0.00011525750561770383,
    "mae_test": 0.007638838585063584,
    "r2_test": 0.9999215085788163
}