{
    "dataset": "feynman_I_15_3t",
    "algorithm": "RILSROLSRegressor",
    "params": {
        "complexity_penalty": 0.001,
        "error_tolerance": 1e-16,
        "max_fit_calls": 1000000,
        "max_seconds": 7200,
        "random_state": 21962
    },
    "random_state": 21962,
    "process_time": 1940.625,
    "time_time": 1941.54039311409,
    "target_noise": 0.1,
    "feature_noise": 0.0,
    "true_model": " (t-u*x/c**2)/sqrt(1-u**2/c**2)",
    "model_size": 8,
    "symbolic_model": "-0.04958675*x0 + 1.03333152*x3",
    "mse_train": 0.11056729720455578,
    "mae_train": 0.264797208953906,
    "r2_train": 0.9294440232274582,
    "mse_test": 0.0070136617887099325,
    "mae_test": 0.053384876614702086,
    "r2_test": 0.9951969219531867
}